[
    {
        "pk": "d6ce50b15e6e000006931b91105d6b05", 
        "model": "sessions.session", 
        "fields": {
            "expire_date": "2010-10-03 08:47:43", 
            "session_data": "gAJ9cQEoVRJfYXV0aF91c2VyX2JhY2tlbmRxAlUpZGphbmdvLmNvbnRyaWIuYXV0aC5iYWNrZW5k\ncy5Nb2RlbEJhY2tlbmRxA1UNX2F1dGhfdXNlcl9pZHEESw11LmM3MGM5Yzg1MWEwZmU2YmQwMmUw\nMzY2YTQ0ZTcyMDJl\n"
        }
    }, 
    {
        "pk": "8a302478cca680843d23cf0686cf695f", 
        "model": "sessions.session", 
        "fields": {
            "expire_date": "2010-10-03 10:02:54", 
            "session_data": "gAJ9cQEoVRJfYXV0aF91c2VyX2JhY2tlbmRxAlUpZGphbmdvLmNvbnRyaWIuYXV0aC5iYWNrZW5k\ncy5Nb2RlbEJhY2tlbmRxA1UNX2F1dGhfdXNlcl9pZHEESw11LmM3MGM5Yzg1MWEwZmU2YmQwMmUw\nMzY2YTQ0ZTcyMDJl\n"
        }
    }, 
    {
        "pk": "ca420f4c9669a7c9e4ed569262311b73", 
        "model": "sessions.session", 
        "fields": {
            "expire_date": "2010-10-03 08:54:05", 
            "session_data": "gAJ9cQEoVRJfYXV0aF91c2VyX2JhY2tlbmRxAlUpZGphbmdvLmNvbnRyaWIuYXV0aC5iYWNrZW5k\ncy5Nb2RlbEJhY2tlbmRxA1UNX2F1dGhfdXNlcl9pZHEESw11LmM3MGM5Yzg1MWEwZmU2YmQwMmUw\nMzY2YTQ0ZTcyMDJl\n"
        }
    }, 
    {
        "pk": "00a1d97638927e8aeb9e2ea0f1416c3c", 
        "model": "sessions.session", 
        "fields": {
            "expire_date": "2010-10-03 08:58:15", 
            "session_data": "gAJ9cQEoVRJfYXV0aF91c2VyX2JhY2tlbmRxAlUpZGphbmdvLmNvbnRyaWIuYXV0aC5iYWNrZW5k\ncy5Nb2RlbEJhY2tlbmRxA1UNX2F1dGhfdXNlcl9pZHEESwF1LmM0NWRiMjNmZWI5OWQ5NTU4ZmIx\nMjEzMDFkOTcyMDUz\n"
        }
    }, 
    {
        "pk": "e6cbb85b34e0a752319a3c9ca90db2a6", 
        "model": "sessions.session", 
        "fields": {
            "expire_date": "2010-10-03 09:14:35", 
            "session_data": "gAJ9cQEoVRJfYXV0aF91c2VyX2JhY2tlbmRxAlUpZGphbmdvLmNvbnRyaWIuYXV0aC5iYWNrZW5k\ncy5Nb2RlbEJhY2tlbmRxA1UNX2F1dGhfdXNlcl9pZHEESw11LmM3MGM5Yzg1MWEwZmU2YmQwMmUw\nMzY2YTQ0ZTcyMDJl\n"
        }
    }, 
    {
        "pk": 1, 
        "model": "sites.site", 
        "fields": {
            "domain": "example.com", 
            "name": "example.com"
        }
    }, 
    {
        "pk": 5, 
        "model": "grade_approved.approvedgrade", 
        "fields": {
            "approved": true
        }
    }, 
    {
        "pk": 4, 
        "model": "grade_default.charfieldgrade", 
        "fields": {
            "grade": "A"
        }
    }, 
    {
        "pk": 1, 
        "model": "grade_rstschema.rstschemadefinition", 
        "fields": {
            "let_students_see_schema": false, 
            "schemadef": "Have the student delivered all required files?\r\n\r\n.. field:: no/yes\r\n    :default: no\r\n\r\nHow do you rate the quality of the assignment?\r\n\r\n.. field:: 0-9\r\n"
        }
    }, 
    {
        "pk": 3, 
        "model": "grade_rstschema.rstschemadefinition", 
        "fields": {
            "let_students_see_schema": false, 
            "schemadef": "Is the student hard to wake from sleep?\r\n\r\n.. field:: no/yes\r\n    :default: no\r\n\r\nHow would you rate the excuses provided by the student when asked to do some work?\r\n\r\n.. field:: 1-10"
        }
    }, 
    {
        "pk": 23, 
        "model": "grade_rstschema.rstschemadefinition", 
        "fields": {
            "let_students_see_schema": false, 
            "schemadef": "\r\nIs kick.py approved?\r\n\r\n.. field:: no/yes\r\n    :default: yes\r\n\r\nIs Gaussian_function1.py approved?\r\n\r\n.. field:: no/yes\r\n    :default: yes\r\n"
        }
    }, 
    {
        "pk": 24, 
        "model": "grade_rstschema.rstschemadefinition", 
        "fields": {
            "let_students_see_schema": false, 
            "schemadef": "Is ball_table2.py approved?\r\n\r\n.. field:: no/yes\r\n    :default: yes\r\n\r\nIs ball_table3.py approved?\r\n\r\n.. field:: no/yes\r\n    :default: yes\r\n\r\nIs compute_sum_while.py approved?\r\n\r\n.. field:: no/yes\r\n    :default: yes\r\n"
        }
    }, 
    {
        "pk": 2, 
        "model": "grade_rstschema.rstschemagrade", 
        "fields": {
            "schema": "Is the student hard to wake from sleep? [no/yes]\n[[[ no ]]]\n\nHow would you rate the excuses provided by the student when asked to do some work? [1-10]\n[[[ 2 ]]]"
        }
    }, 
    {
        "pk": 3, 
        "model": "grade_rstschema.rstschemagrade", 
        "fields": {
            "schema": "Is the student hard to wake from sleep? [no/yes]\n[[[ yes ]]]\n\nHow would you rate the excuses provided by the student when asked to do some work? [1-10]\n[[[ 9 ]]]"
        }
    }, 
    {
        "pk": 6, 
        "model": "grade_rstschema.rstschemagrade", 
        "fields": {
            "schema": "Is the student hard to wake from sleep? [no/yes]\n[[[ no ]]]\n\nHow would you rate the excuses provided by the student when asked to do some work? [1-10]\n[[[ 1 ]]]"
        }
    }, 
    {
        "pk": 7, 
        "model": "grade_rstschema.rstschemagrade", 
        "fields": {
            "schema": "Is the student hard to wake from sleep? [no/yes]\n[[[ yes ]]]\n\nHow would you rate the excuses provided by the student when asked to do some work? [1-10]\n[[[ 2 ]]]"
        }
    }, 
    {
        "pk": 8, 
        "model": "grade_rstschema.rstschemagrade", 
        "fields": {
            "schema": "Is the student hard to wake from sleep? [no/yes]\n[[[ yes ]]]\n\nHow would you rate the excuses provided by the student when asked to do some work? [1-10]\n[[[ 6 ]]]"
        }
    }, 
    {
        "pk": 9, 
        "model": "grade_rstschema.rstschemagrade", 
        "fields": {
            "schema": "Is the student hard to wake from sleep? [no/yes]\n[[[ yes ]]]\n\nHow would you rate the excuses provided by the student when asked to do some work? [1-10]\n[[[ 2 ]]]"
        }
    }, 
    {
        "pk": 10, 
        "model": "grade_rstschema.rstschemagrade", 
        "fields": {
            "schema": "Have the student delivered all required files? [no/yes]\n[[[ no ]]]\n\nHow do you rate the quality of the assignment? [0-9]\n[[[ 0 ]]]\n"
        }
    }, 
    {
        "pk": 21, 
        "model": "contenttypes.contenttype", 
        "fields": {
            "model": "assignment", 
            "name": "Assignment", 
            "app_label": "core"
        }
    }, 
    {
        "pk": 24, 
        "model": "contenttypes.contenttype", 
        "fields": {
            "model": "deadline", 
            "name": "Deadline", 
            "app_label": "core"
        }
    }, 
    {
        "pk": 25, 
        "model": "contenttypes.contenttype", 
        "fields": {
            "model": "delivery", 
            "name": "Delivery", 
            "app_label": "core"
        }
    }, 
    {
        "pk": 27, 
        "model": "contenttypes.contenttype", 
        "fields": {
            "model": "filemeta", 
            "name": "FileMeta", 
            "app_label": "core"
        }
    }, 
    {
        "pk": 18, 
        "model": "contenttypes.contenttype", 
        "fields": {
            "model": "node", 
            "name": "Node", 
            "app_label": "core"
        }
    }, 
    {
        "pk": 20, 
        "model": "contenttypes.contenttype", 
        "fields": {
            "model": "period", 
            "name": "Period", 
            "app_label": "core"
        }
    }, 
    {
        "pk": 19, 
        "model": "contenttypes.contenttype", 
        "fields": {
            "model": "subject", 
            "name": "Subject", 
            "app_label": "core"
        }
    }, 
    {
        "pk": 4, 
        "model": "contenttypes.contenttype", 
        "fields": {
            "model": "approvedgrade", 
            "name": "approved grade", 
            "app_label": "grade_approved"
        }
    }, 
    {
        "pk": 23, 
        "model": "contenttypes.contenttype", 
        "fields": {
            "model": "assignmentgroup", 
            "name": "assignment group", 
            "app_label": "core"
        }
    }, 
    {
        "pk": 22, 
        "model": "contenttypes.contenttype", 
        "fields": {
            "model": "candidate", 
            "name": "candidate", 
            "app_label": "core"
        }
    }, 
    {
        "pk": 5, 
        "model": "contenttypes.contenttype", 
        "fields": {
            "model": "charfieldgrade", 
            "name": "char field grade", 
            "app_label": "grade_default"
        }
    }, 
    {
        "pk": 16, 
        "model": "contenttypes.contenttype", 
        "fields": {
            "model": "contenttype", 
            "name": "content type", 
            "app_label": "contenttypes"
        }
    }, 
    {
        "pk": 7, 
        "model": "contenttypes.contenttype", 
        "fields": {
            "model": "entry", 
            "name": "entry", 
            "app_label": "grade_schema"
        }
    }, 
    {
        "pk": 26, 
        "model": "contenttypes.contenttype", 
        "fields": {
            "model": "feedback", 
            "name": "feedback", 
            "app_label": "core"
        }
    }, 
    {
        "pk": 17, 
        "model": "contenttypes.contenttype", 
        "fields": {
            "model": "grademodel", 
            "name": "grade model", 
            "app_label": "core"
        }
    }, 
    {
        "pk": 13, 
        "model": "contenttypes.contenttype", 
        "fields": {
            "model": "group", 
            "name": "group", 
            "app_label": "auth"
        }
    }, 
    {
        "pk": 3, 
        "model": "contenttypes.contenttype", 
        "fields": {
            "model": "logentry", 
            "name": "log entry", 
            "app_label": "admin"
        }
    }, 
    {
        "pk": 15, 
        "model": "contenttypes.contenttype", 
        "fields": {
            "model": "message", 
            "name": "message", 
            "app_label": "auth"
        }
    }, 
    {
        "pk": 12, 
        "model": "contenttypes.contenttype", 
        "fields": {
            "model": "permission", 
            "name": "permission", 
            "app_label": "auth"
        }
    }, 
    {
        "pk": 9, 
        "model": "contenttypes.contenttype", 
        "fields": {
            "model": "result", 
            "name": "result", 
            "app_label": "grade_schema"
        }
    }, 
    {
        "pk": 10, 
        "model": "contenttypes.contenttype", 
        "fields": {
            "model": "rstschemadefinition", 
            "name": "rst schema definition", 
            "app_label": "grade_rstschema"
        }
    }, 
    {
        "pk": 11, 
        "model": "contenttypes.contenttype", 
        "fields": {
            "model": "rstschemagrade", 
            "name": "rst schema grade", 
            "app_label": "grade_rstschema"
        }
    }, 
    {
        "pk": 6, 
        "model": "contenttypes.contenttype", 
        "fields": {
            "model": "schemagrade", 
            "name": "schema grade", 
            "app_label": "grade_schema"
        }
    }, 
    {
        "pk": 8, 
        "model": "contenttypes.contenttype", 
        "fields": {
            "model": "schemagraderesults", 
            "name": "schema grade results", 
            "app_label": "grade_schema"
        }
    }, 
    {
        "pk": 1, 
        "model": "contenttypes.contenttype", 
        "fields": {
            "model": "session", 
            "name": "session", 
            "app_label": "sessions"
        }
    }, 
    {
        "pk": 2, 
        "model": "contenttypes.contenttype", 
        "fields": {
            "model": "site", 
            "name": "site", 
            "app_label": "sites"
        }
    }, 
    {
        "pk": 14, 
        "model": "contenttypes.contenttype", 
        "fields": {
            "model": "user", 
            "name": "user", 
            "app_label": "auth"
        }
    }, 
    {
        "pk": 1, 
        "model": "core.grademodel", 
        "fields": {}
    }, 
    {
        "pk": 2, 
        "model": "core.grademodel", 
        "fields": {}
    }, 
    {
        "pk": 3, 
        "model": "core.grademodel", 
        "fields": {}
    }, 
    {
        "pk": 4, 
        "model": "core.grademodel", 
        "fields": {}
    }, 
    {
        "pk": 5, 
        "model": "core.grademodel", 
        "fields": {}
    }, 
    {
        "pk": 6, 
        "model": "core.grademodel", 
        "fields": {}
    }, 
    {
        "pk": 7, 
        "model": "core.grademodel", 
        "fields": {}
    }, 
    {
        "pk": 8, 
        "model": "core.grademodel", 
        "fields": {}
    }, 
    {
        "pk": 9, 
        "model": "core.grademodel", 
        "fields": {}
    }, 
    {
        "pk": 10, 
        "model": "core.grademodel", 
        "fields": {}
    }, 
    {
        "pk": 1, 
        "model": "core.node", 
        "fields": {
            "long_name": "UiO", 
            "admins": [], 
            "parentnode": null, 
            "short_name": "uio"
        }
    }, 
    {
        "pk": 2, 
        "model": "core.node", 
        "fields": {
            "long_name": "Duckburgh Highschool", 
            "admins": [], 
            "parentnode": 1, 
            "short_name": "high"
        }
    }, 
    {
        "pk": 3, 
        "model": "core.node", 
        "fields": {
            "long_name": "Duckburgh Junior", 
            "admins": [], 
            "parentnode": 1, 
            "short_name": "junior"
        }
    }, 
    {
        "pk": 4, 
        "model": "core.node", 
        "fields": {
            "long_name": "Duckburgh Preschool", 
            "admins": [], 
            "parentnode": 1, 
            "short_name": "pre"
        }
    }, 
    {
        "pk": 5, 
        "model": "core.node", 
        "fields": {
            "long_name": "Duckburgh College", 
            "admins": [], 
            "parentnode": 1, 
            "short_name": "college"
        }
    }, 
    {
        "pk": 1, 
        "model": "core.subject", 
        "fields": {
            "long_name": "Tull 101", 
            "admins": [], 
            "parentnode": 1, 
            "short_name": "tull101"
        }
    }, 
    {
        "pk": 2, 
        "model": "core.subject", 
        "fields": {
            "long_name": "MONEY101 - Introduction to making money and beeing greedy", 
            "admins": [
                10
            ], 
            "parentnode": 5, 
            "short_name": "money101"
        }
    }, 
    {
        "pk": 3, 
        "model": "core.subject", 
        "fields": {
            "long_name": "LAZY202- More methods for lazy people", 
            "admins": [
                5, 
                9
            ], 
            "parentnode": 5, 
            "short_name": "lazy202"
        }
    }, 
    {
        "pk": 4, 
        "model": "core.subject", 
        "fields": {
            "long_name": "LAZY303 - Advanced methods for lazy people", 
            "admins": [
                5
            ], 
            "parentnode": 5, 
            "short_name": "lazy303"
        }
    }, 
    {
        "pk": 5, 
        "model": "core.subject", 
        "fields": {
            "long_name": "Making laziness into an art", 
            "admins": [
                9
            ], 
            "parentnode": 5, 
            "short_name": "lazy404"
        }
    }, 
    {
        "pk": 6, 
        "model": "core.subject", 
        "fields": {
            "long_name": "Advanced Greed", 
            "admins": [
                10
            ], 
            "parentnode": 5, 
            "short_name": "money203"
        }
    }, 
    {
        "pk": 7, 
        "model": "core.subject", 
        "fields": {
            "long_name": "Making money", 
            "admins": [
                10
            ], 
            "parentnode": 5, 
            "short_name": "money303"
        }
    }, 
    {
        "pk": 8, 
        "model": "core.subject", 
        "fields": {
            "long_name": "MONEY404 - Investing money", 
            "admins": [
                10
            ], 
            "parentnode": 5, 
            "short_name": "money404"
        }
    }, 
    {
        "pk": 9, 
        "model": "core.subject", 
        "fields": {
            "long_name": "MONEY505 - Mastering not using money", 
            "admins": [
                10
            ], 
            "parentnode": 5, 
            "short_name": "money505"
        }
    }, 
    {
        "pk": 10, 
        "model": "core.subject", 
        "fields": {
            "long_name": "INF1100 - Introduction to programming Python", 
            "admins": [], 
            "parentnode": 5, 
            "short_name": "inf1100"
        }
    }, 
    {
        "pk": 11, 
        "model": "core.subject", 
        "fields": {
            "long_name": "INF1060 - Introduction to Operating Systems and Networks", 
            "admins": [], 
            "parentnode": 5, 
            "short_name": "inf1060"
        }
    }, 
    {
        "pk": 12, 
        "model": "core.subject", 
        "fields": {
            "long_name": "INF2100 - Programming project", 
            "admins": [], 
            "parentnode": 5, 
            "short_name": "inf2100"
        }
    }, 
    {
        "pk": 13, 
        "model": "core.subject", 
        "fields": {
            "long_name": "INF1000 - Introduction to object-oriented programming", 
            "admins": [], 
            "parentnode": 5, 
            "short_name": "inf1000"
        }
    }, 
    {
        "pk": 1, 
        "model": "core.period", 
        "fields": {
            "short_name": "21century", 
            "start_time": "2000-01-01 00:00:00", 
            "parentnode": 1, 
            "long_name": "The 21 century", 
            "admins": [], 
            "end_time": "2999-12-31 23:59:00"
        }
    }, 
    {
        "pk": 2, 
        "model": "core.period", 
        "fields": {
            "short_name": "from2010", 
            "start_time": "2010-08-03 12:00:00", 
            "parentnode": 2, 
            "long_name": "From 2010 to 2210", 
            "admins": [], 
            "end_time": "2210-08-10 12:00:00"
        }
    }, 
    {
        "pk": 3, 
        "model": "core.period", 
        "fields": {
            "short_name": "spring08", 
            "start_time": "2008-01-01 00:00:00", 
            "parentnode": 1, 
            "long_name": "String 2008", 
            "admins": [], 
            "end_time": "2010-06-15 00:00:00"
        }
    }, 
    {
        "pk": 4, 
        "model": "core.period", 
        "fields": {
            "short_name": "spring08", 
            "start_time": "2008-01-01 00:00:00", 
            "parentnode": 2, 
            "long_name": "Spring 2008", 
            "admins": [], 
            "end_time": "2010-06-15 00:00:00"
        }
    }, 
    {
        "pk": 5, 
        "model": "core.period", 
        "fields": {
            "short_name": "fall07", 
            "start_time": "2007-08-01 00:00:00", 
            "parentnode": 1, 
            "long_name": "Fall 2007", 
            "admins": [], 
            "end_time": "2007-11-29 00:00:00"
        }
    }, 
    {
        "pk": 6, 
        "model": "core.period", 
        "fields": {
            "short_name": "spring07", 
            "start_time": "2007-01-01 12:00:00", 
            "parentnode": 1, 
            "long_name": "Spring 2007", 
            "admins": [], 
            "end_time": "2007-06-16 16:00:00"
        }
    }, 
    {
        "pk": 7, 
        "model": "core.period", 
        "fields": {
            "short_name": "fall08", 
            "start_time": "2008-08-19 14:00:00", 
            "parentnode": 1, 
            "long_name": "Fall 2008", 
            "admins": [], 
            "end_time": "2008-11-19 16:00:00"
        }
    }, 
    {
        "pk": 8, 
        "model": "core.period", 
        "fields": {
            "short_name": "spring209", 
            "start_time": "2009-01-17 12:00:00", 
            "parentnode": 1, 
            "long_name": "Spring 2009", 
            "admins": [], 
            "end_time": "2009-06-20 16:00:00"
        }
    }, 
    {
        "pk": 9, 
        "model": "core.period", 
        "fields": {
            "short_name": "fall2009", 
            "start_time": "2009-09-01 10:00:00", 
            "parentnode": 1, 
            "long_name": "Fall 2009", 
            "admins": [], 
            "end_time": "2009-12-14 12:00:00"
        }
    }, 
    {
        "pk": 10, 
        "model": "core.period", 
        "fields": {
            "short_name": "semester1", 
            "start_time": "2010-08-01 18:00:00", 
            "parentnode": 10, 
            "long_name": "Semester 1", 
            "admins": [], 
            "end_time": "2010-12-15 00:00:00"
        }
    }, 
    {
        "pk": 11, 
        "model": "core.period", 
        "fields": {
            "short_name": "semester1", 
            "start_time": "2010-08-01 00:00:00", 
            "parentnode": 11, 
            "long_name": "Semester 1", 
            "admins": [], 
            "end_time": "2010-12-31 00:00:00"
        }
    }, 
    {
        "pk": 12, 
        "model": "core.period", 
        "fields": {
            "short_name": "semester1", 
            "start_time": "2010-08-09 00:00:00", 
            "parentnode": 12, 
            "long_name": "First Semester", 
            "admins": [], 
            "end_time": "2015-12-28 00:00:00"
        }
    }, 
    {
        "pk": 13, 
        "model": "core.period", 
        "fields": {
            "short_name": "semester1", 
            "start_time": "2010-08-09 10:00:00", 
            "parentnode": 13, 
            "long_name": "First semester", 
            "admins": [], 
            "end_time": "2015-12-31 00:00:00"
        }
    }, 
    {
        "pk": 14, 
        "model": "core.period", 
        "fields": {
            "short_name": "semester1", 
            "start_time": "2010-08-16 08:00:00", 
            "parentnode": 3, 
            "long_name": "Semester 1", 
            "admins": [], 
            "end_time": "2015-12-29 00:00:00"
        }
    }, 
    {
        "pk": 15, 
        "model": "core.period", 
        "fields": {
            "short_name": "semester1", 
            "start_time": "2010-08-01 00:00:00", 
            "parentnode": 4, 
            "long_name": "Semester 1", 
            "admins": [], 
            "end_time": "2015-12-31 00:00:00"
        }
    }, 
    {
        "pk": 1, 
        "model": "core.assignment", 
        "fields": {
            "grade_plugin": "grade_rstschema:rstschemagrade", 
            "short_name": "oblig1", 
            "publishing_time": "2010-09-02 00:00:00", 
            "parentnode": 1, 
            "filenames": "", 
            "long_name": "Oblig 1", 
            "admins": [], 
            "anonymous": false
        }
    }, 
    {
        "pk": 2, 
        "model": "core.assignment", 
        "fields": {
            "grade_plugin": "grade_default:charfieldgrade", 
            "short_name": "money", 
            "publishing_time": "2010-08-05 08:00:00", 
            "parentnode": 2, 
            "filenames": null, 
            "long_name": "Money making basics", 
            "admins": [], 
            "anonymous": false
        }
    }, 
    {
        "pk": 3, 
        "model": "core.assignment", 
        "fields": {
            "grade_plugin": "grade_rstschema:rstschemagrade", 
            "short_name": "avoiding-work", 
            "publishing_time": "2010-08-05 08:00:00", 
            "parentnode": 1, 
            "filenames": null, 
            "long_name": "Effective habits for lazy people", 
            "admins": [], 
            "anonymous": false
        }
    }, 
    {
        "pk": 4, 
        "model": "core.assignment", 
        "fields": {
            "grade_plugin": "grade_approved:approvedgrade", 
            "short_name": "sleeping1", 
            "publishing_time": "2010-08-06 08:00:00", 
            "parentnode": 1, 
            "filenames": null, 
            "long_name": "Locating good sleeping areas", 
            "admins": [], 
            "anonymous": false
        }
    }, 
    {
        "pk": 5, 
        "model": "core.assignment", 
        "fields": {
            "grade_plugin": "grade_approved:approvedgrade", 
            "short_name": "sleeping2", 
            "publishing_time": "2010-08-06 16:00:00", 
            "parentnode": 1, 
            "filenames": null, 
            "long_name": "Look like you are working while  sleeping", 
            "admins": [], 
            "anonymous": false
        }
    }, 
    {
        "pk": 6, 
        "model": "core.assignment", 
        "fields": {
            "grade_plugin": "grade_approved:approvedgrade", 
            "short_name": "oblig1", 
            "publishing_time": "2010-08-02 00:00:00", 
            "parentnode": 11, 
            "filenames": "", 
            "long_name": "Oblig 1", 
            "admins": [], 
            "anonymous": false
        }
    }, 
    {
        "pk": 7, 
        "model": "core.assignment", 
        "fields": {
            "grade_plugin": "grade_default:charfieldgrade", 
            "short_name": "home_exam1", 
            "publishing_time": "2010-08-10 00:00:00", 
            "parentnode": 11, 
            "filenames": "", 
            "long_name": "Home Exam 1", 
            "admins": [], 
            "anonymous": false
        }
    }, 
    {
        "pk": 8, 
        "model": "core.assignment", 
        "fields": {
            "grade_plugin": "grade_default:charfieldgrade", 
            "short_name": "home_exam2", 
            "publishing_time": "2010-10-20 08:00:00", 
            "parentnode": 11, 
            "filenames": "", 
            "long_name": "Home Exam 2", 
            "admins": [], 
            "anonymous": false
        }
    }, 
    {
        "pk": 11, 
        "model": "core.assignment", 
        "fields": {
            "grade_plugin": "grade_default:charfieldgrade", 
            "short_name": "assignment0", 
            "publishing_time": "2010-09-15 12:00:00", 
            "parentnode": 12, 
            "filenames": "", 
            "long_name": "Assignment 0", 
            "admins": [], 
            "anonymous": false
        }
    }, 
    {
        "pk": 12, 
        "model": "core.assignment", 
        "fields": {
            "grade_plugin": "grade_default:charfieldgrade", 
            "short_name": "assignment1", 
            "publishing_time": "2010-10-27 12:00:00", 
            "parentnode": 12, 
            "filenames": "", 
            "long_name": "Assignment 1", 
            "admins": [], 
            "anonymous": false
        }
    }, 
    {
        "pk": 13, 
        "model": "core.assignment", 
        "fields": {
            "grade_plugin": "grade_default:charfieldgrade", 
            "short_name": "assignment2", 
            "publishing_time": "2010-11-24 12:00:00", 
            "parentnode": 12, 
            "filenames": "", 
            "long_name": "Assignment 2", 
            "admins": [], 
            "anonymous": false
        }
    }, 
    {
        "pk": 15, 
        "model": "core.assignment", 
        "fields": {
            "grade_plugin": "grade_approved:approvedgrade", 
            "short_name": "oblig1", 
            "publishing_time": "2010-09-07 12:00:00", 
            "parentnode": 13, 
            "filenames": "", 
            "long_name": "Obligatory Assignment 1", 
            "admins": [], 
            "anonymous": false
        }
    }, 
    {
        "pk": 16, 
        "model": "core.assignment", 
        "fields": {
            "grade_plugin": "grade_approved:approvedgrade", 
            "short_name": "oblig2", 
            "publishing_time": "2010-10-01 12:00:00", 
            "parentnode": 13, 
            "filenames": "", 
            "long_name": "Obligatory Assignment 2", 
            "admins": [], 
            "anonymous": false
        }
    }, 
    {
        "pk": 17, 
        "model": "core.assignment", 
        "fields": {
            "grade_plugin": "grade_approved:approvedgrade", 
            "short_name": "oblig3", 
            "publishing_time": "2010-10-22 12:00:00", 
            "parentnode": 13, 
            "filenames": "", 
            "long_name": "Obligatory Assignment 3", 
            "admins": [], 
            "anonymous": false
        }
    }, 
    {
        "pk": 18, 
        "model": "core.assignment", 
        "fields": {
            "grade_plugin": "grade_approved:approvedgrade", 
            "short_name": "oblig4", 
            "publishing_time": "2010-11-12 12:00:00", 
            "parentnode": 13, 
            "filenames": "", 
            "long_name": "Obligatory Assignment 4", 
            "admins": [], 
            "anonymous": false
        }
    }, 
    {
        "pk": 19, 
        "model": "core.assignment", 
        "fields": {
            "grade_plugin": "grade_default:charfieldgrade", 
            "short_name": "lazy-intro", 
            "publishing_time": "2010-08-16 12:00:00", 
            "parentnode": 14, 
            "filenames": "", 
            "long_name": "Introduction to lazyness", 
            "admins": [], 
            "anonymous": false
        }
    }, 
    {
        "pk": 20, 
        "model": "core.assignment", 
        "fields": {
            "grade_plugin": "grade_default:charfieldgrade", 
            "short_name": "lazy-improved", 
            "publishing_time": "2010-09-13 08:00:00", 
            "parentnode": 14, 
            "filenames": "", 
            "long_name": "Improving your current lazyness", 
            "admins": [], 
            "anonymous": false
        }
    }, 
    {
        "pk": 21, 
        "model": "core.assignment", 
        "fields": {
            "grade_plugin": "grade_default:charfieldgrade", 
            "short_name": "lazy-advanced", 
            "publishing_time": "2010-08-17 10:00:00", 
            "parentnode": 15, 
            "filenames": "", 
            "long_name": "Advanced lazyness", 
            "admins": [], 
            "anonymous": false
        }
    }, 
    {
        "pk": 22, 
        "model": "core.assignment", 
        "fields": {
            "grade_plugin": "grade_default:charfieldgrade", 
            "short_name": "lazy-possible", 
            "publishing_time": "2010-09-22 14:00:00", 
            "parentnode": 15, 
            "filenames": "", 
            "long_name": "How to be as lazy as possible", 
            "admins": [], 
            "anonymous": false
        }
    }, 
    {
        "pk": 23, 
        "model": "core.assignment", 
        "fields": {
            "grade_plugin": "grade_rstschema:rstschemagrade", 
            "short_name": "week1", 
            "publishing_time": "2010-08-15 21:51:00", 
            "parentnode": 10, 
            "filenames": "kick.py\r\nGaussian_function1.py", 
            "long_name": "Week 1", 
            "admins": [], 
            "anonymous": false
        }
    }, 
    {
        "pk": 24, 
        "model": "core.assignment", 
        "fields": {
            "grade_plugin": "grade_rstschema:rstschemagrade", 
            "short_name": "week2", 
            "publishing_time": "2010-08-29 21:52:00", 
            "parentnode": 10, 
            "filenames": "ball_table2.py\r\nball_table3.py\r\ncompute_sum_while.py", 
            "long_name": "Week 2", 
            "admins": [], 
            "anonymous": false
        }
    }, 
    {
        "pk": 1, 
        "model": "core.candidate", 
        "fields": {
            "candidate_id": "", 
            "student": 2, 
            "assignment_group": 1
        }
    }, 
    {
        "pk": 2, 
        "model": "core.candidate", 
        "fields": {
            "candidate_id": "", 
            "student": 3, 
            "assignment_group": 1
        }
    }, 
    {
        "pk": 3, 
        "model": "core.candidate", 
        "fields": {
            "candidate_id": "", 
            "student": 4, 
            "assignment_group": 1
        }
    }, 
    {
        "pk": 4, 
        "model": "core.candidate", 
        "fields": {
            "candidate_id": "", 
            "student": 14, 
            "assignment_group": 2
        }
    }, 
    {
        "pk": 5, 
        "model": "core.candidate", 
        "fields": {
            "candidate_id": "", 
            "student": 15, 
            "assignment_group": 2
        }
    }, 
    {
        "pk": 6, 
        "model": "core.candidate", 
        "fields": {
            "candidate_id": "", 
            "student": 16, 
            "assignment_group": 2
        }
    }, 
    {
        "pk": 7, 
        "model": "core.candidate", 
        "fields": {
            "candidate_id": null, 
            "student": 2, 
            "assignment_group": 3
        }
    }, 
    {
        "pk": 8, 
        "model": "core.candidate", 
        "fields": {
            "candidate_id": null, 
            "student": 3, 
            "assignment_group": 4
        }
    }, 
    {
        "pk": 9, 
        "model": "core.candidate", 
        "fields": {
            "candidate_id": null, 
            "student": 4, 
            "assignment_group": 5
        }
    }, 
    {
        "pk": 10, 
        "model": "core.candidate", 
        "fields": {
            "candidate_id": null, 
            "student": 14, 
            "assignment_group": 6
        }
    }, 
    {
        "pk": 11, 
        "model": "core.candidate", 
        "fields": {
            "candidate_id": null, 
            "student": 15, 
            "assignment_group": 7
        }
    }, 
    {
        "pk": 12, 
        "model": "core.candidate", 
        "fields": {
            "candidate_id": null, 
            "student": 16, 
            "assignment_group": 8
        }
    }, 
    {
        "pk": 13, 
        "model": "core.candidate", 
        "fields": {
            "candidate_id": "", 
            "student": 2, 
            "assignment_group": 9
        }
    }, 
    {
        "pk": 14, 
        "model": "core.candidate", 
        "fields": {
            "candidate_id": null, 
            "student": 22, 
            "assignment_group": 10
        }
    }, 
    {
        "pk": 15, 
        "model": "core.candidate", 
        "fields": {
            "candidate_id": null, 
            "student": 24, 
            "assignment_group": 11
        }
    }, 
    {
        "pk": 16, 
        "model": "core.candidate", 
        "fields": {
            "candidate_id": null, 
            "student": 22, 
            "assignment_group": 12
        }
    }, 
    {
        "pk": 17, 
        "model": "core.candidate", 
        "fields": {
            "candidate_id": null, 
            "student": 23, 
            "assignment_group": 12
        }
    }, 
    {
        "pk": 18, 
        "model": "core.candidate", 
        "fields": {
            "candidate_id": null, 
            "student": 24, 
            "assignment_group": 13
        }
    }, 
    {
        "pk": 19, 
        "model": "core.candidate", 
        "fields": {
            "candidate_id": null, 
            "student": 25, 
            "assignment_group": 13
        }
    }, 
    {
        "pk": 20, 
        "model": "core.candidate", 
        "fields": {
            "candidate_id": null, 
            "student": 26, 
            "assignment_group": 14
        }
    }, 
    {
        "pk": 21, 
        "model": "core.candidate", 
        "fields": {
            "candidate_id": null, 
            "student": 27, 
            "assignment_group": 14
        }
    }, 
    {
        "pk": 22, 
        "model": "core.candidate", 
        "fields": {
            "candidate_id": null, 
            "student": 28, 
            "assignment_group": 15
        }
    }, 
    {
        "pk": 23, 
        "model": "core.candidate", 
        "fields": {
            "candidate_id": null, 
            "student": 29, 
            "assignment_group": 15
        }
    }, 
    {
        "pk": 24, 
        "model": "core.candidate", 
        "fields": {
            "candidate_id": null, 
            "student": 30, 
            "assignment_group": 16
        }
    }, 
    {
        "pk": 25, 
        "model": "core.candidate", 
        "fields": {
            "candidate_id": null, 
            "student": 31, 
            "assignment_group": 16
        }
    }, 
    {
        "pk": 26, 
        "model": "core.candidate", 
        "fields": {
            "candidate_id": null, 
            "student": 32, 
            "assignment_group": 17
        }
    }, 
    {
        "pk": 27, 
        "model": "core.candidate", 
        "fields": {
            "candidate_id": null, 
            "student": 33, 
            "assignment_group": 17
        }
    }, 
    {
        "pk": 28, 
        "model": "core.candidate", 
        "fields": {
            "candidate_id": null, 
            "student": 34, 
            "assignment_group": 18
        }
    }, 
    {
        "pk": 29, 
        "model": "core.candidate", 
        "fields": {
            "candidate_id": null, 
            "student": 35, 
            "assignment_group": 18
        }
    }, 
    {
        "pk": 30, 
        "model": "core.candidate", 
        "fields": {
            "candidate_id": null, 
            "student": 36, 
            "assignment_group": 19
        }
    }, 
    {
        "pk": 31, 
        "model": "core.candidate", 
        "fields": {
            "candidate_id": null, 
            "student": 37, 
            "assignment_group": 19
        }
    }, 
    {
        "pk": 32, 
        "model": "core.candidate", 
        "fields": {
            "candidate_id": null, 
            "student": 22, 
            "assignment_group": 20
        }
    }, 
    {
        "pk": 33, 
        "model": "core.candidate", 
        "fields": {
            "candidate_id": null, 
            "student": 23, 
            "assignment_group": 20
        }
    }, 
    {
        "pk": 34, 
        "model": "core.candidate", 
        "fields": {
            "candidate_id": null, 
            "student": 24, 
            "assignment_group": 21
        }
    }, 
    {
        "pk": 35, 
        "model": "core.candidate", 
        "fields": {
            "candidate_id": null, 
            "student": 25, 
            "assignment_group": 21
        }
    }, 
    {
        "pk": 36, 
        "model": "core.candidate", 
        "fields": {
            "candidate_id": null, 
            "student": 26, 
            "assignment_group": 22
        }
    }, 
    {
        "pk": 37, 
        "model": "core.candidate", 
        "fields": {
            "candidate_id": null, 
            "student": 27, 
            "assignment_group": 22
        }
    }, 
    {
        "pk": 38, 
        "model": "core.candidate", 
        "fields": {
            "candidate_id": null, 
            "student": 28, 
            "assignment_group": 23
        }
    }, 
    {
        "pk": 39, 
        "model": "core.candidate", 
        "fields": {
            "candidate_id": null, 
            "student": 29, 
            "assignment_group": 23
        }
    }, 
    {
        "pk": 40, 
        "model": "core.candidate", 
        "fields": {
            "candidate_id": null, 
            "student": 30, 
            "assignment_group": 24
        }
    }, 
    {
        "pk": 41, 
        "model": "core.candidate", 
        "fields": {
            "candidate_id": null, 
            "student": 31, 
            "assignment_group": 24
        }
    }, 
    {
        "pk": 42, 
        "model": "core.candidate", 
        "fields": {
            "candidate_id": null, 
            "student": 32, 
            "assignment_group": 25
        }
    }, 
    {
        "pk": 43, 
        "model": "core.candidate", 
        "fields": {
            "candidate_id": null, 
            "student": 33, 
            "assignment_group": 25
        }
    }, 
    {
        "pk": 44, 
        "model": "core.candidate", 
        "fields": {
            "candidate_id": null, 
            "student": 34, 
            "assignment_group": 26
        }
    }, 
    {
        "pk": 45, 
        "model": "core.candidate", 
        "fields": {
            "candidate_id": null, 
            "student": 35, 
            "assignment_group": 26
        }
    }, 
    {
        "pk": 46, 
        "model": "core.candidate", 
        "fields": {
            "candidate_id": null, 
            "student": 36, 
            "assignment_group": 27
        }
    }, 
    {
        "pk": 47, 
        "model": "core.candidate", 
        "fields": {
            "candidate_id": null, 
            "student": 37, 
            "assignment_group": 27
        }
    }, 
    {
        "pk": 48, 
        "model": "core.candidate", 
        "fields": {
            "candidate_id": null, 
            "student": 22, 
            "assignment_group": 28
        }
    }, 
    {
        "pk": 49, 
        "model": "core.candidate", 
        "fields": {
            "candidate_id": null, 
            "student": 23, 
            "assignment_group": 28
        }
    }, 
    {
        "pk": 50, 
        "model": "core.candidate", 
        "fields": {
            "candidate_id": null, 
            "student": 24, 
            "assignment_group": 29
        }
    }, 
    {
        "pk": 51, 
        "model": "core.candidate", 
        "fields": {
            "candidate_id": null, 
            "student": 25, 
            "assignment_group": 29
        }
    }, 
    {
        "pk": 52, 
        "model": "core.candidate", 
        "fields": {
            "candidate_id": null, 
            "student": 26, 
            "assignment_group": 30
        }
    }, 
    {
        "pk": 53, 
        "model": "core.candidate", 
        "fields": {
            "candidate_id": null, 
            "student": 27, 
            "assignment_group": 30
        }
    }, 
    {
        "pk": 54, 
        "model": "core.candidate", 
        "fields": {
            "candidate_id": null, 
            "student": 28, 
            "assignment_group": 31
        }
    }, 
    {
        "pk": 55, 
        "model": "core.candidate", 
        "fields": {
            "candidate_id": null, 
            "student": 29, 
            "assignment_group": 31
        }
    }, 
    {
        "pk": 56, 
        "model": "core.candidate", 
        "fields": {
            "candidate_id": null, 
            "student": 30, 
            "assignment_group": 32
        }
    }, 
    {
        "pk": 57, 
        "model": "core.candidate", 
        "fields": {
            "candidate_id": null, 
            "student": 31, 
            "assignment_group": 32
        }
    }, 
    {
        "pk": 58, 
        "model": "core.candidate", 
        "fields": {
            "candidate_id": null, 
            "student": 32, 
            "assignment_group": 33
        }
    }, 
    {
        "pk": 59, 
        "model": "core.candidate", 
        "fields": {
            "candidate_id": null, 
            "student": 33, 
            "assignment_group": 33
        }
    }, 
    {
        "pk": 60, 
        "model": "core.candidate", 
        "fields": {
            "candidate_id": null, 
            "student": 34, 
            "assignment_group": 34
        }
    }, 
    {
        "pk": 61, 
        "model": "core.candidate", 
        "fields": {
            "candidate_id": null, 
            "student": 35, 
            "assignment_group": 34
        }
    }, 
    {
        "pk": 62, 
        "model": "core.candidate", 
        "fields": {
            "candidate_id": null, 
            "student": 36, 
            "assignment_group": 35
        }
    }, 
    {
        "pk": 63, 
        "model": "core.candidate", 
        "fields": {
            "candidate_id": null, 
            "student": 37, 
            "assignment_group": 35
        }
    }, 
    {
        "pk": 64, 
        "model": "core.candidate", 
        "fields": {
            "candidate_id": null, 
            "student": 22, 
            "assignment_group": 36
        }
    }, 
    {
        "pk": 65, 
        "model": "core.candidate", 
        "fields": {
            "candidate_id": null, 
            "student": 23, 
            "assignment_group": 37
        }
    }, 
    {
        "pk": 66, 
        "model": "core.candidate", 
        "fields": {
            "candidate_id": null, 
            "student": 24, 
            "assignment_group": 38
        }
    }, 
    {
        "pk": 67, 
        "model": "core.candidate", 
        "fields": {
            "candidate_id": null, 
            "student": 25, 
            "assignment_group": 39
        }
    }, 
    {
        "pk": 68, 
        "model": "core.candidate", 
        "fields": {
            "candidate_id": null, 
            "student": 26, 
            "assignment_group": 40
        }
    }, 
    {
        "pk": 69, 
        "model": "core.candidate", 
        "fields": {
            "candidate_id": null, 
            "student": 27, 
            "assignment_group": 41
        }
    }, 
    {
        "pk": 70, 
        "model": "core.candidate", 
        "fields": {
            "candidate_id": null, 
            "student": 28, 
            "assignment_group": 42
        }
    }, 
    {
        "pk": 71, 
        "model": "core.candidate", 
        "fields": {
            "candidate_id": null, 
            "student": 29, 
            "assignment_group": 43
        }
    }, 
    {
        "pk": 72, 
        "model": "core.candidate", 
        "fields": {
            "candidate_id": null, 
            "student": 30, 
            "assignment_group": 44
        }
    }, 
    {
        "pk": 73, 
        "model": "core.candidate", 
        "fields": {
            "candidate_id": null, 
            "student": 31, 
            "assignment_group": 45
        }
    }, 
    {
        "pk": 74, 
        "model": "core.candidate", 
        "fields": {
            "candidate_id": null, 
            "student": 32, 
            "assignment_group": 46
        }
    }, 
    {
        "pk": 75, 
        "model": "core.candidate", 
        "fields": {
            "candidate_id": null, 
            "student": 33, 
            "assignment_group": 47
        }
    }, 
    {
        "pk": 76, 
        "model": "core.candidate", 
        "fields": {
            "candidate_id": null, 
            "student": 34, 
            "assignment_group": 48
        }
    }, 
    {
        "pk": 77, 
        "model": "core.candidate", 
        "fields": {
            "candidate_id": null, 
            "student": 35, 
            "assignment_group": 49
        }
    }, 
    {
        "pk": 78, 
        "model": "core.candidate", 
        "fields": {
            "candidate_id": null, 
            "student": 36, 
            "assignment_group": 50
        }
    }, 
    {
        "pk": 79, 
        "model": "core.candidate", 
        "fields": {
            "candidate_id": null, 
            "student": 37, 
            "assignment_group": 51
        }
    }, 
    {
        "pk": 80, 
        "model": "core.candidate", 
        "fields": {
            "candidate_id": null, 
            "student": 38, 
            "assignment_group": 52
        }
    }, 
    {
        "pk": 81, 
        "model": "core.candidate", 
        "fields": {
            "candidate_id": null, 
            "student": 41, 
            "assignment_group": 53
        }
    }, 
    {
        "pk": 82, 
        "model": "core.candidate", 
        "fields": {
            "candidate_id": null, 
            "student": 39, 
            "assignment_group": 54
        }
    }, 
    {
        "pk": 83, 
        "model": "core.candidate", 
        "fields": {
            "candidate_id": null, 
            "student": 40, 
            "assignment_group": 55
        }
    }, 
    {
        "pk": 84, 
        "model": "core.candidate", 
        "fields": {
            "candidate_id": null, 
            "student": 42, 
            "assignment_group": 56
        }
    }, 
    {
        "pk": 85, 
        "model": "core.candidate", 
        "fields": {
            "candidate_id": null, 
            "student": 43, 
            "assignment_group": 57
        }
    }, 
    {
        "pk": 86, 
        "model": "core.candidate", 
        "fields": {
            "candidate_id": null, 
            "student": 44, 
            "assignment_group": 58
        }
    }, 
    {
        "pk": 87, 
        "model": "core.candidate", 
        "fields": {
            "candidate_id": null, 
            "student": 45, 
            "assignment_group": 59
        }
    }, 
    {
        "pk": 88, 
        "model": "core.candidate", 
        "fields": {
            "candidate_id": null, 
            "student": 46, 
            "assignment_group": 60
        }
    }, 
    {
        "pk": 89, 
        "model": "core.candidate", 
        "fields": {
            "candidate_id": null, 
            "student": 47, 
            "assignment_group": 61
        }
    }, 
    {
        "pk": 90, 
        "model": "core.candidate", 
        "fields": {
            "candidate_id": null, 
            "student": 48, 
            "assignment_group": 62
        }
    }, 
    {
        "pk": 91, 
        "model": "core.candidate", 
        "fields": {
            "candidate_id": null, 
            "student": 49, 
            "assignment_group": 63
        }
    }, 
    {
        "pk": 92, 
        "model": "core.candidate", 
        "fields": {
            "candidate_id": null, 
            "student": 50, 
            "assignment_group": 64
        }
    }, 
    {
        "pk": 93, 
        "model": "core.candidate", 
        "fields": {
            "candidate_id": null, 
            "student": 51, 
            "assignment_group": 65
        }
    }, 
    {
        "pk": 1, 
        "model": "core.assignmentgroup", 
        "fields": {
            "status": 2, 
            "is_open": true, 
            "name": "The boys", 
            "parentnode": 2, 
            "examiners": [
                13
            ]
        }
    }, 
    {
        "pk": 2, 
        "model": "core.assignmentgroup", 
        "fields": {
            "status": 1, 
            "is_open": true, 
            "name": "The girls", 
            "parentnode": 2, 
            "examiners": [
                12
            ]
        }
    }, 
    {
        "pk": 3, 
        "model": "core.assignmentgroup", 
        "fields": {
            "status": 2, 
            "is_open": true, 
            "name": "", 
            "parentnode": 3, 
            "examiners": [
                13
            ]
        }
    }, 
    {
        "pk": 4, 
        "model": "core.assignmentgroup", 
        "fields": {
            "status": 1, 
            "is_open": true, 
            "name": "", 
            "parentnode": 3, 
            "examiners": [
                6
            ]
        }
    }, 
    {
        "pk": 5, 
        "model": "core.assignmentgroup", 
        "fields": {
            "status": 1, 
            "is_open": true, 
            "name": "", 
            "parentnode": 3, 
            "examiners": [
                12
            ]
        }
    }, 
    {
        "pk": 6, 
        "model": "core.assignmentgroup", 
        "fields": {
            "status": 2, 
            "is_open": true, 
            "name": "", 
            "parentnode": 3, 
            "examiners": [
                12
            ]
        }
    }, 
    {
        "pk": 7, 
        "model": "core.assignmentgroup", 
        "fields": {
            "status": 3, 
            "is_open": true, 
            "name": "", 
            "parentnode": 3, 
            "examiners": [
                12, 
                13
            ]
        }
    }, 
    {
        "pk": 8, 
        "model": "core.assignmentgroup", 
        "fields": {
            "status": 3, 
            "is_open": true, 
            "name": "", 
            "parentnode": 3, 
            "examiners": [
                13
            ]
        }
    }, 
    {
        "pk": 9, 
        "model": "core.assignmentgroup", 
        "fields": {
            "status": 2, 
            "is_open": true, 
            "name": "", 
            "parentnode": 1, 
            "examiners": []
        }
    }, 
    {
        "pk": 10, 
        "model": "core.assignmentgroup", 
        "fields": {
            "status": 1, 
            "is_open": true, 
            "name": null, 
            "parentnode": 6, 
            "examiners": [
                13
            ]
        }
    }, 
    {
        "pk": 11, 
        "model": "core.assignmentgroup", 
        "fields": {
            "status": 1, 
            "is_open": true, 
            "name": null, 
            "parentnode": 6, 
            "examiners": [
                13
            ]
        }
    }, 
    {
        "pk": 12, 
        "model": "core.assignmentgroup", 
        "fields": {
            "status": 1, 
            "is_open": true, 
            "name": null, 
            "parentnode": 11, 
            "examiners": []
        }
    }, 
    {
        "pk": 13, 
        "model": "core.assignmentgroup", 
        "fields": {
            "status": 1, 
            "is_open": true, 
            "name": null, 
            "parentnode": 11, 
            "examiners": []
        }
    }, 
    {
        "pk": 14, 
        "model": "core.assignmentgroup", 
        "fields": {
            "status": 1, 
            "is_open": true, 
            "name": null, 
            "parentnode": 11, 
            "examiners": []
        }
    }, 
    {
        "pk": 15, 
        "model": "core.assignmentgroup", 
        "fields": {
            "status": 1, 
            "is_open": true, 
            "name": null, 
            "parentnode": 11, 
            "examiners": []
        }
    }, 
    {
        "pk": 16, 
        "model": "core.assignmentgroup", 
        "fields": {
            "status": 1, 
            "is_open": true, 
            "name": null, 
            "parentnode": 11, 
            "examiners": []
        }
    }, 
    {
        "pk": 17, 
        "model": "core.assignmentgroup", 
        "fields": {
            "status": 1, 
            "is_open": true, 
            "name": null, 
            "parentnode": 11, 
            "examiners": []
        }
    }, 
    {
        "pk": 18, 
        "model": "core.assignmentgroup", 
        "fields": {
            "status": 1, 
            "is_open": true, 
            "name": null, 
            "parentnode": 11, 
            "examiners": []
        }
    }, 
    {
        "pk": 19, 
        "model": "core.assignmentgroup", 
        "fields": {
            "status": 1, 
            "is_open": true, 
            "name": null, 
            "parentnode": 11, 
            "examiners": []
        }
    }, 
    {
        "pk": 20, 
        "model": "core.assignmentgroup", 
        "fields": {
            "status": 1, 
            "is_open": true, 
            "name": null, 
            "parentnode": 12, 
            "examiners": []
        }
    }, 
    {
        "pk": 21, 
        "model": "core.assignmentgroup", 
        "fields": {
            "status": 1, 
            "is_open": true, 
            "name": null, 
            "parentnode": 12, 
            "examiners": []
        }
    }, 
    {
        "pk": 22, 
        "model": "core.assignmentgroup", 
        "fields": {
            "status": 1, 
            "is_open": true, 
            "name": null, 
            "parentnode": 12, 
            "examiners": []
        }
    }, 
    {
        "pk": 23, 
        "model": "core.assignmentgroup", 
        "fields": {
            "status": 1, 
            "is_open": true, 
            "name": null, 
            "parentnode": 12, 
            "examiners": []
        }
    }, 
    {
        "pk": 24, 
        "model": "core.assignmentgroup", 
        "fields": {
            "status": 1, 
            "is_open": true, 
            "name": null, 
            "parentnode": 12, 
            "examiners": []
        }
    }, 
    {
        "pk": 25, 
        "model": "core.assignmentgroup", 
        "fields": {
            "status": 1, 
            "is_open": true, 
            "name": null, 
            "parentnode": 12, 
            "examiners": []
        }
    }, 
    {
        "pk": 26, 
        "model": "core.assignmentgroup", 
        "fields": {
            "status": 1, 
            "is_open": true, 
            "name": null, 
            "parentnode": 12, 
            "examiners": []
        }
    }, 
    {
        "pk": 27, 
        "model": "core.assignmentgroup", 
        "fields": {
            "status": 1, 
            "is_open": true, 
            "name": null, 
            "parentnode": 12, 
            "examiners": []
        }
    }, 
    {
        "pk": 28, 
        "model": "core.assignmentgroup", 
        "fields": {
            "status": 1, 
            "is_open": true, 
            "name": null, 
            "parentnode": 13, 
            "examiners": []
        }
    }, 
    {
        "pk": 29, 
        "model": "core.assignmentgroup", 
        "fields": {
            "status": 1, 
            "is_open": true, 
            "name": null, 
            "parentnode": 13, 
            "examiners": []
        }
    }, 
    {
        "pk": 30, 
        "model": "core.assignmentgroup", 
        "fields": {
            "status": 1, 
            "is_open": true, 
            "name": null, 
            "parentnode": 13, 
            "examiners": []
        }
    }, 
    {
        "pk": 31, 
        "model": "core.assignmentgroup", 
        "fields": {
            "status": 1, 
            "is_open": true, 
            "name": null, 
            "parentnode": 13, 
            "examiners": []
        }
    }, 
    {
        "pk": 32, 
        "model": "core.assignmentgroup", 
        "fields": {
            "status": 1, 
            "is_open": true, 
            "name": null, 
            "parentnode": 13, 
            "examiners": []
        }
    }, 
    {
        "pk": 33, 
        "model": "core.assignmentgroup", 
        "fields": {
            "status": 1, 
            "is_open": true, 
            "name": null, 
            "parentnode": 13, 
            "examiners": []
        }
    }, 
    {
        "pk": 34, 
        "model": "core.assignmentgroup", 
        "fields": {
            "status": 1, 
            "is_open": true, 
            "name": null, 
            "parentnode": 13, 
            "examiners": []
        }
    }, 
    {
        "pk": 35, 
        "model": "core.assignmentgroup", 
        "fields": {
            "status": 1, 
            "is_open": true, 
            "name": null, 
            "parentnode": 13, 
            "examiners": []
        }
    }, 
    {
        "pk": 36, 
        "model": "core.assignmentgroup", 
        "fields": {
            "status": 1, 
            "is_open": true, 
            "name": null, 
            "parentnode": 15, 
            "examiners": []
        }
    }, 
    {
        "pk": 37, 
        "model": "core.assignmentgroup", 
        "fields": {
            "status": 1, 
            "is_open": true, 
            "name": null, 
            "parentnode": 15, 
            "examiners": []
        }
    }, 
    {
        "pk": 38, 
        "model": "core.assignmentgroup", 
        "fields": {
            "status": 1, 
            "is_open": true, 
            "name": null, 
            "parentnode": 15, 
            "examiners": []
        }
    }, 
    {
        "pk": 39, 
        "model": "core.assignmentgroup", 
        "fields": {
            "status": 1, 
            "is_open": true, 
            "name": null, 
            "parentnode": 15, 
            "examiners": []
        }
    }, 
    {
        "pk": 40, 
        "model": "core.assignmentgroup", 
        "fields": {
            "status": 1, 
            "is_open": true, 
            "name": null, 
            "parentnode": 15, 
            "examiners": []
        }
    }, 
    {
        "pk": 41, 
        "model": "core.assignmentgroup", 
        "fields": {
            "status": 1, 
            "is_open": true, 
            "name": null, 
            "parentnode": 15, 
            "examiners": []
        }
    }, 
    {
        "pk": 42, 
        "model": "core.assignmentgroup", 
        "fields": {
            "status": 1, 
            "is_open": true, 
            "name": null, 
            "parentnode": 15, 
            "examiners": []
        }
    }, 
    {
        "pk": 43, 
        "model": "core.assignmentgroup", 
        "fields": {
            "status": 1, 
            "is_open": true, 
            "name": null, 
            "parentnode": 15, 
            "examiners": []
        }
    }, 
    {
        "pk": 44, 
        "model": "core.assignmentgroup", 
        "fields": {
            "status": 1, 
            "is_open": true, 
            "name": null, 
            "parentnode": 15, 
            "examiners": []
        }
    }, 
    {
        "pk": 45, 
        "model": "core.assignmentgroup", 
        "fields": {
            "status": 1, 
            "is_open": true, 
            "name": null, 
            "parentnode": 15, 
            "examiners": []
        }
    }, 
    {
        "pk": 46, 
        "model": "core.assignmentgroup", 
        "fields": {
            "status": 1, 
            "is_open": true, 
            "name": null, 
            "parentnode": 15, 
            "examiners": []
        }
    }, 
    {
        "pk": 47, 
        "model": "core.assignmentgroup", 
        "fields": {
            "status": 1, 
            "is_open": true, 
            "name": null, 
            "parentnode": 15, 
            "examiners": []
        }
    }, 
    {
        "pk": 48, 
        "model": "core.assignmentgroup", 
        "fields": {
            "status": 1, 
            "is_open": true, 
            "name": null, 
            "parentnode": 15, 
            "examiners": []
        }
    }, 
    {
        "pk": 49, 
        "model": "core.assignmentgroup", 
        "fields": {
            "status": 1, 
            "is_open": true, 
            "name": null, 
            "parentnode": 15, 
            "examiners": []
        }
    }, 
    {
        "pk": 50, 
        "model": "core.assignmentgroup", 
        "fields": {
            "status": 1, 
            "is_open": true, 
            "name": null, 
            "parentnode": 15, 
            "examiners": []
        }
    }, 
    {
        "pk": 51, 
        "model": "core.assignmentgroup", 
        "fields": {
            "status": 1, 
            "is_open": true, 
            "name": null, 
            "parentnode": 15, 
            "examiners": []
        }
    }, 
    {
        "pk": 52, 
        "model": "core.assignmentgroup", 
        "fields": {
            "status": 1, 
            "is_open": true, 
            "name": null, 
            "parentnode": 15, 
            "examiners": []
        }
    }, 
    {
        "pk": 53, 
        "model": "core.assignmentgroup", 
        "fields": {
            "status": 1, 
            "is_open": true, 
            "name": null, 
            "parentnode": 15, 
            "examiners": []
        }
    }, 
    {
        "pk": 54, 
        "model": "core.assignmentgroup", 
        "fields": {
            "status": 1, 
            "is_open": true, 
            "name": null, 
            "parentnode": 15, 
            "examiners": []
        }
    }, 
    {
        "pk": 55, 
        "model": "core.assignmentgroup", 
        "fields": {
            "status": 1, 
            "is_open": true, 
            "name": null, 
            "parentnode": 15, 
            "examiners": []
        }
    }, 
    {
        "pk": 56, 
        "model": "core.assignmentgroup", 
        "fields": {
            "status": 1, 
            "is_open": true, 
            "name": null, 
            "parentnode": 15, 
            "examiners": []
        }
    }, 
    {
        "pk": 57, 
        "model": "core.assignmentgroup", 
        "fields": {
            "status": 1, 
            "is_open": true, 
            "name": null, 
            "parentnode": 15, 
            "examiners": []
        }
    }, 
    {
        "pk": 58, 
        "model": "core.assignmentgroup", 
        "fields": {
            "status": 1, 
            "is_open": true, 
            "name": null, 
            "parentnode": 15, 
            "examiners": []
        }
    }, 
    {
        "pk": 59, 
        "model": "core.assignmentgroup", 
        "fields": {
            "status": 1, 
            "is_open": true, 
            "name": null, 
            "parentnode": 15, 
            "examiners": []
        }
    }, 
    {
        "pk": 60, 
        "model": "core.assignmentgroup", 
        "fields": {
            "status": 1, 
            "is_open": true, 
            "name": null, 
            "parentnode": 15, 
            "examiners": []
        }
    }, 
    {
        "pk": 61, 
        "model": "core.assignmentgroup", 
        "fields": {
            "status": 1, 
            "is_open": true, 
            "name": null, 
            "parentnode": 15, 
            "examiners": []
        }
    }, 
    {
        "pk": 62, 
        "model": "core.assignmentgroup", 
        "fields": {
            "status": 1, 
            "is_open": true, 
            "name": null, 
            "parentnode": 15, 
            "examiners": []
        }
    }, 
    {
        "pk": 63, 
        "model": "core.assignmentgroup", 
        "fields": {
            "status": 1, 
            "is_open": true, 
            "name": null, 
            "parentnode": 15, 
            "examiners": []
        }
    }, 
    {
        "pk": 64, 
        "model": "core.assignmentgroup", 
        "fields": {
            "status": 1, 
            "is_open": true, 
            "name": null, 
            "parentnode": 15, 
            "examiners": []
        }
    }, 
    {
        "pk": 65, 
        "model": "core.assignmentgroup", 
        "fields": {
            "status": 1, 
            "is_open": true, 
            "name": null, 
            "parentnode": 15, 
            "examiners": []
        }
    }, 
    {
        "pk": 5, 
        "model": "core.deadline", 
        "fields": {
            "text": "", 
            "deadline": "2010-08-28 12:00:00", 
            "assignment_group": 8
        }
    }, 
    {
        "pk": 6, 
        "model": "core.deadline", 
        "fields": {
            "text": "", 
            "deadline": "2010-08-28 12:00:00", 
            "assignment_group": 7
        }
    }, 
    {
        "pk": 7, 
        "model": "core.deadline", 
        "fields": {
            "text": "", 
            "deadline": "2010-08-28 12:00:00", 
            "assignment_group": 4
        }
    }, 
    {
        "pk": 8, 
        "model": "core.deadline", 
        "fields": {
            "text": "", 
            "deadline": "2010-08-28 12:00:00", 
            "assignment_group": 3
        }
    }, 
    {
        "pk": 9, 
        "model": "core.deadline", 
        "fields": {
            "text": "", 
            "deadline": "2010-08-28 12:00:00", 
            "assignment_group": 6
        }
    }, 
    {
        "pk": 10, 
        "model": "core.deadline", 
        "fields": {
            "text": "", 
            "deadline": "2010-08-28 12:00:00", 
            "assignment_group": 5
        }
    }, 
    {
        "pk": 11, 
        "model": "core.deadline", 
        "fields": {
            "text": "", 
            "deadline": "2010-08-18 14:00:00", 
            "assignment_group": 11
        }
    }, 
    {
        "pk": 12, 
        "model": "core.deadline", 
        "fields": {
            "text": "", 
            "deadline": "2010-08-18 14:00:00", 
            "assignment_group": 10
        }
    }, 
    {
        "pk": 4, 
        "model": "core.deadline", 
        "fields": {
            "text": "", 
            "deadline": "2010-08-10 12:00:00", 
            "assignment_group": 7
        }
    }, 
    {
        "pk": 1, 
        "model": "core.deadline", 
        "fields": {
            "text": "First try", 
            "deadline": "2010-08-08 16:00:00", 
            "assignment_group": 1
        }
    }, 
    {
        "pk": 2, 
        "model": "core.deadline", 
        "fields": {
            "text": "", 
            "deadline": "2010-08-08 16:00:00", 
            "assignment_group": 2
        }
    }, 
    {
        "pk": 3, 
        "model": "core.deadline", 
        "fields": {
            "text": "", 
            "deadline": "2010-08-07 22:00:00", 
            "assignment_group": 7
        }
    }, 
    {
        "pk": 16, 
        "model": "core.delivery", 
        "fields": {
            "delivered_by": 15, 
            "successful": true, 
            "time_of_delivery": "2010-08-10 15:19:37", 
            "number": 8, 
            "assignment_group": 7
        }
    }, 
    {
        "pk": 15, 
        "model": "core.delivery", 
        "fields": {
            "delivered_by": 15, 
            "successful": true, 
            "time_of_delivery": "2010-08-10 12:00:00", 
            "number": 7, 
            "assignment_group": 7
        }
    }, 
    {
        "pk": 14, 
        "model": "core.delivery", 
        "fields": {
            "delivered_by": 15, 
            "successful": true, 
            "time_of_delivery": "2010-08-10 11:59:59", 
            "number": 6, 
            "assignment_group": 7
        }
    }, 
    {
        "pk": 13, 
        "model": "core.delivery", 
        "fields": {
            "delivered_by": 15, 
            "successful": true, 
            "time_of_delivery": "2010-08-10 11:00:00", 
            "number": 5, 
            "assignment_group": 7
        }
    }, 
    {
        "pk": 12, 
        "model": "core.delivery", 
        "fields": {
            "delivered_by": 15, 
            "successful": true, 
            "time_of_delivery": "2010-08-10 10:00:00", 
            "number": 4, 
            "assignment_group": 7
        }
    }, 
    {
        "pk": 11, 
        "model": "core.delivery", 
        "fields": {
            "delivered_by": 15, 
            "successful": true, 
            "time_of_delivery": "2010-08-09 05:22:02", 
            "number": 3, 
            "assignment_group": 7
        }
    }, 
    {
        "pk": 8, 
        "model": "core.delivery", 
        "fields": {
            "delivered_by": 16, 
            "successful": true, 
            "time_of_delivery": "2010-08-09 05:21:20", 
            "number": 2, 
            "assignment_group": 8
        }
    }, 
    {
        "pk": 7, 
        "model": "core.delivery", 
        "fields": {
            "delivered_by": 16, 
            "successful": true, 
            "time_of_delivery": "2010-08-09 05:20:50", 
            "number": 1, 
            "assignment_group": 8
        }
    }, 
    {
        "pk": 10, 
        "model": "core.delivery", 
        "fields": {
            "delivered_by": 15, 
            "successful": true, 
            "time_of_delivery": "2010-08-07 05:21:54", 
            "number": 2, 
            "assignment_group": 7
        }
    }, 
    {
        "pk": 9, 
        "model": "core.delivery", 
        "fields": {
            "delivered_by": 15, 
            "successful": true, 
            "time_of_delivery": "2010-08-07 05:21:33", 
            "number": 1, 
            "assignment_group": 7
        }
    }, 
    {
        "pk": 6, 
        "model": "core.delivery", 
        "fields": {
            "delivered_by": 2, 
            "successful": true, 
            "time_of_delivery": "2010-08-06 21:46:31", 
            "number": 1, 
            "assignment_group": 9
        }
    }, 
    {
        "pk": 5, 
        "model": "core.delivery", 
        "fields": {
            "delivered_by": 14, 
            "successful": true, 
            "time_of_delivery": "2010-08-05 18:26:50", 
            "number": 1, 
            "assignment_group": 2
        }
    }, 
    {
        "pk": 4, 
        "model": "core.delivery", 
        "fields": {
            "delivered_by": 14, 
            "successful": true, 
            "time_of_delivery": "2010-08-05 18:26:40", 
            "number": 1, 
            "assignment_group": 6
        }
    }, 
    {
        "pk": 3, 
        "model": "core.delivery", 
        "fields": {
            "delivered_by": 2, 
            "successful": true, 
            "time_of_delivery": "2010-08-05 18:26:15", 
            "number": 1, 
            "assignment_group": 3
        }
    }, 
    {
        "pk": 2, 
        "model": "core.delivery", 
        "fields": {
            "delivered_by": 2, 
            "successful": true, 
            "time_of_delivery": "2010-08-05 18:15:07", 
            "number": 2, 
            "assignment_group": 1
        }
    }, 
    {
        "pk": 1, 
        "model": "core.delivery", 
        "fields": {
            "delivered_by": 2, 
            "successful": true, 
            "time_of_delivery": "2010-08-05 18:14:03", 
            "number": 1, 
            "assignment_group": 1
        }
    }, 
    {
        "pk": 1, 
        "model": "core.feedback", 
        "fields": {
            "format": "rst", 
            "text": "", 
            "last_modified_by": 13, 
            "delivery": 2, 
            "last_modified": "2010-09-19 08:54:38", 
            "object_id": 4, 
            "content_type": 5, 
            "published": false
        }
    }, 
    {
        "pk": 2, 
        "model": "core.feedback", 
        "fields": {
            "format": "rst", 
            "text": "Not lazy at all!", 
            "last_modified_by": 12, 
            "delivery": 4, 
            "last_modified": "2010-08-05 18:27:33", 
            "object_id": 2, 
            "content_type": 11, 
            "published": false
        }
    }, 
    {
        "pk": 3, 
        "model": "core.feedback", 
        "fields": {
            "format": "rst", 
            "text": "You are lazy young man", 
            "last_modified_by": 13, 
            "delivery": 3, 
            "last_modified": "2010-09-19 08:54:57", 
            "object_id": 3, 
            "content_type": 11, 
            "published": false
        }
    }, 
    {
        "pk": 4, 
        "model": "core.feedback", 
        "fields": {
            "format": "rst", 
            "text": "", 
            "last_modified_by": 13, 
            "delivery": 6, 
            "last_modified": "2010-09-19 08:56:37", 
            "object_id": 10, 
            "content_type": 11, 
            "published": false
        }
    }, 
    {
        "pk": 5, 
        "model": "core.feedback", 
        "fields": {
            "format": "rst", 
            "text": "Bad work!", 
            "last_modified_by": 13, 
            "delivery": 9, 
            "last_modified": "2010-08-10 15:37:06", 
            "object_id": 6, 
            "content_type": 11, 
            "published": false
        }
    }, 
    {
        "pk": 6, 
        "model": "core.feedback", 
        "fields": {
            "format": "rst", 
            "text": "Still not good enough!", 
            "last_modified_by": 13, 
            "delivery": 14, 
            "last_modified": "2010-08-10 15:31:50", 
            "object_id": 7, 
            "content_type": 11, 
            "published": true
        }
    }, 
    {
        "pk": 7, 
        "model": "core.feedback", 
        "fields": {
            "format": "rst", 
            "text": "Ok i will pass you, but you have to do better on the next assignment.", 
            "last_modified_by": 13, 
            "delivery": 16, 
            "last_modified": "2010-08-10 15:25:19", 
            "object_id": 8, 
            "content_type": 11, 
            "published": true
        }
    }, 
    {
        "pk": 8, 
        "model": "core.feedback", 
        "fields": {
            "format": "rst", 
            "text": "Hello world", 
            "last_modified_by": 13, 
            "delivery": 8, 
            "last_modified": "2010-08-23 12:26:03", 
            "object_id": 9, 
            "content_type": 11, 
            "published": true
        }
    }, 
    {
        "pk": 6, 
        "model": "core.filemeta", 
        "fields": {
            "delivery": 6, 
            "size": 12, 
            "filename": "hello.txt"
        }
    }, 
    {
        "pk": 7, 
        "model": "core.filemeta", 
        "fields": {
            "delivery": 7, 
            "size": 12, 
            "filename": "hello.txt"
        }
    }, 
    {
        "pk": 9, 
        "model": "core.filemeta", 
        "fields": {
            "delivery": 9, 
            "size": 12, 
            "filename": "hello.txt"
        }
    }, 
    {
        "pk": 10, 
        "model": "core.filemeta", 
        "fields": {
            "delivery": 10, 
            "size": 12, 
            "filename": "hello.txt"
        }
    }, 
    {
        "pk": 12, 
        "model": "core.filemeta", 
        "fields": {
            "delivery": 11, 
            "size": 12, 
            "filename": "hello.txt"
        }
    }, 
    {
        "pk": 14, 
        "model": "core.filemeta", 
        "fields": {
            "delivery": 12, 
            "size": 12, 
            "filename": "hello.txt"
        }
    }, 
    {
        "pk": 16, 
        "model": "core.filemeta", 
        "fields": {
            "delivery": 14, 
            "size": 12, 
            "filename": "hello.txt"
        }
    }, 
    {
        "pk": 19, 
        "model": "core.filemeta", 
        "fields": {
            "delivery": 15, 
            "size": 12, 
            "filename": "hello.txt"
        }
    }, 
    {
        "pk": 8, 
        "model": "core.filemeta", 
        "fields": {
            "delivery": 8, 
            "size": 15, 
            "filename": "hello2.txt"
        }
    }, 
    {
        "pk": 11, 
        "model": "core.filemeta", 
        "fields": {
            "delivery": 10, 
            "size": 15, 
            "filename": "hello2.txt"
        }
    }, 
    {
        "pk": 13, 
        "model": "core.filemeta", 
        "fields": {
            "delivery": 11, 
            "size": 15, 
            "filename": "hello2.txt"
        }
    }, 
    {
        "pk": 15, 
        "model": "core.filemeta", 
        "fields": {
            "delivery": 13, 
            "size": 15, 
            "filename": "hello2.txt"
        }
    }, 
    {
        "pk": 17, 
        "model": "core.filemeta", 
        "fields": {
            "delivery": 14, 
            "size": 15, 
            "filename": "hello2.txt"
        }
    }, 
    {
        "pk": 18, 
        "model": "core.filemeta", 
        "fields": {
            "delivery": 15, 
            "size": 15, 
            "filename": "hello2.txt"
        }
    }, 
    {
        "pk": 20, 
        "model": "core.filemeta", 
        "fields": {
            "delivery": 16, 
            "size": 15, 
            "filename": "hello2.txt"
        }
    }, 
    {
        "pk": 1, 
        "model": "core.filemeta", 
        "fields": {
            "delivery": 1, 
            "size": 13, 
            "filename": "test.txt"
        }
    }, 
    {
        "pk": 2, 
        "model": "core.filemeta", 
        "fields": {
            "delivery": 2, 
            "size": 13, 
            "filename": "test.txt"
        }
    }, 
    {
        "pk": 3, 
        "model": "core.filemeta", 
        "fields": {
            "delivery": 3, 
            "size": 13, 
            "filename": "test.txt"
        }
    }, 
    {
        "pk": 4, 
        "model": "core.filemeta", 
        "fields": {
            "delivery": 4, 
            "size": 13, 
            "filename": "test.txt"
        }
    }, 
    {
        "pk": 5, 
        "model": "core.filemeta", 
        "fields": {
            "delivery": 5, 
            "size": 13, 
            "filename": "test.txt"
        }
    }, 
    {
        "pk": 7, 
        "model": "auth.permission", 
        "fields": {
            "codename": "add_logentry", 
            "name": "Can add log entry", 
            "content_type": 3
        }
    }, 
    {
        "pk": 8, 
        "model": "auth.permission", 
        "fields": {
            "codename": "change_logentry", 
            "name": "Can change log entry", 
            "content_type": 3
        }
    }, 
    {
        "pk": 9, 
        "model": "auth.permission", 
        "fields": {
            "codename": "delete_logentry", 
            "name": "Can delete log entry", 
            "content_type": 3
        }
    }, 
    {
        "pk": 37, 
        "model": "auth.permission", 
        "fields": {
            "codename": "add_group", 
            "name": "Can add group", 
            "content_type": 13
        }
    }, 
    {
        "pk": 38, 
        "model": "auth.permission", 
        "fields": {
            "codename": "change_group", 
            "name": "Can change group", 
            "content_type": 13
        }
    }, 
    {
        "pk": 39, 
        "model": "auth.permission", 
        "fields": {
            "codename": "delete_group", 
            "name": "Can delete group", 
            "content_type": 13
        }
    }, 
    {
        "pk": 43, 
        "model": "auth.permission", 
        "fields": {
            "codename": "add_message", 
            "name": "Can add message", 
            "content_type": 15
        }
    }, 
    {
        "pk": 44, 
        "model": "auth.permission", 
        "fields": {
            "codename": "change_message", 
            "name": "Can change message", 
            "content_type": 15
        }
    }, 
    {
        "pk": 45, 
        "model": "auth.permission", 
        "fields": {
            "codename": "delete_message", 
            "name": "Can delete message", 
            "content_type": 15
        }
    }, 
    {
        "pk": 34, 
        "model": "auth.permission", 
        "fields": {
            "codename": "add_permission", 
            "name": "Can add permission", 
            "content_type": 12
        }
    }, 
    {
        "pk": 35, 
        "model": "auth.permission", 
        "fields": {
            "codename": "change_permission", 
            "name": "Can change permission", 
            "content_type": 12
        }
    }, 
    {
        "pk": 36, 
        "model": "auth.permission", 
        "fields": {
            "codename": "delete_permission", 
            "name": "Can delete permission", 
            "content_type": 12
        }
    }, 
    {
        "pk": 40, 
        "model": "auth.permission", 
        "fields": {
            "codename": "add_user", 
            "name": "Can add user", 
            "content_type": 14
        }
    }, 
    {
        "pk": 41, 
        "model": "auth.permission", 
        "fields": {
            "codename": "change_user", 
            "name": "Can change user", 
            "content_type": 14
        }
    }, 
    {
        "pk": 42, 
        "model": "auth.permission", 
        "fields": {
            "codename": "delete_user", 
            "name": "Can delete user", 
            "content_type": 14
        }
    }, 
    {
        "pk": 46, 
        "model": "auth.permission", 
        "fields": {
            "codename": "add_contenttype", 
            "name": "Can add content type", 
            "content_type": 16
        }
    }, 
    {
        "pk": 47, 
        "model": "auth.permission", 
        "fields": {
            "codename": "change_contenttype", 
            "name": "Can change content type", 
            "content_type": 16
        }
    }, 
    {
        "pk": 48, 
        "model": "auth.permission", 
        "fields": {
            "codename": "delete_contenttype", 
            "name": "Can delete content type", 
            "content_type": 16
        }
    }, 
    {
        "pk": 61, 
        "model": "auth.permission", 
        "fields": {
            "codename": "add_assignment", 
            "name": "Can add Assignment", 
            "content_type": 21
        }
    }, 
    {
        "pk": 62, 
        "model": "auth.permission", 
        "fields": {
            "codename": "change_assignment", 
            "name": "Can change Assignment", 
            "content_type": 21
        }
    }, 
    {
        "pk": 63, 
        "model": "auth.permission", 
        "fields": {
            "codename": "delete_assignment", 
            "name": "Can delete Assignment", 
            "content_type": 21
        }
    }, 
    {
        "pk": 67, 
        "model": "auth.permission", 
        "fields": {
            "codename": "add_assignmentgroup", 
            "name": "Can add assignment group", 
            "content_type": 23
        }
    }, 
    {
        "pk": 68, 
        "model": "auth.permission", 
        "fields": {
            "codename": "change_assignmentgroup", 
            "name": "Can change assignment group", 
            "content_type": 23
        }
    }, 
    {
        "pk": 69, 
        "model": "auth.permission", 
        "fields": {
            "codename": "delete_assignmentgroup", 
            "name": "Can delete assignment group", 
            "content_type": 23
        }
    }, 
    {
        "pk": 64, 
        "model": "auth.permission", 
        "fields": {
            "codename": "add_candidate", 
            "name": "Can add candidate", 
            "content_type": 22
        }
    }, 
    {
        "pk": 65, 
        "model": "auth.permission", 
        "fields": {
            "codename": "change_candidate", 
            "name": "Can change candidate", 
            "content_type": 22
        }
    }, 
    {
        "pk": 66, 
        "model": "auth.permission", 
        "fields": {
            "codename": "delete_candidate", 
            "name": "Can delete candidate", 
            "content_type": 22
        }
    }, 
    {
        "pk": 70, 
        "model": "auth.permission", 
        "fields": {
            "codename": "add_deadline", 
            "name": "Can add Deadline", 
            "content_type": 24
        }
    }, 
    {
        "pk": 71, 
        "model": "auth.permission", 
        "fields": {
            "codename": "change_deadline", 
            "name": "Can change Deadline", 
            "content_type": 24
        }
    }, 
    {
        "pk": 72, 
        "model": "auth.permission", 
        "fields": {
            "codename": "delete_deadline", 
            "name": "Can delete Deadline", 
            "content_type": 24
        }
    }, 
    {
        "pk": 73, 
        "model": "auth.permission", 
        "fields": {
            "codename": "add_delivery", 
            "name": "Can add Delivery", 
            "content_type": 25
        }
    }, 
    {
        "pk": 74, 
        "model": "auth.permission", 
        "fields": {
            "codename": "change_delivery", 
            "name": "Can change Delivery", 
            "content_type": 25
        }
    }, 
    {
        "pk": 75, 
        "model": "auth.permission", 
        "fields": {
            "codename": "delete_delivery", 
            "name": "Can delete Delivery", 
            "content_type": 25
        }
    }, 
    {
        "pk": 76, 
        "model": "auth.permission", 
        "fields": {
            "codename": "add_feedback", 
            "name": "Can add feedback", 
            "content_type": 26
        }
    }, 
    {
        "pk": 77, 
        "model": "auth.permission", 
        "fields": {
            "codename": "change_feedback", 
            "name": "Can change feedback", 
            "content_type": 26
        }
    }, 
    {
        "pk": 78, 
        "model": "auth.permission", 
        "fields": {
            "codename": "delete_feedback", 
            "name": "Can delete feedback", 
            "content_type": 26
        }
    }, 
    {
        "pk": 79, 
        "model": "auth.permission", 
        "fields": {
            "codename": "add_filemeta", 
            "name": "Can add FileMeta", 
            "content_type": 27
        }
    }, 
    {
        "pk": 80, 
        "model": "auth.permission", 
        "fields": {
            "codename": "change_filemeta", 
            "name": "Can change FileMeta", 
            "content_type": 27
        }
    }, 
    {
        "pk": 81, 
        "model": "auth.permission", 
        "fields": {
            "codename": "delete_filemeta", 
            "name": "Can delete FileMeta", 
            "content_type": 27
        }
    }, 
    {
        "pk": 49, 
        "model": "auth.permission", 
        "fields": {
            "codename": "add_grademodel", 
            "name": "Can add grade model", 
            "content_type": 17
        }
    }, 
    {
        "pk": 50, 
        "model": "auth.permission", 
        "fields": {
            "codename": "change_grademodel", 
            "name": "Can change grade model", 
            "content_type": 17
        }
    }, 
    {
        "pk": 51, 
        "model": "auth.permission", 
        "fields": {
            "codename": "delete_grademodel", 
            "name": "Can delete grade model", 
            "content_type": 17
        }
    }, 
    {
        "pk": 52, 
        "model": "auth.permission", 
        "fields": {
            "codename": "add_node", 
            "name": "Can add Node", 
            "content_type": 18
        }
    }, 
    {
        "pk": 53, 
        "model": "auth.permission", 
        "fields": {
            "codename": "change_node", 
            "name": "Can change Node", 
            "content_type": 18
        }
    }, 
    {
        "pk": 54, 
        "model": "auth.permission", 
        "fields": {
            "codename": "delete_node", 
            "name": "Can delete Node", 
            "content_type": 18
        }
    }, 
    {
        "pk": 58, 
        "model": "auth.permission", 
        "fields": {
            "codename": "add_period", 
            "name": "Can add Period", 
            "content_type": 20
        }
    }, 
    {
        "pk": 59, 
        "model": "auth.permission", 
        "fields": {
            "codename": "change_period", 
            "name": "Can change Period", 
            "content_type": 20
        }
    }, 
    {
        "pk": 60, 
        "model": "auth.permission", 
        "fields": {
            "codename": "delete_period", 
            "name": "Can delete Period", 
            "content_type": 20
        }
    }, 
    {
        "pk": 55, 
        "model": "auth.permission", 
        "fields": {
            "codename": "add_subject", 
            "name": "Can add Subject", 
            "content_type": 19
        }
    }, 
    {
        "pk": 56, 
        "model": "auth.permission", 
        "fields": {
            "codename": "change_subject", 
            "name": "Can change Subject", 
            "content_type": 19
        }
    }, 
    {
        "pk": 57, 
        "model": "auth.permission", 
        "fields": {
            "codename": "delete_subject", 
            "name": "Can delete Subject", 
            "content_type": 19
        }
    }, 
    {
        "pk": 10, 
        "model": "auth.permission", 
        "fields": {
            "codename": "add_approvedgrade", 
            "name": "Can add approved grade", 
            "content_type": 4
        }
    }, 
    {
        "pk": 11, 
        "model": "auth.permission", 
        "fields": {
            "codename": "change_approvedgrade", 
            "name": "Can change approved grade", 
            "content_type": 4
        }
    }, 
    {
        "pk": 12, 
        "model": "auth.permission", 
        "fields": {
            "codename": "delete_approvedgrade", 
            "name": "Can delete approved grade", 
            "content_type": 4
        }
    }, 
    {
        "pk": 13, 
        "model": "auth.permission", 
        "fields": {
            "codename": "add_charfieldgrade", 
            "name": "Can add char field grade", 
            "content_type": 5
        }
    }, 
    {
        "pk": 14, 
        "model": "auth.permission", 
        "fields": {
            "codename": "change_charfieldgrade", 
            "name": "Can change char field grade", 
            "content_type": 5
        }
    }, 
    {
        "pk": 15, 
        "model": "auth.permission", 
        "fields": {
            "codename": "delete_charfieldgrade", 
            "name": "Can delete char field grade", 
            "content_type": 5
        }
    }, 
    {
        "pk": 28, 
        "model": "auth.permission", 
        "fields": {
            "codename": "add_rstschemadefinition", 
            "name": "Can add rst schema definition", 
            "content_type": 10
        }
    }, 
    {
        "pk": 29, 
        "model": "auth.permission", 
        "fields": {
            "codename": "change_rstschemadefinition", 
            "name": "Can change rst schema definition", 
            "content_type": 10
        }
    }, 
    {
        "pk": 30, 
        "model": "auth.permission", 
        "fields": {
            "codename": "delete_rstschemadefinition", 
            "name": "Can delete rst schema definition", 
            "content_type": 10
        }
    }, 
    {
        "pk": 31, 
        "model": "auth.permission", 
        "fields": {
            "codename": "add_rstschemagrade", 
            "name": "Can add rst schema grade", 
            "content_type": 11
        }
    }, 
    {
        "pk": 32, 
        "model": "auth.permission", 
        "fields": {
            "codename": "change_rstschemagrade", 
            "name": "Can change rst schema grade", 
            "content_type": 11
        }
    }, 
    {
        "pk": 33, 
        "model": "auth.permission", 
        "fields": {
            "codename": "delete_rstschemagrade", 
            "name": "Can delete rst schema grade", 
            "content_type": 11
        }
    }, 
    {
        "pk": 19, 
        "model": "auth.permission", 
        "fields": {
            "codename": "add_entry", 
            "name": "Can add entry", 
            "content_type": 7
        }
    }, 
    {
        "pk": 20, 
        "model": "auth.permission", 
        "fields": {
            "codename": "change_entry", 
            "name": "Can change entry", 
            "content_type": 7
        }
    }, 
    {
        "pk": 21, 
        "model": "auth.permission", 
        "fields": {
            "codename": "delete_entry", 
            "name": "Can delete entry", 
            "content_type": 7
        }
    }, 
    {
        "pk": 25, 
        "model": "auth.permission", 
        "fields": {
            "codename": "add_result", 
            "name": "Can add result", 
            "content_type": 9
        }
    }, 
    {
        "pk": 26, 
        "model": "auth.permission", 
        "fields": {
            "codename": "change_result", 
            "name": "Can change result", 
            "content_type": 9
        }
    }, 
    {
        "pk": 27, 
        "model": "auth.permission", 
        "fields": {
            "codename": "delete_result", 
            "name": "Can delete result", 
            "content_type": 9
        }
    }, 
    {
        "pk": 16, 
        "model": "auth.permission", 
        "fields": {
            "codename": "add_schemagrade", 
            "name": "Can add schema grade", 
            "content_type": 6
        }
    }, 
    {
        "pk": 17, 
        "model": "auth.permission", 
        "fields": {
            "codename": "change_schemagrade", 
            "name": "Can change schema grade", 
            "content_type": 6
        }
    }, 
    {
        "pk": 18, 
        "model": "auth.permission", 
        "fields": {
            "codename": "delete_schemagrade", 
            "name": "Can delete schema grade", 
            "content_type": 6
        }
    }, 
    {
        "pk": 22, 
        "model": "auth.permission", 
        "fields": {
            "codename": "add_schemagraderesults", 
            "name": "Can add schema grade results", 
            "content_type": 8
        }
    }, 
    {
        "pk": 23, 
        "model": "auth.permission", 
        "fields": {
            "codename": "change_schemagraderesults", 
            "name": "Can change schema grade results", 
            "content_type": 8
        }
    }, 
    {
        "pk": 24, 
        "model": "auth.permission", 
        "fields": {
            "codename": "delete_schemagraderesults", 
            "name": "Can delete schema grade results", 
            "content_type": 8
        }
    }, 
    {
        "pk": 1, 
        "model": "auth.permission", 
        "fields": {
            "codename": "add_session", 
            "name": "Can add session", 
            "content_type": 1
        }
    }, 
    {
        "pk": 2, 
        "model": "auth.permission", 
        "fields": {
            "codename": "change_session", 
            "name": "Can change session", 
            "content_type": 1
        }
    }, 
    {
        "pk": 3, 
        "model": "auth.permission", 
        "fields": {
            "codename": "delete_session", 
            "name": "Can delete session", 
            "content_type": 1
        }
    }, 
    {
        "pk": 4, 
        "model": "auth.permission", 
        "fields": {
            "codename": "add_site", 
            "name": "Can add site", 
            "content_type": 2
        }
    }, 
    {
        "pk": 5, 
        "model": "auth.permission", 
        "fields": {
            "codename": "change_site", 
            "name": "Can change site", 
            "content_type": 2
        }
    }, 
    {
        "pk": 6, 
        "model": "auth.permission", 
        "fields": {
            "codename": "delete_site", 
            "name": "Can delete site", 
            "content_type": 2
        }
    }, 
    {
        "pk": 1, 
        "model": "auth.user", 
        "fields": {
            "username": "grandma", 
            "first_name": "Elvira 'Grandma'", 
            "last_name": "Coot", 
            "is_active": true, 
            "is_superuser": true, 
            "is_staff": true, 
            "last_login": "2010-09-19 08:55:20", 
            "groups": [], 
            "user_permissions": [], 
            "password": "sha1$7b509$a73b4c9c803a2d5224c98f51f29630e77dce1ef4", 
            "email": "mail@example.com", 
            "date_joined": "2010-01-23 09:32:37"
        }
    }, 
    {
        "pk": 2, 
        "model": "auth.user", 
        "fields": {
            "username": "huey", 
            "first_name": "Huey", 
            "last_name": "Duck", 
            "is_active": true, 
            "is_superuser": false, 
            "is_staff": false, 
            "last_login": "2010-08-25 22:17:21", 
            "groups": [], 
            "user_permissions": [], 
            "password": "sha1$2c178$b02865f8883eb753cc6419cd95d7fe7f9a6bf9f5", 
            "email": "mail@example.com", 
            "date_joined": "2010-03-05 16:54:03"
        }
    }, 
    {
        "pk": 3, 
        "model": "auth.user", 
        "fields": {
            "username": "dewey", 
            "first_name": "Dewey", 
            "last_name": "Duck", 
            "is_active": true, 
            "is_superuser": false, 
            "is_staff": false, 
            "last_login": "2010-05-29 12:42:50", 
            "groups": [], 
            "user_permissions": [], 
            "password": "sha1$2c178$b02865f8883eb753cc6419cd95d7fe7f9a6bf9f5", 
            "email": "mail@example.com", 
            "date_joined": "2010-03-05 16:54:03"
        }
    }, 
    {
        "pk": 4, 
        "model": "auth.user", 
        "fields": {
            "username": "louie", 
            "first_name": "Louie", 
            "last_name": "Duck", 
            "is_active": true, 
            "is_superuser": false, 
            "is_staff": false, 
            "last_login": "2010-05-29 12:42:50", 
            "groups": [], 
            "user_permissions": [], 
            "password": "sha1$2c178$b02865f8883eb753cc6419cd95d7fe7f9a6bf9f5", 
            "email": "mail@example.com", 
            "date_joined": "2010-03-05 16:54:03"
        }
    }, 
    {
        "pk": 5, 
        "model": "auth.user", 
        "fields": {
            "username": "donald", 
            "first_name": "Donald", 
            "last_name": "Duck", 
            "is_active": true, 
            "is_superuser": false, 
            "is_staff": false, 
            "last_login": "2010-08-26 17:45:46", 
            "groups": [], 
            "user_permissions": [], 
            "password": "sha1$2c178$b02865f8883eb753cc6419cd95d7fe7f9a6bf9f5", 
            "email": "mail@example.com", 
            "date_joined": "2010-03-05 16:54:03"
        }
    }, 
    {
        "pk": 6, 
        "model": "auth.user", 
        "fields": {
            "username": "della", 
            "first_name": "Della", 
            "last_name": "Duck", 
            "is_active": true, 
            "is_superuser": false, 
            "is_staff": false, 
            "last_login": "2010-05-29 12:42:50", 
            "groups": [], 
            "user_permissions": [], 
            "password": "sha1$2c178$b02865f8883eb753cc6419cd95d7fe7f9a6bf9f5", 
            "email": "mail@example.com", 
            "date_joined": "2010-03-05 16:54:03"
        }
    }, 
    {
        "pk": 7, 
        "model": "auth.user", 
        "fields": {
            "username": "gladstone", 
            "first_name": "Gladstone", 
            "last_name": "Gander", 
            "is_active": true, 
            "is_superuser": false, 
            "is_staff": false, 
            "last_login": "2010-05-29 12:42:50", 
            "groups": [], 
            "user_permissions": [], 
            "password": "sha1$2c178$b02865f8883eb753cc6419cd95d7fe7f9a6bf9f5", 
            "email": "mail@example.com", 
            "date_joined": "2010-03-05 16:54:03"
        }
    }, 
    {
        "pk": 8, 
        "model": "auth.user", 
        "fields": {
            "username": "fethry", 
            "first_name": "Fethry", 
            "last_name": "Duck", 
            "is_active": true, 
            "is_superuser": false, 
            "is_staff": false, 
            "last_login": "2010-05-29 12:42:50", 
            "groups": [], 
            "user_permissions": [], 
            "password": "sha1$2c178$b02865f8883eb753cc6419cd95d7fe7f9a6bf9f5", 
            "email": "mail@example.com", 
            "date_joined": "2010-03-05 16:54:03"
        }
    }, 
    {
        "pk": 9, 
        "model": "auth.user", 
        "fields": {
            "username": "gus", 
            "first_name": "Gus", 
            "last_name": "Goose", 
            "is_active": true, 
            "is_superuser": false, 
            "is_staff": false, 
            "last_login": "2010-05-29 12:42:50", 
            "groups": [], 
            "user_permissions": [], 
            "password": "sha1$2c178$b02865f8883eb753cc6419cd95d7fe7f9a6bf9f5", 
            "email": "mail@example.com", 
            "date_joined": "2010-03-05 16:54:03"
        }
    }, 
    {
        "pk": 10, 
        "model": "auth.user", 
        "fields": {
            "username": "scrooge", 
            "first_name": "Scrooge", 
            "last_name": "McDuck", 
            "is_active": true, 
            "is_superuser": false, 
            "is_staff": false, 
            "last_login": "2010-05-29 12:42:50", 
            "groups": [], 
            "user_permissions": [], 
            "password": "sha1$2c178$b02865f8883eb753cc6419cd95d7fe7f9a6bf9f5", 
            "email": "mail@example.com", 
            "date_joined": "2010-03-05 16:54:03"
        }
    }, 
    {
        "pk": 11, 
        "model": "auth.user", 
        "fields": {
            "username": "matilda", 
            "first_name": "Matilda", 
            "last_name": "McDuck", 
            "is_active": true, 
            "is_superuser": false, 
            "is_staff": false, 
            "last_login": "2010-05-29 12:42:50", 
            "groups": [], 
            "user_permissions": [], 
            "password": "sha1$2c178$b02865f8883eb753cc6419cd95d7fe7f9a6bf9f5", 
            "email": "mail@example.com", 
            "date_joined": "2010-03-05 16:54:03"
        }
    }, 
    {
        "pk": 12, 
        "model": "auth.user", 
        "fields": {
            "username": "daisy", 
            "first_name": "Daisy", 
            "last_name": "Duck", 
            "is_active": true, 
            "is_superuser": false, 
            "is_staff": false, 
            "last_login": "2010-08-06 21:39:57", 
            "groups": [], 
            "user_permissions": [], 
            "password": "sha1$2c178$b02865f8883eb753cc6419cd95d7fe7f9a6bf9f5", 
            "email": "mail@example.com", 
            "date_joined": "2010-03-05 16:54:03"
        }
    }, 
    {
        "pk": 13, 
        "model": "auth.user", 
        "fields": {
            "username": "clarabelle", 
            "first_name": "Clarabelle", 
            "last_name": "Cow", 
            "is_active": true, 
            "is_superuser": false, 
            "is_staff": false, 
            "last_login": "2010-09-19 09:14:35", 
            "groups": [], 
            "user_permissions": [], 
            "password": "sha1$2c178$b02865f8883eb753cc6419cd95d7fe7f9a6bf9f5", 
            "email": "mail@example.com", 
            "date_joined": "2010-03-05 16:54:03"
        }
    }, 
    {
        "pk": 14, 
        "model": "auth.user", 
        "fields": {
            "username": "april", 
            "first_name": "April", 
            "last_name": "Duck", 
            "is_active": true, 
            "is_superuser": false, 
            "is_staff": false, 
            "last_login": "2010-08-05 18:26:29", 
            "groups": [], 
            "user_permissions": [], 
            "password": "sha1$2c178$b02865f8883eb753cc6419cd95d7fe7f9a6bf9f5", 
            "email": "mail@example.com", 
            "date_joined": "2010-03-05 16:54:03"
        }
    }, 
    {
        "pk": 15, 
        "model": "auth.user", 
        "fields": {
            "username": "may", 
            "first_name": "May", 
            "last_name": "Duck", 
            "is_active": true, 
            "is_superuser": false, 
            "is_staff": false, 
            "last_login": "2010-08-26 12:41:49", 
            "groups": [], 
            "user_permissions": [], 
            "password": "sha1$2c178$b02865f8883eb753cc6419cd95d7fe7f9a6bf9f5", 
            "email": "mail@example.com", 
            "date_joined": "2010-03-05 16:54:03"
        }
    }, 
    {
        "pk": 16, 
        "model": "auth.user", 
        "fields": {
            "username": "june", 
            "first_name": "June", 
            "last_name": "Duck", 
            "is_active": true, 
            "is_superuser": false, 
            "is_staff": false, 
            "last_login": "2010-08-23 11:46:13", 
            "groups": [], 
            "user_permissions": [], 
            "password": "sha1$2c178$b02865f8883eb753cc6419cd95d7fe7f9a6bf9f5", 
            "email": "mail@example.com", 
            "date_joined": "2010-03-05 16:54:03"
        }
    }, 
    {
        "pk": 17, 
        "model": "auth.user", 
        "fields": {
            "username": "pinocchio", 
            "first_name": "Pinocchio", 
            "last_name": "", 
            "is_active": true, 
            "is_superuser": false, 
            "is_staff": false, 
            "last_login": "2010-08-11 12:17:15", 
            "groups": [], 
            "user_permissions": [], 
            "password": "sha1$b6f97$4f19b2ce4979b4f2489966215755df6d120d66fd", 
            "email": "mail@example.com", 
            "date_joined": "2010-08-11 12:17:15"
        }
    }, 
    {
        "pk": 18, 
        "model": "auth.user", 
        "fields": {
            "username": "mowgli", 
            "first_name": "Mowgli", 
            "last_name": "", 
            "is_active": true, 
            "is_superuser": false, 
            "is_staff": false, 
            "last_login": "2010-08-11 12:17:42", 
            "groups": [], 
            "user_permissions": [], 
            "password": "sha1$1fda2$a6318c5175c77fe6b60442622e802f8144ef4fe3", 
            "email": "mail@example.com", 
            "date_joined": "2010-08-11 12:17:42"
        }
    }, 
    {
        "pk": 19, 
        "model": "auth.user", 
        "fields": {
            "username": "peterpan", 
            "first_name": "Peter", 
            "last_name": "Pan", 
            "is_active": true, 
            "is_superuser": false, 
            "is_staff": false, 
            "last_login": "2010-08-11 12:19:19", 
            "groups": [], 
            "user_permissions": [], 
            "password": "sha1$c85c2$cb6b4be3c25ec66087cb02fb3e98042f6162b71e", 
            "email": "mail@example.com", 
            "date_joined": "2010-08-11 12:19:19"
        }
    }, 
    {
        "pk": 20, 
        "model": "auth.user", 
        "fields": {
            "username": "wendy", 
            "first_name": "Wendy", 
            "last_name": "", 
            "is_active": true, 
            "is_superuser": false, 
            "is_staff": false, 
            "last_login": "2010-08-11 12:19:31", 
            "groups": [], 
            "user_permissions": [], 
            "password": "sha1$9a4ac$56bbd06b3f55155de56ad6472b83343c37663bd9", 
            "email": "mail@example.com", 
            "date_joined": "2010-08-11 12:19:31"
        }
    }, 
    {
        "pk": 21, 
        "model": "auth.user", 
        "fields": {
            "username": "simba", 
            "first_name": "Simba", 
            "last_name": "", 
            "is_active": true, 
            "is_superuser": false, 
            "is_staff": false, 
            "last_login": "2010-08-11 12:19:44", 
            "groups": [], 
            "user_permissions": [], 
            "password": "sha1$7271a$e6f99cf085377cd893543f58e95c7299270b2c05", 
            "email": "mail@example.com", 
            "date_joined": "2010-08-11 12:19:44"
        }
    }, 
    {
        "pk": 22, 
        "model": "auth.user", 
        "fields": {
            "username": "stud1", 
            "first_name": "", 
            "last_name": "", 
            "is_active": true, 
            "is_superuser": false, 
            "is_staff": false, 
            "last_login": "2010-08-25 20:56:03", 
            "groups": [], 
            "user_permissions": [], 
            "password": "sha1$242ef$6f4e1993398ca80258299579cf7a031bb9569b23", 
            "email": "", 
            "date_joined": "2010-08-25 20:56:03"
        }
    }, 
    {
        "pk": 23, 
        "model": "auth.user", 
        "fields": {
            "username": "stud2", 
            "first_name": "", 
            "last_name": "", 
            "is_active": true, 
            "is_superuser": false, 
            "is_staff": false, 
            "last_login": "2010-08-25 20:56:26", 
            "groups": [], 
            "user_permissions": [], 
            "password": "sha1$adb55$fb42a317ad674c47787cbc6e65f1b1fb26e26c0a", 
            "email": "", 
            "date_joined": "2010-08-25 20:56:26"
        }
    }, 
    {
        "pk": 24, 
        "model": "auth.user", 
        "fields": {
            "username": "stud3", 
            "first_name": "", 
            "last_name": "", 
            "is_active": true, 
            "is_superuser": false, 
            "is_staff": false, 
            "last_login": "2010-08-25 20:56:38", 
            "groups": [], 
            "user_permissions": [], 
            "password": "sha1$3b8d0$93da7a74ccd4db48dac25fab6267069a1e83d94f", 
            "email": "", 
            "date_joined": "2010-08-25 20:56:38"
        }
    }, 
    {
        "pk": 25, 
        "model": "auth.user", 
        "fields": {
            "username": "stud4", 
            "first_name": "", 
            "last_name": "", 
            "is_active": true, 
            "is_superuser": false, 
            "is_staff": false, 
            "last_login": "2010-08-25 20:56:54", 
            "groups": [], 
            "user_permissions": [], 
            "password": "sha1$e3edc$3656efd31b242fb3452095ab1851aec50b57aa8d", 
            "email": "", 
            "date_joined": "2010-08-25 20:56:54"
        }
    }, 
    {
        "pk": 26, 
        "model": "auth.user", 
        "fields": {
            "username": "stud5", 
            "first_name": "", 
            "last_name": "", 
            "is_active": true, 
            "is_superuser": false, 
            "is_staff": false, 
            "last_login": "2010-08-25 20:57:04", 
            "groups": [], 
            "user_permissions": [], 
            "password": "sha1$3f985$f62933f4b20bddb7abb8ab26fd4453df977f348d", 
            "email": "", 
            "date_joined": "2010-08-25 20:57:04"
        }
    }, 
    {
        "pk": 27, 
        "model": "auth.user", 
        "fields": {
            "username": "stud6", 
            "first_name": "", 
            "last_name": "", 
            "is_active": true, 
            "is_superuser": false, 
            "is_staff": false, 
            "last_login": "2010-08-25 20:57:14", 
            "groups": [], 
            "user_permissions": [], 
            "password": "sha1$9a0c4$716c5b86c3a7f3c4abefea627304906b6028ba50", 
            "email": "", 
            "date_joined": "2010-08-25 20:57:14"
        }
    }, 
    {
        "pk": 28, 
        "model": "auth.user", 
        "fields": {
            "username": "stud7", 
            "first_name": "", 
            "last_name": "", 
            "is_active": true, 
            "is_superuser": false, 
            "is_staff": false, 
            "last_login": "2010-08-25 20:57:23", 
            "groups": [], 
            "user_permissions": [], 
            "password": "sha1$48de8$dd3d119a67a6bf8ef19067fe1aa7e0a991c637fd", 
            "email": "", 
            "date_joined": "2010-08-25 20:57:23"
        }
    }, 
    {
        "pk": 29, 
        "model": "auth.user", 
        "fields": {
            "username": "stud8", 
            "first_name": "", 
            "last_name": "", 
            "is_active": true, 
            "is_superuser": false, 
            "is_staff": false, 
            "last_login": "2010-08-25 20:57:34", 
            "groups": [], 
            "user_permissions": [], 
            "password": "sha1$765d0$92c1017ab45f6d6f45773f93fa0b3d85dc51064f", 
            "email": "", 
            "date_joined": "2010-08-25 20:57:34"
        }
    }, 
    {
        "pk": 30, 
        "model": "auth.user", 
        "fields": {
            "username": "stud9", 
            "first_name": "", 
            "last_name": "", 
            "is_active": true, 
            "is_superuser": false, 
            "is_staff": false, 
            "last_login": "2010-08-25 20:57:44", 
            "groups": [], 
            "user_permissions": [], 
            "password": "sha1$2fb03$53b1eaebc5715b6c9a13b4deb52fdf5d8f652f4a", 
            "email": "", 
            "date_joined": "2010-08-25 20:57:44"
        }
    }, 
    {
        "pk": 31, 
        "model": "auth.user", 
        "fields": {
            "username": "stud10", 
            "first_name": "", 
            "last_name": "", 
            "is_active": true, 
            "is_superuser": false, 
            "is_staff": false, 
            "last_login": "2010-08-25 20:57:52", 
            "groups": [], 
            "user_permissions": [], 
            "password": "sha1$37f6d$a8ddc6f89a2f8b802df8755dafb53dd494fbde18", 
            "email": "", 
            "date_joined": "2010-08-25 20:57:52"
        }
    }, 
    {
        "pk": 32, 
        "model": "auth.user", 
        "fields": {
            "username": "stud11", 
            "first_name": "", 
            "last_name": "", 
            "is_active": true, 
            "is_superuser": false, 
            "is_staff": false, 
            "last_login": "2010-08-25 20:58:02", 
            "groups": [], 
            "user_permissions": [], 
            "password": "sha1$7e99b$88cecd7d118ec7d3f7b6156cf27442ce81bf87fe", 
            "email": "", 
            "date_joined": "2010-08-25 20:58:02"
        }
    }, 
    {
        "pk": 33, 
        "model": "auth.user", 
        "fields": {
            "username": "stud12", 
            "first_name": "", 
            "last_name": "", 
            "is_active": true, 
            "is_superuser": false, 
            "is_staff": false, 
            "last_login": "2010-08-25 20:58:11", 
            "groups": [], 
            "user_permissions": [], 
            "password": "sha1$11223$5d2a8cb212d037a0fc893f498fbb84e7c2c267bc", 
            "email": "", 
            "date_joined": "2010-08-25 20:58:11"
        }
    }, 
    {
        "pk": 34, 
        "model": "auth.user", 
        "fields": {
            "username": "stud13", 
            "first_name": "", 
            "last_name": "", 
            "is_active": true, 
            "is_superuser": false, 
            "is_staff": false, 
            "last_login": "2010-08-25 20:58:20", 
            "groups": [], 
            "user_permissions": [], 
            "password": "sha1$ac661$385d3668aca45eafaf33afccd1b98a2026264699", 
            "email": "", 
            "date_joined": "2010-08-25 20:58:20"
        }
    }, 
    {
        "pk": 35, 
        "model": "auth.user", 
        "fields": {
            "username": "stud14", 
            "first_name": "", 
            "last_name": "", 
            "is_active": true, 
            "is_superuser": false, 
            "is_staff": false, 
            "last_login": "2010-08-25 20:58:29", 
            "groups": [], 
            "user_permissions": [], 
            "password": "sha1$7687c$c80bc01cbaffda09fdcfc2cbbbad372ed02075c8", 
            "email": "", 
            "date_joined": "2010-08-25 20:58:29"
        }
    }, 
    {
        "pk": 36, 
        "model": "auth.user", 
        "fields": {
            "username": "stud15", 
            "first_name": "", 
            "last_name": "", 
            "is_active": true, 
            "is_superuser": false, 
            "is_staff": false, 
            "last_login": "2010-08-25 20:58:39", 
            "groups": [], 
            "user_permissions": [], 
            "password": "sha1$9a267$e2c9be5ac4cd0bfc4a3d290c0b3abc844d1d6cef", 
            "email": "", 
            "date_joined": "2010-08-25 20:58:39"
        }
    }, 
    {
        "pk": 37, 
        "model": "auth.user", 
        "fields": {
            "username": "stud16", 
            "first_name": "", 
            "last_name": "", 
            "is_active": true, 
            "is_superuser": false, 
            "is_staff": false, 
            "last_login": "2010-08-25 20:58:48", 
            "groups": [], 
            "user_permissions": [], 
            "password": "sha1$10ead$f3a7a64fdfa7bee89dba6a78ad63623265275e6a", 
            "email": "", 
            "date_joined": "2010-08-25 20:58:48"
        }
    }, 
    {
        "pk": 38, 
        "model": "auth.user", 
        "fields": {
            "username": "stud17", 
            "first_name": "", 
            "last_name": "", 
            "is_active": true, 
            "is_superuser": false, 
            "is_staff": false, 
            "last_login": "2010-08-25 20:58:56", 
            "groups": [], 
            "user_permissions": [], 
            "password": "sha1$1b195$c8c05529dbe02ae68b7cd3b04ec861acf0e72382", 
            "email": "", 
            "date_joined": "2010-08-25 20:58:56"
        }
    }, 
    {
        "pk": 39, 
        "model": "auth.user", 
        "fields": {
            "username": "stud19", 
            "first_name": "", 
            "last_name": "", 
            "is_active": true, 
            "is_superuser": false, 
            "is_staff": false, 
            "last_login": "2010-08-25 20:59:05", 
            "groups": [], 
            "user_permissions": [], 
            "password": "sha1$e1219$ca1ef0f378814c856105de0d1525171d2ae025bf", 
            "email": "", 
            "date_joined": "2010-08-25 20:59:05"
        }
    }, 
    {
        "pk": 40, 
        "model": "auth.user", 
        "fields": {
            "username": "stud20", 
            "first_name": "", 
            "last_name": "", 
            "is_active": true, 
            "is_superuser": false, 
            "is_staff": false, 
            "last_login": "2010-08-25 20:59:14", 
            "groups": [], 
            "user_permissions": [], 
            "password": "sha1$50a95$3b000bccfc241cdebd18ffab23ceb574b10c7cca", 
            "email": "", 
            "date_joined": "2010-08-25 20:59:14"
        }
    }, 
    {
        "pk": 41, 
        "model": "auth.user", 
        "fields": {
            "username": "stud18", 
            "first_name": "", 
            "last_name": "", 
            "is_active": true, 
            "is_superuser": false, 
            "is_staff": false, 
            "last_login": "2010-08-25 20:59:52", 
            "groups": [], 
            "user_permissions": [], 
            "password": "sha1$7a7c2$7ea7c0af0d4db08ac711e0e10a2a50860c945d79", 
            "email": "", 
            "date_joined": "2010-08-25 20:59:52"
        }
    }, 
    {
        "pk": 42, 
        "model": "auth.user", 
        "fields": {
            "username": "stud21", 
            "first_name": "", 
            "last_name": "", 
            "is_active": true, 
            "is_superuser": false, 
            "is_staff": false, 
            "last_login": "2010-08-26 16:30:22", 
            "groups": [], 
            "user_permissions": [], 
            "password": "sha1$e77ca$cc04f6d2841d5cdb044ce821ea2e47a41519df94", 
            "email": "", 
            "date_joined": "2010-08-26 16:30:22"
        }
    }, 
    {
        "pk": 43, 
        "model": "auth.user", 
        "fields": {
            "username": "stud22", 
            "first_name": "", 
            "last_name": "", 
            "is_active": true, 
            "is_superuser": false, 
            "is_staff": false, 
            "last_login": "2010-08-26 16:30:32", 
            "groups": [], 
            "user_permissions": [], 
            "password": "sha1$f61fb$19c457f5ac0aaba2b7d8465b3b92488232e21e6c", 
            "email": "", 
            "date_joined": "2010-08-26 16:30:32"
        }
    }, 
    {
        "pk": 44, 
        "model": "auth.user", 
        "fields": {
            "username": "stud23", 
            "first_name": "", 
            "last_name": "", 
            "is_active": true, 
            "is_superuser": false, 
            "is_staff": false, 
            "last_login": "2010-08-26 16:30:41", 
            "groups": [], 
            "user_permissions": [], 
            "password": "sha1$c87b4$012e90541338517e12cd608e27c3883021ff9677", 
            "email": "", 
            "date_joined": "2010-08-26 16:30:41"
        }
    }, 
    {
        "pk": 45, 
        "model": "auth.user", 
        "fields": {
            "username": "stud24", 
            "first_name": "", 
            "last_name": "", 
            "is_active": true, 
            "is_superuser": false, 
            "is_staff": false, 
            "last_login": "2010-08-26 16:30:53", 
            "groups": [], 
            "user_permissions": [], 
            "password": "sha1$7e398$c2896d1348b6d50d6e4598024874f0f66f35a9e9", 
            "email": "", 
            "date_joined": "2010-08-26 16:30:53"
        }
    }, 
    {
        "pk": 46, 
        "model": "auth.user", 
        "fields": {
            "username": "stud25", 
            "first_name": "", 
            "last_name": "", 
            "is_active": true, 
            "is_superuser": false, 
            "is_staff": false, 
            "last_login": "2010-08-26 16:31:02", 
            "groups": [], 
            "user_permissions": [], 
            "password": "sha1$23adf$0bfd65024e08cec0782b531d4c997ea373c1d829", 
            "email": "", 
            "date_joined": "2010-08-26 16:31:02"
        }
    }, 
    {
        "pk": 47, 
        "model": "auth.user", 
        "fields": {
            "username": "stud26", 
            "first_name": "", 
            "last_name": "", 
            "is_active": true, 
            "is_superuser": false, 
            "is_staff": false, 
            "last_login": "2010-08-26 16:31:11", 
            "groups": [], 
            "user_permissions": [], 
            "password": "sha1$70d6f$05c62254c69c928c5f72a01ae8aead74bcddd0ee", 
            "email": "", 
            "date_joined": "2010-08-26 16:31:11"
        }
    }, 
    {
        "pk": 48, 
        "model": "auth.user", 
        "fields": {
            "username": "stud27", 
            "first_name": "", 
            "last_name": "", 
            "is_active": true, 
            "is_superuser": false, 
            "is_staff": false, 
            "last_login": "2010-08-26 16:31:21", 
            "groups": [], 
            "user_permissions": [], 
            "password": "sha1$212fe$9adab07b5ae49ade3bd3dd9184354f8550df503f", 
            "email": "", 
            "date_joined": "2010-08-26 16:31:21"
        }
    }, 
    {
        "pk": 49, 
        "model": "auth.user", 
        "fields": {
            "username": "stud28", 
            "first_name": "", 
            "last_name": "", 
            "is_active": true, 
            "is_superuser": false, 
            "is_staff": false, 
            "last_login": "2010-08-26 16:31:29", 
            "groups": [], 
            "user_permissions": [], 
            "password": "sha1$2012d$915b3dc0e9b4bc05b5f370577a818feabfa56d54", 
            "email": "", 
            "date_joined": "2010-08-26 16:31:29"
        }
    }, 
    {
        "pk": 50, 
        "model": "auth.user", 
        "fields": {
            "username": "stud29", 
            "first_name": "", 
            "last_name": "", 
            "is_active": true, 
            "is_superuser": false, 
            "is_staff": false, 
            "last_login": "2010-08-26 16:31:49", 
            "groups": [], 
            "user_permissions": [], 
            "password": "sha1$cb15d$42b708f3a09ddc2cf846d84234622ec56741713b", 
            "email": "", 
            "date_joined": "2010-08-26 16:31:49"
        }
    }, 
    {
        "pk": 51, 
        "model": "auth.user", 
        "fields": {
            "username": "stud30", 
            "first_name": "", 
            "last_name": "", 
            "is_active": true, 
            "is_superuser": false, 
            "is_staff": false, 
            "last_login": "2010-08-26 16:32:02", 
            "groups": [], 
            "user_permissions": [], 
            "password": "sha1$914c8$21bdef351a2e08182e3f1a9c620191b0ca346d82", 
            "email": "", 
            "date_joined": "2010-08-26 16:32:02"
        }
    }
]