[
  {
    "pk": 1, 
    "model": "core.grademodel", 
    "fields": {}
  }, 
  {
    "pk": 2, 
    "model": "core.grademodel", 
    "fields": {}
  }, 
  {
    "pk": 3, 
    "model": "core.grademodel", 
    "fields": {}
  }, 
  {
    "pk": 4, 
    "model": "core.grademodel", 
    "fields": {}
  }, 
  {
    "pk": 5, 
    "model": "core.grademodel", 
    "fields": {}
  }, 
  {
    "pk": 6, 
    "model": "core.grademodel", 
    "fields": {}
  }, 
  {
    "pk": 7, 
    "model": "core.grademodel", 
    "fields": {}
  }, 
  {
    "pk": 8, 
    "model": "core.grademodel", 
    "fields": {}
  }, 
  {
    "pk": 9, 
    "model": "core.grademodel", 
    "fields": {}
  }, 
  {
    "pk": 10, 
    "model": "core.grademodel", 
    "fields": {}
  }, 
  {
    "pk": 11, 
    "model": "core.grademodel", 
    "fields": {}
  }, 
  {
    "pk": 12, 
    "model": "core.grademodel", 
    "fields": {}
  }, 
  {
    "pk": 13, 
    "model": "core.grademodel", 
    "fields": {}
  }, 
  {
    "pk": 1, 
    "model": "core.node", 
    "fields": {
      "long_name": "Duckburgh", 
      "admins": [], 
      "parentnode": null, 
      "short_name": "duckburgh"
    }
  }, 
  {
    "pk": 2, 
    "model": "core.node", 
    "fields": {
      "long_name": "Univ", 
      "admins": [], 
      "parentnode": null, 
      "short_name": "univ"
    }
  }, 
  {
    "pk": 2, 
    "model": "core.subject", 
    "fields": {
      "long_name": "DUCK1080 - Making the illogical seem logical", 
      "admins": [], 
      "parentnode": 2, 
      "short_name": "duck1080"
    }
  }, 
  {
    "pk": 1, 
    "model": "core.subject", 
    "fields": {
      "long_name": "DUCK1100 - Getting started with python", 
      "admins": [], 
      "parentnode": 2, 
      "short_name": "duck1100"
    }
  }, 
  {
    "pk": 3, 
    "model": "core.subject", 
    "fields": {
      "long_name": "DUCK3580 - Making the web work", 
      "admins": [], 
      "parentnode": 2, 
      "short_name": "duck3580"
    }
  }, 
  {
    "pk": 2, 
    "model": "core.period", 
    "fields": {
      "short_name": "fall01", 
      "start_time": "2011-05-11 01:07:59", 
      "parentnode": 2, 
      "long_name": "Fall year zero", 
      "admins": [], 
      "end_time": "2011-07-09 01:07:59", 
      "minimum_points": 0
    }
  }, 
  {
    "pk": 3, 
    "model": "core.period", 
    "fields": {
      "short_name": "fall01", 
      "start_time": "2011-05-11 01:08:01", 
      "parentnode": 3, 
      "long_name": "Fall year zero", 
      "admins": [], 
      "end_time": "2011-07-09 01:08:01", 
      "minimum_points": 0
    }
  }, 
  {
    "pk": 1, 
    "model": "core.period", 
    "fields": {
      "short_name": "spring01", 
      "start_time": "2011-05-11 01:07:56", 
      "parentnode": 1, 
      "long_name": "Spring year zero", 
      "admins": [], 
      "end_time": "2011-07-09 01:07:56", 
      "minimum_points": 0
    }
  }, 
  {
    "pk": 1, 
    "model": "core.assignment", 
    "fields": {
      "must_pass": false, 
      "autoscale": true, 
      "grade_plugin": "grade_rstschema:rstschemagrade", 
      "short_name": "week1", 
      "publishing_time": "2011-05-16 01:07:56", 
      "admins": [], 
      "parentnode": 1, 
      "filenames": null, 
      "long_name": "The one and only week one", 
      "attempts": null, 
      "anonymous": false, 
      "students_can_see_points": true, 
      "maxpoints": 14, 
      "pointscale": 14
    }
  }, 
  {
    "pk": 5, 
    "model": "core.assignment", 
    "fields": {
      "must_pass": false, 
      "autoscale": false, 
      "grade_plugin": "grade_rstschema:rstschemagrade", 
      "short_name": "week1", 
      "publishing_time": "2011-05-16 01:07:59", 
      "admins": [], 
      "parentnode": 2, 
      "filenames": null, 
      "long_name": "The one and only week one", 
      "attempts": null, 
      "anonymous": false, 
      "students_can_see_points": true, 
      "maxpoints": 11, 
      "pointscale": 10
    }
  }, 
  {
    "pk": 8, 
    "model": "core.assignment", 
    "fields": {
      "must_pass": false, 
      "autoscale": true, 
      "grade_plugin": "grade_approved:approvedgrade", 
      "short_name": "week1", 
      "publishing_time": "2011-05-16 01:08:01", 
      "admins": [], 
      "parentnode": 3, 
      "filenames": null, 
      "long_name": "Week one", 
      "attempts": null, 
      "anonymous": false, 
      "students_can_see_points": true, 
      "maxpoints": 1, 
      "pointscale": 1
    }
  }, 
  {
    "pk": 2, 
    "model": "core.assignment", 
    "fields": {
      "must_pass": false, 
      "autoscale": true, 
      "grade_plugin": "grade_rstschema:rstschemagrade", 
      "short_name": "week2", 
      "publishing_time": "2011-05-26 01:07:56", 
      "admins": [], 
      "parentnode": 1, 
      "filenames": null, 
      "long_name": "The one and only week two", 
      "attempts": null, 
      "anonymous": false, 
      "students_can_see_points": true, 
      "maxpoints": 10, 
      "pointscale": 10
    }
  }, 
  {
    "pk": 6, 
    "model": "core.assignment", 
    "fields": {
      "must_pass": false, 
      "autoscale": false, 
      "grade_plugin": "grade_rstschema:rstschemagrade", 
      "short_name": "week2", 
      "publishing_time": "2011-05-26 01:07:59", 
      "admins": [], 
      "parentnode": 2, 
      "filenames": null, 
      "long_name": "The one and only week two", 
      "attempts": null, 
      "anonymous": false, 
      "students_can_see_points": true, 
      "maxpoints": 10, 
      "pointscale": 10
    }
  }, 
  {
    "pk": 9, 
    "model": "core.assignment", 
    "fields": {
      "must_pass": false, 
      "autoscale": true, 
      "grade_plugin": "grade_approved:approvedgrade", 
      "short_name": "week2", 
      "publishing_time": "2011-06-12 01:08:02", 
      "admins": [], 
      "parentnode": 3, 
      "filenames": null, 
      "long_name": "Week two", 
      "attempts": null, 
      "anonymous": false, 
      "students_can_see_points": true, 
      "maxpoints": 1, 
      "pointscale": 1
    }
  }, 
  {
    "pk": 3, 
    "model": "core.assignment", 
    "fields": {
      "must_pass": false, 
      "autoscale": true, 
      "grade_plugin": "grade_rstschema:rstschemagrade", 
      "short_name": "week3", 
      "publishing_time": "2011-06-06 01:07:57", 
      "admins": [], 
      "parentnode": 1, 
      "filenames": null, 
      "long_name": "The one and only week tree", 
      "attempts": null, 
      "anonymous": false, 
      "students_can_see_points": true, 
      "maxpoints": 9, 
      "pointscale": 9
    }
  }, 
  {
    "pk": 7, 
    "model": "core.assignment", 
    "fields": {
      "must_pass": false, 
      "autoscale": false, 
      "grade_plugin": "grade_rstschema:rstschemagrade", 
      "short_name": "week3", 
      "publishing_time": "2011-06-12 01:08:00", 
      "admins": [], 
      "parentnode": 2, 
      "filenames": null, 
      "long_name": "The one and only week tree", 
      "attempts": null, 
      "anonymous": false, 
      "students_can_see_points": true, 
      "maxpoints": 9, 
      "pointscale": 10
    }
  }, 
  {
    "pk": 4, 
    "model": "core.assignment", 
    "fields": {
      "must_pass": false, 
      "autoscale": true, 
      "grade_plugin": "grade_rstschema:rstschemagrade", 
      "short_name": "week4", 
      "publishing_time": "2011-06-12 01:07:58", 
      "admins": [], 
      "parentnode": 1, 
      "filenames": null, 
      "long_name": "The one and only week tree", 
      "attempts": null, 
      "anonymous": false, 
      "students_can_see_points": true, 
      "maxpoints": 9, 
      "pointscale": 9
    }
  }, 
  {
    "pk": 1, 
    "model": "core.candidate", 
    "fields": {
      "candidate_id": null, 
      "student": 22, 
      "assignment_group": 1
    }
  }, 
  {
    "pk": 2, 
    "model": "core.candidate", 
    "fields": {
      "candidate_id": null, 
      "student": 23, 
      "assignment_group": 2
    }
  }, 
  {
    "pk": 3, 
    "model": "core.candidate", 
    "fields": {
      "candidate_id": null, 
      "student": 22, 
      "assignment_group": 3
    }
  }, 
  {
    "pk": 4, 
    "model": "core.candidate", 
    "fields": {
      "candidate_id": null, 
      "student": 23, 
      "assignment_group": 4
    }
  }, 
  {
    "pk": 5, 
    "model": "core.candidate", 
    "fields": {
      "candidate_id": null, 
      "student": 22, 
      "assignment_group": 5
    }
  }, 
  {
    "pk": 6, 
    "model": "core.candidate", 
    "fields": {
      "candidate_id": null, 
      "student": 23, 
      "assignment_group": 6
    }
  }, 
  {
    "pk": 7, 
    "model": "core.candidate", 
    "fields": {
      "candidate_id": null, 
      "student": 22, 
      "assignment_group": 7
    }
  }, 
  {
    "pk": 8, 
    "model": "core.candidate", 
    "fields": {
      "candidate_id": null, 
      "student": 23, 
      "assignment_group": 8
    }
  }, 
  {
    "pk": 9, 
    "model": "core.candidate", 
    "fields": {
      "candidate_id": null, 
      "student": 22, 
      "assignment_group": 9
    }
  }, 
  {
    "pk": 10, 
    "model": "core.candidate", 
    "fields": {
      "candidate_id": null, 
      "student": 23, 
      "assignment_group": 10
    }
  }, 
  {
    "pk": 11, 
    "model": "core.candidate", 
    "fields": {
      "candidate_id": null, 
      "student": 22, 
      "assignment_group": 11
    }
  }, 
  {
    "pk": 12, 
    "model": "core.candidate", 
    "fields": {
      "candidate_id": null, 
      "student": 23, 
      "assignment_group": 12
    }
  }, 
  {
    "pk": 13, 
    "model": "core.candidate", 
    "fields": {
      "candidate_id": null, 
      "student": 22, 
      "assignment_group": 13
    }
  }, 
  {
    "pk": 14, 
    "model": "core.candidate", 
    "fields": {
      "candidate_id": null, 
      "student": 23, 
      "assignment_group": 14
    }
  }, 
  {
    "pk": 15, 
    "model": "core.candidate", 
    "fields": {
      "candidate_id": null, 
      "student": 22, 
      "assignment_group": 15
    }
  }, 
  {
    "pk": 16, 
    "model": "core.candidate", 
    "fields": {
      "candidate_id": null, 
      "student": 23, 
      "assignment_group": 16
    }
  }, 
  {
    "pk": 17, 
    "model": "core.candidate", 
    "fields": {
      "candidate_id": null, 
      "student": 22, 
      "assignment_group": 17
    }
  }, 
  {
    "pk": 18, 
    "model": "core.candidate", 
    "fields": {
      "candidate_id": null, 
      "student": 23, 
      "assignment_group": 18
    }
  }, 
  {
    "pk": 1, 
    "model": "core.assignmentgroup", 
    "fields": {
      "status": 3, 
      "is_passing_grade": true, 
      "name": null, 
      "parentnode": 1, 
      "scaled_points": 14.0, 
      "points": 14, 
      "is_open": true, 
      "examiners": [
        24
      ]
    }
  }, 
  {
    "pk": 2, 
    "model": "core.assignmentgroup", 
    "fields": {
      "status": 0, 
      "is_passing_grade": false, 
      "name": null, 
      "parentnode": 1, 
      "scaled_points": 0.0, 
      "points": 0, 
      "is_open": true, 
      "examiners": [
        24
      ]
    }
  }, 
  {
    "pk": 3, 
    "model": "core.assignmentgroup", 
    "fields": {
      "status": 3, 
      "is_passing_grade": true, 
      "name": null, 
      "parentnode": 2, 
      "scaled_points": 10.0, 
      "points": 10, 
      "is_open": true, 
      "examiners": [
        24
      ]
    }
  }, 
  {
    "pk": 4, 
    "model": "core.assignmentgroup", 
    "fields": {
      "status": 3, 
      "is_passing_grade": true, 
      "name": null, 
      "parentnode": 2, 
      "scaled_points": 6.0, 
      "points": 6, 
      "is_open": true, 
      "examiners": [
        24
      ]
    }
  }, 
  {
    "pk": 5, 
    "model": "core.assignmentgroup", 
    "fields": {
      "status": 3, 
      "is_passing_grade": true, 
      "name": null, 
      "parentnode": 3, 
      "scaled_points": 9.0, 
      "points": 9, 
      "is_open": true, 
      "examiners": [
        24
      ]
    }
  }, 
  {
    "pk": 6, 
    "model": "core.assignmentgroup", 
    "fields": {
      "status": 1, 
      "is_passing_grade": false, 
      "name": null, 
      "parentnode": 3, 
      "scaled_points": 0.0, 
      "points": 0, 
      "is_open": true, 
      "examiners": [
        24
      ]
    }
  }, 
  {
    "pk": 7, 
    "model": "core.assignmentgroup", 
    "fields": {
      "status": 3, 
      "is_passing_grade": true, 
      "name": null, 
      "parentnode": 4, 
      "scaled_points": 9.0, 
      "points": 9, 
      "is_open": true, 
      "examiners": [
        24
      ]
    }
  }, 
  {
    "pk": 8, 
    "model": "core.assignmentgroup", 
    "fields": {
      "status": 1, 
      "is_passing_grade": false, 
      "name": null, 
      "parentnode": 4, 
      "scaled_points": 0.0, 
      "points": 0, 
      "is_open": true, 
      "examiners": [
        24
      ]
    }
  }, 
  {
    "pk": 9, 
    "model": "core.assignmentgroup", 
    "fields": {
      "status": 3, 
      "is_passing_grade": true, 
      "name": null, 
      "parentnode": 5, 
      "scaled_points": 10.0, 
      "points": 11, 
      "is_open": true, 
      "examiners": [
        24
      ]
    }
  }, 
  {
    "pk": 10, 
    "model": "core.assignmentgroup", 
    "fields": {
      "status": 3, 
      "is_passing_grade": true, 
      "name": null, 
      "parentnode": 5, 
      "scaled_points": 6.3636363636363633, 
      "points": 7, 
      "is_open": true, 
      "examiners": [
        24
      ]
    }
  }, 
  {
    "pk": 11, 
    "model": "core.assignmentgroup", 
    "fields": {
      "status": 3, 
      "is_passing_grade": true, 
      "name": null, 
      "parentnode": 6, 
      "scaled_points": 10.0, 
      "points": 10, 
      "is_open": true, 
      "examiners": [
        24
      ]
    }
  }, 
  {
    "pk": 12, 
    "model": "core.assignmentgroup", 
    "fields": {
      "status": 0, 
      "is_passing_grade": false, 
      "name": null, 
      "parentnode": 6, 
      "scaled_points": 0.0, 
      "points": 0, 
      "is_open": true, 
      "examiners": [
        24
      ]
    }
  }, 
  {
    "pk": 13, 
    "model": "core.assignmentgroup", 
    "fields": {
      "status": 3, 
      "is_passing_grade": true, 
      "name": null, 
      "parentnode": 7, 
      "scaled_points": 10.0, 
      "points": 9, 
      "is_open": true, 
      "examiners": [
        24
      ]
    }
  }, 
  {
    "pk": 14, 
    "model": "core.assignmentgroup", 
    "fields": {
      "status": 1, 
      "is_passing_grade": false, 
      "name": null, 
      "parentnode": 7, 
      "scaled_points": 0.0, 
      "points": 0, 
      "is_open": true, 
      "examiners": [
        24
      ]
    }
  }, 
  {
    "pk": 15, 
    "model": "core.assignmentgroup", 
    "fields": {
      "status": 3, 
      "is_passing_grade": true, 
      "name": null, 
      "parentnode": 8, 
      "scaled_points": 0.0, 
      "points": 0, 
      "is_open": true, 
      "examiners": [
        24
      ]
    }
  }, 
  {
    "pk": 16, 
    "model": "core.assignmentgroup", 
    "fields": {
      "status": 3, 
      "is_passing_grade": true, 
      "name": null, 
      "parentnode": 8, 
      "scaled_points": 0.0, 
      "points": 0, 
      "is_open": true, 
      "examiners": [
        24
      ]
    }
  }, 
  {
    "pk": 17, 
    "model": "core.assignmentgroup", 
    "fields": {
      "status": 2, 
      "is_passing_grade": true, 
      "name": null, 
      "parentnode": 9, 
      "scaled_points": 0.0, 
      "points": 0, 
      "is_open": true, 
      "examiners": [
        24
      ]
    }
  }, 
  {
    "pk": 18, 
    "model": "core.assignmentgroup", 
    "fields": {
      "status": 3, 
      "is_passing_grade": true, 
      "name": null, 
      "parentnode": 9, 
      "scaled_points": 0.0, 
      "points": 0, 
      "is_open": true, 
      "examiners": [
        24
      ]
    }
  }, 
  {
    "pk": 17, 
    "model": "core.deadline", 
    "fields": {
      "text": null, 
      "deadline": "2011-06-26 01:08:02", 
      "assignment_group": 17
    }
  }, 
  {
    "pk": 18, 
    "model": "core.deadline", 
    "fields": {
      "text": null, 
      "deadline": "2011-06-26 01:08:02", 
      "assignment_group": 18
    }
  }, 
  {
    "pk": 13, 
    "model": "core.deadline", 
    "fields": {
      "text": null, 
      "deadline": "2011-06-26 01:08:00", 
      "assignment_group": 13
    }
  }, 
  {
    "pk": 14, 
    "model": "core.deadline", 
    "fields": {
      "text": null, 
      "deadline": "2011-06-26 01:08:00", 
      "assignment_group": 14
    }
  }, 
  {
    "pk": 7, 
    "model": "core.deadline", 
    "fields": {
      "text": null, 
      "deadline": "2011-06-26 01:07:58", 
      "assignment_group": 7
    }
  }, 
  {
    "pk": 8, 
    "model": "core.deadline", 
    "fields": {
      "text": null, 
      "deadline": "2011-06-26 01:07:58", 
      "assignment_group": 8
    }
  }, 
  {
    "pk": 5, 
    "model": "core.deadline", 
    "fields": {
      "text": null, 
      "deadline": "2011-06-20 01:07:57", 
      "assignment_group": 5
    }
  }, 
  {
    "pk": 6, 
    "model": "core.deadline", 
    "fields": {
      "text": null, 
      "deadline": "2011-06-20 01:07:57", 
      "assignment_group": 6
    }
  }, 
  {
    "pk": 11, 
    "model": "core.deadline", 
    "fields": {
      "text": null, 
      "deadline": "2011-06-09 01:07:59", 
      "assignment_group": 11
    }
  }, 
  {
    "pk": 12, 
    "model": "core.deadline", 
    "fields": {
      "text": null, 
      "deadline": "2011-06-09 01:07:59", 
      "assignment_group": 12
    }
  }, 
  {
    "pk": 3, 
    "model": "core.deadline", 
    "fields": {
      "text": null, 
      "deadline": "2011-06-09 01:07:56", 
      "assignment_group": 3
    }
  }, 
  {
    "pk": 4, 
    "model": "core.deadline", 
    "fields": {
      "text": null, 
      "deadline": "2011-06-09 01:07:56", 
      "assignment_group": 4
    }
  }, 
  {
    "pk": 15, 
    "model": "core.deadline", 
    "fields": {
      "text": null, 
      "deadline": "2011-05-30 01:08:01", 
      "assignment_group": 15
    }
  }, 
  {
    "pk": 16, 
    "model": "core.deadline", 
    "fields": {
      "text": null, 
      "deadline": "2011-05-30 01:08:01", 
      "assignment_group": 16
    }
  }, 
  {
    "pk": 9, 
    "model": "core.deadline", 
    "fields": {
      "text": null, 
      "deadline": "2011-05-30 01:07:59", 
      "assignment_group": 9
    }
  }, 
  {
    "pk": 10, 
    "model": "core.deadline", 
    "fields": {
      "text": null, 
      "deadline": "2011-05-30 01:07:59", 
      "assignment_group": 10
    }
  }, 
  {
    "pk": 1, 
    "model": "core.deadline", 
    "fields": {
      "text": null, 
      "deadline": "2011-05-30 01:07:56", 
      "assignment_group": 1
    }
  }, 
  {
    "pk": 2, 
    "model": "core.deadline", 
    "fields": {
      "text": null, 
      "deadline": "2011-05-30 01:07:56", 
      "assignment_group": 2
    }
  }, 
  {
    "pk": 6, 
    "model": "core.delivery", 
    "fields": {
      "delivered_by": 22, 
      "successful": true, 
      "time_of_delivery": "2011-06-25 23:40:58", 
      "number": 1, 
      "assignment_group": 7
    }
  }, 
  {
    "pk": 11, 
    "model": "core.delivery", 
    "fields": {
      "delivered_by": 22, 
      "successful": true, 
      "time_of_delivery": "2011-06-25 23:28:00", 
      "number": 1, 
      "assignment_group": 13
    }
  }, 
  {
    "pk": 12, 
    "model": "core.delivery", 
    "fields": {
      "delivered_by": 23, 
      "successful": true, 
      "time_of_delivery": "2011-06-25 22:02:00", 
      "number": 1, 
      "assignment_group": 14
    }
  }, 
  {
    "pk": 15, 
    "model": "core.delivery", 
    "fields": {
      "delivered_by": 22, 
      "successful": true, 
      "time_of_delivery": "2011-06-25 19:18:02", 
      "number": 1, 
      "assignment_group": 17
    }
  }, 
  {
    "pk": 16, 
    "model": "core.delivery", 
    "fields": {
      "delivered_by": 23, 
      "successful": true, 
      "time_of_delivery": "2011-06-25 16:52:02", 
      "number": 1, 
      "assignment_group": 18
    }
  }, 
  {
    "pk": 7, 
    "model": "core.delivery", 
    "fields": {
      "delivered_by": 23, 
      "successful": true, 
      "time_of_delivery": "2011-06-25 15:22:58", 
      "number": 1, 
      "assignment_group": 8
    }
  }, 
  {
    "pk": 5, 
    "model": "core.delivery", 
    "fields": {
      "delivered_by": 23, 
      "successful": true, 
      "time_of_delivery": "2011-06-20 00:48:57", 
      "number": 1, 
      "assignment_group": 6
    }
  }, 
  {
    "pk": 4, 
    "model": "core.delivery", 
    "fields": {
      "delivered_by": 22, 
      "successful": true, 
      "time_of_delivery": "2011-06-19 17:07:57", 
      "number": 1, 
      "assignment_group": 5
    }
  }, 
  {
    "pk": 10, 
    "model": "core.delivery", 
    "fields": {
      "delivered_by": 22, 
      "successful": true, 
      "time_of_delivery": "2011-06-08 21:56:59", 
      "number": 1, 
      "assignment_group": 11
    }
  }, 
  {
    "pk": 2, 
    "model": "core.delivery", 
    "fields": {
      "delivered_by": 22, 
      "successful": true, 
      "time_of_delivery": "2011-06-08 21:16:56", 
      "number": 1, 
      "assignment_group": 3
    }
  }, 
  {
    "pk": 3, 
    "model": "core.delivery", 
    "fields": {
      "delivered_by": 23, 
      "successful": true, 
      "time_of_delivery": "2011-06-08 16:35:56", 
      "number": 1, 
      "assignment_group": 4
    }
  }, 
  {
    "pk": 8, 
    "model": "core.delivery", 
    "fields": {
      "delivered_by": 22, 
      "successful": true, 
      "time_of_delivery": "2011-05-30 01:16:59", 
      "number": 1, 
      "assignment_group": 9
    }
  }, 
  {
    "pk": 14, 
    "model": "core.delivery", 
    "fields": {
      "delivered_by": 23, 
      "successful": true, 
      "time_of_delivery": "2011-05-29 23:02:01", 
      "number": 1, 
      "assignment_group": 16
    }
  }, 
  {
    "pk": 13, 
    "model": "core.delivery", 
    "fields": {
      "delivered_by": 22, 
      "successful": true, 
      "time_of_delivery": "2011-05-29 21:33:01", 
      "number": 1, 
      "assignment_group": 15
    }
  }, 
  {
    "pk": 9, 
    "model": "core.delivery", 
    "fields": {
      "delivered_by": 23, 
      "successful": true, 
      "time_of_delivery": "2011-05-29 19:06:59", 
      "number": 1, 
      "assignment_group": 10
    }
  }, 
  {
    "pk": 1, 
    "model": "core.delivery", 
    "fields": {
      "delivered_by": 22, 
      "successful": true, 
      "time_of_delivery": "2011-05-29 12:24:56", 
      "number": 1, 
      "assignment_group": 1
    }
  }, 
  {
    "pk": 1, 
    "model": "core.feedback", 
    "fields": {
      "format": "('rst', 'ReStructured Text')", 
      "text": "Some text here:)", 
      "last_modified_by": 24, 
      "delivery": 1, 
      "last_modified": "2011-06-29 01:07:56", 
      "object_id": 1, 
      "content_type": 23, 
      "published": true
    }
  }, 
  {
    "pk": 2, 
    "model": "core.feedback", 
    "fields": {
      "format": "('rst', 'ReStructured Text')", 
      "text": "Some text here:)", 
      "last_modified_by": 24, 
      "delivery": 2, 
      "last_modified": "2011-06-29 01:07:57", 
      "object_id": 2, 
      "content_type": 23, 
      "published": true
    }
  }, 
  {
    "pk": 3, 
    "model": "core.feedback", 
    "fields": {
      "format": "('rst', 'ReStructured Text')", 
      "text": "Some text here:)", 
      "last_modified_by": 24, 
      "delivery": 3, 
      "last_modified": "2011-06-29 01:07:57", 
      "object_id": 3, 
      "content_type": 23, 
      "published": true
    }
  }, 
  {
    "pk": 4, 
    "model": "core.feedback", 
    "fields": {
      "format": "('rst', 'ReStructured Text')", 
      "text": "Some text here:)", 
      "last_modified_by": 24, 
      "delivery": 4, 
      "last_modified": "2011-06-29 01:07:57", 
      "object_id": 4, 
      "content_type": 23, 
      "published": true
    }
  }, 
  {
    "pk": 5, 
    "model": "core.feedback", 
    "fields": {
      "format": "('rst', 'ReStructured Text')", 
      "text": "Some text here:)", 
      "last_modified_by": 24, 
      "delivery": 6, 
      "last_modified": "2011-06-29 01:07:58", 
      "object_id": 5, 
      "content_type": 23, 
      "published": true
    }
  }, 
  {
    "pk": 6, 
    "model": "core.feedback", 
    "fields": {
      "format": "('rst', 'ReStructured Text')", 
      "text": "Some text here:)", 
      "last_modified_by": 24, 
      "delivery": 8, 
      "last_modified": "2011-06-29 01:07:59", 
      "object_id": 6, 
      "content_type": 23, 
      "published": true
    }
  }, 
  {
    "pk": 7, 
    "model": "core.feedback", 
    "fields": {
      "format": "('rst', 'ReStructured Text')", 
      "text": "Some text here:)", 
      "last_modified_by": 24, 
      "delivery": 9, 
      "last_modified": "2011-06-29 01:07:59", 
      "object_id": 7, 
      "content_type": 23, 
      "published": true
    }
  }, 
  {
    "pk": 8, 
    "model": "core.feedback", 
    "fields": {
      "format": "('rst', 'ReStructured Text')", 
      "text": "Some text here:)", 
      "last_modified_by": 24, 
      "delivery": 10, 
      "last_modified": "2011-06-29 01:08:00", 
      "object_id": 8, 
      "content_type": 23, 
      "published": true
    }
  }, 
  {
    "pk": 9, 
    "model": "core.feedback", 
    "fields": {
      "format": "('rst', 'ReStructured Text')", 
      "text": "Some text here:)", 
      "last_modified_by": 24, 
      "delivery": 11, 
      "last_modified": "2011-06-29 01:08:00", 
      "object_id": 9, 
      "content_type": 23, 
      "published": true
    }
  }, 
  {
    "pk": 10, 
    "model": "core.feedback", 
    "fields": {
      "format": "('rst', 'ReStructured Text')", 
      "text": "Some text here:)", 
      "last_modified_by": 24, 
      "delivery": 13, 
      "last_modified": "2011-06-29 01:08:01", 
      "object_id": 10, 
      "content_type": 20, 
      "published": true
    }
  }, 
  {
    "pk": 11, 
    "model": "core.feedback", 
    "fields": {
      "format": "('rst', 'ReStructured Text')", 
      "text": "Some text here:)", 
      "last_modified_by": 24, 
      "delivery": 14, 
      "last_modified": "2011-06-29 01:08:01", 
      "object_id": 11, 
      "content_type": 20, 
      "published": true
    }
  }, 
  {
    "pk": 12, 
    "model": "core.feedback", 
    "fields": {
      "format": "('rst', 'ReStructured Text')", 
      "text": "Some text here:)", 
      "last_modified_by": 24, 
      "delivery": 15, 
      "last_modified": "2011-06-29 01:08:02", 
      "object_id": 12, 
      "content_type": 20, 
      "published": false
    }
  }, 
  {
    "pk": 13, 
    "model": "core.feedback", 
    "fields": {
      "format": "('rst', 'ReStructured Text')", 
      "text": "Some text here:)", 
      "last_modified_by": 24, 
      "delivery": 16, 
      "last_modified": "2011-06-29 01:08:02", 
      "object_id": 13, 
      "content_type": 20, 
      "published": true
    }
  }, 
  {
    "pk": 3, 
    "model": "core.filemeta", 
    "fields": {
      "delivery": 1, 
      "size": 41, 
      "filename": "helloworld.java"
    }
  }, 
  {
    "pk": 6, 
    "model": "core.filemeta", 
    "fields": {
      "delivery": 2, 
      "size": 41, 
      "filename": "helloworld.java"
    }
  }, 
  {
    "pk": 9, 
    "model": "core.filemeta", 
    "fields": {
      "delivery": 3, 
      "size": 41, 
      "filename": "helloworld.java"
    }
  }, 
  {
    "pk": 12, 
    "model": "core.filemeta", 
    "fields": {
      "delivery": 4, 
      "size": 41, 
      "filename": "helloworld.java"
    }
  }, 
  {
    "pk": 15, 
    "model": "core.filemeta", 
    "fields": {
      "delivery": 5, 
      "size": 41, 
      "filename": "helloworld.java"
    }
  }, 
  {
    "pk": 18, 
    "model": "core.filemeta", 
    "fields": {
      "delivery": 6, 
      "size": 41, 
      "filename": "helloworld.java"
    }
  }, 
  {
    "pk": 21, 
    "model": "core.filemeta", 
    "fields": {
      "delivery": 7, 
      "size": 41, 
      "filename": "helloworld.java"
    }
  }, 
  {
    "pk": 24, 
    "model": "core.filemeta", 
    "fields": {
      "delivery": 8, 
      "size": 41, 
      "filename": "helloworld.java"
    }
  }, 
  {
    "pk": 27, 
    "model": "core.filemeta", 
    "fields": {
      "delivery": 9, 
      "size": 41, 
      "filename": "helloworld.java"
    }
  }, 
  {
    "pk": 30, 
    "model": "core.filemeta", 
    "fields": {
      "delivery": 10, 
      "size": 41, 
      "filename": "helloworld.java"
    }
  }, 
  {
    "pk": 33, 
    "model": "core.filemeta", 
    "fields": {
      "delivery": 11, 
      "size": 41, 
      "filename": "helloworld.java"
    }
  }, 
  {
    "pk": 36, 
    "model": "core.filemeta", 
    "fields": {
      "delivery": 12, 
      "size": 41, 
      "filename": "helloworld.java"
    }
  }, 
  {
    "pk": 39, 
    "model": "core.filemeta", 
    "fields": {
      "delivery": 13, 
      "size": 41, 
      "filename": "helloworld.java"
    }
  }, 
  {
    "pk": 42, 
    "model": "core.filemeta", 
    "fields": {
      "delivery": 14, 
      "size": 41, 
      "filename": "helloworld.java"
    }
  }, 
  {
    "pk": 45, 
    "model": "core.filemeta", 
    "fields": {
      "delivery": 15, 
      "size": 41, 
      "filename": "helloworld.java"
    }
  }, 
  {
    "pk": 48, 
    "model": "core.filemeta", 
    "fields": {
      "delivery": 16, 
      "size": 41, 
      "filename": "helloworld.java"
    }
  }, 
  {
    "pk": 2, 
    "model": "core.filemeta", 
    "fields": {
      "delivery": 1, 
      "size": 19, 
      "filename": "helloworld.py"
    }
  }, 
  {
    "pk": 5, 
    "model": "core.filemeta", 
    "fields": {
      "delivery": 2, 
      "size": 19, 
      "filename": "helloworld.py"
    }
  }, 
  {
    "pk": 8, 
    "model": "core.filemeta", 
    "fields": {
      "delivery": 3, 
      "size": 19, 
      "filename": "helloworld.py"
    }
  }, 
  {
    "pk": 11, 
    "model": "core.filemeta", 
    "fields": {
      "delivery": 4, 
      "size": 19, 
      "filename": "helloworld.py"
    }
  }, 
  {
    "pk": 14, 
    "model": "core.filemeta", 
    "fields": {
      "delivery": 5, 
      "size": 19, 
      "filename": "helloworld.py"
    }
  }, 
  {
    "pk": 17, 
    "model": "core.filemeta", 
    "fields": {
      "delivery": 6, 
      "size": 19, 
      "filename": "helloworld.py"
    }
  }, 
  {
    "pk": 20, 
    "model": "core.filemeta", 
    "fields": {
      "delivery": 7, 
      "size": 19, 
      "filename": "helloworld.py"
    }
  }, 
  {
    "pk": 23, 
    "model": "core.filemeta", 
    "fields": {
      "delivery": 8, 
      "size": 19, 
      "filename": "helloworld.py"
    }
  }, 
  {
    "pk": 26, 
    "model": "core.filemeta", 
    "fields": {
      "delivery": 9, 
      "size": 19, 
      "filename": "helloworld.py"
    }
  }, 
  {
    "pk": 29, 
    "model": "core.filemeta", 
    "fields": {
      "delivery": 10, 
      "size": 19, 
      "filename": "helloworld.py"
    }
  }, 
  {
    "pk": 32, 
    "model": "core.filemeta", 
    "fields": {
      "delivery": 11, 
      "size": 19, 
      "filename": "helloworld.py"
    }
  }, 
  {
    "pk": 35, 
    "model": "core.filemeta", 
    "fields": {
      "delivery": 12, 
      "size": 19, 
      "filename": "helloworld.py"
    }
  }, 
  {
    "pk": 38, 
    "model": "core.filemeta", 
    "fields": {
      "delivery": 13, 
      "size": 19, 
      "filename": "helloworld.py"
    }
  }, 
  {
    "pk": 41, 
    "model": "core.filemeta", 
    "fields": {
      "delivery": 14, 
      "size": 19, 
      "filename": "helloworld.py"
    }
  }, 
  {
    "pk": 44, 
    "model": "core.filemeta", 
    "fields": {
      "delivery": 15, 
      "size": 19, 
      "filename": "helloworld.py"
    }
  }, 
  {
    "pk": 47, 
    "model": "core.filemeta", 
    "fields": {
      "delivery": 16, 
      "size": 19, 
      "filename": "helloworld.py"
    }
  }, 
  {
    "pk": 1, 
    "model": "core.filemeta", 
    "fields": {
      "delivery": 1, 
      "size": 17, 
      "filename": "helloworld.txt"
    }
  }, 
  {
    "pk": 4, 
    "model": "core.filemeta", 
    "fields": {
      "delivery": 2, 
      "size": 17, 
      "filename": "helloworld.txt"
    }
  }, 
  {
    "pk": 7, 
    "model": "core.filemeta", 
    "fields": {
      "delivery": 3, 
      "size": 17, 
      "filename": "helloworld.txt"
    }
  }, 
  {
    "pk": 10, 
    "model": "core.filemeta", 
    "fields": {
      "delivery": 4, 
      "size": 17, 
      "filename": "helloworld.txt"
    }
  }, 
  {
    "pk": 13, 
    "model": "core.filemeta", 
    "fields": {
      "delivery": 5, 
      "size": 17, 
      "filename": "helloworld.txt"
    }
  }, 
  {
    "pk": 16, 
    "model": "core.filemeta", 
    "fields": {
      "delivery": 6, 
      "size": 17, 
      "filename": "helloworld.txt"
    }
  }, 
  {
    "pk": 19, 
    "model": "core.filemeta", 
    "fields": {
      "delivery": 7, 
      "size": 17, 
      "filename": "helloworld.txt"
    }
  }, 
  {
    "pk": 22, 
    "model": "core.filemeta", 
    "fields": {
      "delivery": 8, 
      "size": 17, 
      "filename": "helloworld.txt"
    }
  }, 
  {
    "pk": 25, 
    "model": "core.filemeta", 
    "fields": {
      "delivery": 9, 
      "size": 17, 
      "filename": "helloworld.txt"
    }
  }, 
  {
    "pk": 28, 
    "model": "core.filemeta", 
    "fields": {
      "delivery": 10, 
      "size": 17, 
      "filename": "helloworld.txt"
    }
  }, 
  {
    "pk": 31, 
    "model": "core.filemeta", 
    "fields": {
      "delivery": 11, 
      "size": 17, 
      "filename": "helloworld.txt"
    }
  }, 
  {
    "pk": 34, 
    "model": "core.filemeta", 
    "fields": {
      "delivery": 12, 
      "size": 17, 
      "filename": "helloworld.txt"
    }
  }, 
  {
    "pk": 37, 
    "model": "core.filemeta", 
    "fields": {
      "delivery": 13, 
      "size": 17, 
      "filename": "helloworld.txt"
    }
  }, 
  {
    "pk": 40, 
    "model": "core.filemeta", 
    "fields": {
      "delivery": 14, 
      "size": 17, 
      "filename": "helloworld.txt"
    }
  }, 
  {
    "pk": 43, 
    "model": "core.filemeta", 
    "fields": {
      "delivery": 15, 
      "size": 17, 
      "filename": "helloworld.txt"
    }
  }, 
  {
    "pk": 46, 
    "model": "core.filemeta", 
    "fields": {
      "delivery": 16, 
      "size": 17, 
      "filename": "helloworld.txt"
    }
  }, 
  {
    "pk": 1, 
    "model": "auth.user", 
    "fields": {
      "username": "grandma", 
      "first_name": "Elvira 'Grandma'", 
      "last_name": "Coot", 
      "is_active": true, 
      "is_superuser": true, 
      "is_staff": true, 
      "last_login": "2010-10-26 21:14:02", 
      "groups": [], 
      "user_permissions": [], 
      "password": "sha1$7b509$a73b4c9c803a2d5224c98f51f29630e77dce1ef4", 
      "email": "mail@example.com", 
      "date_joined": "2010-01-23 09:32:37"
    }
  }, 
  {
    "pk": 2, 
    "model": "auth.user", 
    "fields": {
      "username": "huey", 
      "first_name": "Huey", 
      "last_name": "Duck", 
      "is_active": true, 
      "is_superuser": false, 
      "is_staff": false, 
      "last_login": "2010-08-25 22:17:21", 
      "groups": [], 
      "user_permissions": [], 
      "password": "sha1$2c178$b02865f8883eb753cc6419cd95d7fe7f9a6bf9f5", 
      "email": "mail@example.com", 
      "date_joined": "2010-03-05 16:54:03"
    }
  }, 
  {
    "pk": 3, 
    "model": "auth.user", 
    "fields": {
      "username": "dewey", 
      "first_name": "Dewey", 
      "last_name": "Duck", 
      "is_active": true, 
      "is_superuser": false, 
      "is_staff": false, 
      "last_login": "2010-05-29 12:42:50", 
      "groups": [], 
      "user_permissions": [], 
      "password": "sha1$2c178$b02865f8883eb753cc6419cd95d7fe7f9a6bf9f5", 
      "email": "mail@example.com", 
      "date_joined": "2010-03-05 16:54:03"
    }
  }, 
  {
    "pk": 4, 
    "model": "auth.user", 
    "fields": {
      "username": "louie", 
      "first_name": "Louie", 
      "last_name": "Duck", 
      "is_active": true, 
      "is_superuser": false, 
      "is_staff": false, 
      "last_login": "2010-05-29 12:42:50", 
      "groups": [], 
      "user_permissions": [], 
      "password": "sha1$2c178$b02865f8883eb753cc6419cd95d7fe7f9a6bf9f5", 
      "email": "mail@example.com", 
      "date_joined": "2010-03-05 16:54:03"
    }
  }, 
  {
    "pk": 5, 
    "model": "auth.user", 
    "fields": {
      "username": "donald", 
      "first_name": "Donald", 
      "last_name": "Duck", 
      "is_active": true, 
      "is_superuser": false, 
      "is_staff": false, 
      "last_login": "2010-08-26 17:45:46", 
      "groups": [], 
      "user_permissions": [], 
      "password": "sha1$2c178$b02865f8883eb753cc6419cd95d7fe7f9a6bf9f5", 
      "email": "mail@example.com", 
      "date_joined": "2010-03-05 16:54:03"
    }
  }, 
  {
    "pk": 6, 
    "model": "auth.user", 
    "fields": {
      "username": "della", 
      "first_name": "Della", 
      "last_name": "Duck", 
      "is_active": true, 
      "is_superuser": false, 
      "is_staff": false, 
      "last_login": "2010-05-29 12:42:50", 
      "groups": [], 
      "user_permissions": [], 
      "password": "sha1$2c178$b02865f8883eb753cc6419cd95d7fe7f9a6bf9f5", 
      "email": "mail@example.com", 
      "date_joined": "2010-03-05 16:54:03"
    }
  }, 
  {
    "pk": 7, 
    "model": "auth.user", 
    "fields": {
      "username": "gladstone", 
      "first_name": "Gladstone", 
      "last_name": "Gander", 
      "is_active": true, 
      "is_superuser": false, 
      "is_staff": false, 
      "last_login": "2010-05-29 12:42:50", 
      "groups": [], 
      "user_permissions": [], 
      "password": "sha1$2c178$b02865f8883eb753cc6419cd95d7fe7f9a6bf9f5", 
      "email": "mail@example.com", 
      "date_joined": "2010-03-05 16:54:03"
    }
  }, 
  {
    "pk": 8, 
    "model": "auth.user", 
    "fields": {
      "username": "fethry", 
      "first_name": "Fethry", 
      "last_name": "Duck", 
      "is_active": true, 
      "is_superuser": false, 
      "is_staff": false, 
      "last_login": "2010-05-29 12:42:50", 
      "groups": [], 
      "user_permissions": [], 
      "password": "sha1$2c178$b02865f8883eb753cc6419cd95d7fe7f9a6bf9f5", 
      "email": "mail@example.com", 
      "date_joined": "2010-03-05 16:54:03"
    }
  }, 
  {
    "pk": 9, 
    "model": "auth.user", 
    "fields": {
      "username": "gus", 
      "first_name": "Gus", 
      "last_name": "Goose", 
      "is_active": true, 
      "is_superuser": false, 
      "is_staff": false, 
      "last_login": "2010-05-29 12:42:50", 
      "groups": [], 
      "user_permissions": [], 
      "password": "sha1$2c178$b02865f8883eb753cc6419cd95d7fe7f9a6bf9f5", 
      "email": "mail@example.com", 
      "date_joined": "2010-03-05 16:54:03"
    }
  }, 
  {
    "pk": 10, 
    "model": "auth.user", 
    "fields": {
      "username": "scrooge", 
      "first_name": "Scrooge", 
      "last_name": "McDuck", 
      "is_active": true, 
      "is_superuser": false, 
      "is_staff": false, 
      "last_login": "2010-05-29 12:42:50", 
      "groups": [], 
      "user_permissions": [], 
      "password": "sha1$2c178$b02865f8883eb753cc6419cd95d7fe7f9a6bf9f5", 
      "email": "mail@example.com", 
      "date_joined": "2010-03-05 16:54:03"
    }
  }, 
  {
    "pk": 11, 
    "model": "auth.user", 
    "fields": {
      "username": "matilda", 
      "first_name": "Matilda", 
      "last_name": "McDuck", 
      "is_active": true, 
      "is_superuser": false, 
      "is_staff": false, 
      "last_login": "2010-05-29 12:42:50", 
      "groups": [], 
      "user_permissions": [], 
      "password": "sha1$2c178$b02865f8883eb753cc6419cd95d7fe7f9a6bf9f5", 
      "email": "mail@example.com", 
      "date_joined": "2010-03-05 16:54:03"
    }
  }, 
  {
    "pk": 12, 
    "model": "auth.user", 
    "fields": {
      "username": "daisy", 
      "first_name": "Daisy", 
      "last_name": "Duck", 
      "is_active": true, 
      "is_superuser": false, 
      "is_staff": false, 
      "last_login": "2010-08-06 21:39:57", 
      "groups": [], 
      "user_permissions": [], 
      "password": "sha1$2c178$b02865f8883eb753cc6419cd95d7fe7f9a6bf9f5", 
      "email": "mail@example.com", 
      "date_joined": "2010-03-05 16:54:03"
    }
  }, 
  {
    "pk": 13, 
    "model": "auth.user", 
    "fields": {
      "username": "clarabelle", 
      "first_name": "Clarabelle", 
      "last_name": "Cow", 
      "is_active": true, 
      "is_superuser": false, 
      "is_staff": false, 
      "last_login": "2010-08-26 13:06:33", 
      "groups": [], 
      "user_permissions": [], 
      "password": "sha1$2c178$b02865f8883eb753cc6419cd95d7fe7f9a6bf9f5", 
      "email": "mail@example.com", 
      "date_joined": "2010-03-05 16:54:03"
    }
  }, 
  {
    "pk": 14, 
    "model": "auth.user", 
    "fields": {
      "username": "april", 
      "first_name": "April", 
      "last_name": "Duck", 
      "is_active": true, 
      "is_superuser": false, 
      "is_staff": false, 
      "last_login": "2010-08-05 18:26:29", 
      "groups": [], 
      "user_permissions": [], 
      "password": "sha1$2c178$b02865f8883eb753cc6419cd95d7fe7f9a6bf9f5", 
      "email": "mail@example.com", 
      "date_joined": "2010-03-05 16:54:03"
    }
  }, 
  {
    "pk": 15, 
    "model": "auth.user", 
    "fields": {
      "username": "may", 
      "first_name": "May", 
      "last_name": "Duck", 
      "is_active": true, 
      "is_superuser": false, 
      "is_staff": false, 
      "last_login": "2010-08-26 12:41:49", 
      "groups": [], 
      "user_permissions": [], 
      "password": "sha1$2c178$b02865f8883eb753cc6419cd95d7fe7f9a6bf9f5", 
      "email": "mail@example.com", 
      "date_joined": "2010-03-05 16:54:03"
    }
  }, 
  {
    "pk": 16, 
    "model": "auth.user", 
    "fields": {
      "username": "june", 
      "first_name": "June", 
      "last_name": "Duck", 
      "is_active": true, 
      "is_superuser": false, 
      "is_staff": false, 
      "last_login": "2010-10-19 02:11:52", 
      "groups": [], 
      "user_permissions": [], 
      "password": "sha1$2c178$b02865f8883eb753cc6419cd95d7fe7f9a6bf9f5", 
      "email": "mail@example.com", 
      "date_joined": "2010-03-05 16:54:03"
    }
  }, 
  {
    "pk": 17, 
    "model": "auth.user", 
    "fields": {
      "username": "pinocchio", 
      "first_name": "Pinocchio", 
      "last_name": "", 
      "is_active": true, 
      "is_superuser": false, 
      "is_staff": false, 
      "last_login": "2010-08-11 12:17:15", 
      "groups": [], 
      "user_permissions": [], 
      "password": "sha1$b6f97$4f19b2ce4979b4f2489966215755df6d120d66fd", 
      "email": "mail@example.com", 
      "date_joined": "2010-08-11 12:17:15"
    }
  }, 
  {
    "pk": 18, 
    "model": "auth.user", 
    "fields": {
      "username": "mowgli", 
      "first_name": "Mowgli", 
      "last_name": "", 
      "is_active": true, 
      "is_superuser": false, 
      "is_staff": false, 
      "last_login": "2010-08-11 12:17:42", 
      "groups": [], 
      "user_permissions": [], 
      "password": "sha1$1fda2$a6318c5175c77fe6b60442622e802f8144ef4fe3", 
      "email": "mail@example.com", 
      "date_joined": "2010-08-11 12:17:42"
    }
  }, 
  {
    "pk": 19, 
    "model": "auth.user", 
    "fields": {
      "username": "peterpan", 
      "first_name": "Peter", 
      "last_name": "Pan", 
      "is_active": true, 
      "is_superuser": false, 
      "is_staff": false, 
      "last_login": "2010-08-11 12:19:19", 
      "groups": [], 
      "user_permissions": [], 
      "password": "sha1$c85c2$cb6b4be3c25ec66087cb02fb3e98042f6162b71e", 
      "email": "mail@example.com", 
      "date_joined": "2010-08-11 12:19:19"
    }
  }, 
  {
    "pk": 20, 
    "model": "auth.user", 
    "fields": {
      "username": "wendy", 
      "first_name": "Wendy", 
      "last_name": "", 
      "is_active": true, 
      "is_superuser": false, 
      "is_staff": false, 
      "last_login": "2010-08-11 12:19:31", 
      "groups": [], 
      "user_permissions": [], 
      "password": "sha1$9a4ac$56bbd06b3f55155de56ad6472b83343c37663bd9", 
      "email": "mail@example.com", 
      "date_joined": "2010-08-11 12:19:31"
    }
  }, 
  {
    "pk": 21, 
    "model": "auth.user", 
    "fields": {
      "username": "simba", 
      "first_name": "Simba", 
      "last_name": "", 
      "is_active": true, 
      "is_superuser": false, 
      "is_staff": false, 
      "last_login": "2010-08-11 12:19:44", 
      "groups": [], 
      "user_permissions": [], 
      "password": "sha1$7271a$e6f99cf085377cd893543f58e95c7299270b2c05", 
      "email": "mail@example.com", 
      "date_joined": "2010-08-11 12:19:44"
    }
  }, 
  {
    "pk": 22, 
    "model": "auth.user", 
    "fields": {
      "username": "student0", 
      "first_name": "", 
      "last_name": "", 
      "is_active": true, 
      "is_superuser": false, 
      "is_staff": false, 
      "last_login": "2011-06-29 01:07:56", 
      "groups": [], 
      "user_permissions": [], 
      "password": "sha1$39915$0a151f113a7f0b60667c0a45f0da0336fba5ec5b", 
      "email": "student0@example.com", 
      "date_joined": "2011-06-29 01:07:56"
    }
  }, 
  {
    "pk": 23, 
    "model": "auth.user", 
    "fields": {
      "username": "student1", 
      "first_name": "", 
      "last_name": "", 
      "is_active": true, 
      "is_superuser": false, 
      "is_staff": false, 
      "last_login": "2011-06-29 01:07:56", 
      "groups": [], 
      "user_permissions": [], 
      "password": "sha1$ea3d2$e9b8ccf199eeab5d37e00170d784b64d57a25ef6", 
      "email": "student1@example.com", 
      "date_joined": "2011-06-29 01:07:56"
    }
  }, 
  {
    "pk": 24, 
    "model": "auth.user", 
    "fields": {
      "username": "examiner0", 
      "first_name": "", 
      "last_name": "", 
      "is_active": true, 
      "is_superuser": false, 
      "is_staff": false, 
      "last_login": "2011-06-29 01:07:56", 
      "groups": [], 
      "user_permissions": [], 
      "password": "sha1$dc99b$9d8b99aae02d569afb52d5af625037459357414b", 
      "email": "examiner0@example.com", 
      "date_joined": "2011-06-29 01:07:56"
    }
  }, 
  {
    "pk": 10, 
    "model": "grade_approved.approvedgrade", 
    "fields": {
      "approved": false
    }
  }, 
  {
    "pk": 11, 
    "model": "grade_approved.approvedgrade", 
    "fields": {
      "approved": false
    }
  }, 
  {
    "pk": 12, 
    "model": "grade_approved.approvedgrade", 
    "fields": {
      "approved": false
    }
  }, 
  {
    "pk": 13, 
    "model": "grade_approved.approvedgrade", 
    "fields": {
      "approved": false
    }
  }, 
  {
    "pk": 1, 
    "model": "grade_rstschema.rstschemadefinition", 
    "fields": {
      "maxpoints": 14, 
      "grade_to_points_mapping": null, 
      "let_students_see_schema": true, 
      "schemadef": "This is a schema. The schema author can write more\nor less anything they want. They can make headings and organize questions if\nneeded.\n\nA heading\n#########\n\nIs the assignment usable?\n\n.. field:: no/yes\n\nA subheading\n============\n\nRate the overall quality:\n\n.. field:: 0-13\n"
    }
  }, 
  {
    "pk": 2, 
    "model": "grade_rstschema.rstschemadefinition", 
    "fields": {
      "maxpoints": 10, 
      "grade_to_points_mapping": null, 
      "let_students_see_schema": true, 
      "schemadef": "This is a schema. The schema author can write more\nor less anything they want. They can make headings and organize questions if\nneeded.\n\nA heading\n#########\n\nIs the assignment usable?\n\n.. field:: no/yes\n\nA subheading\n============\n\nRate the overall quality:\n\n.. field:: 0-9\n"
    }
  }, 
  {
    "pk": 3, 
    "model": "grade_rstschema.rstschemadefinition", 
    "fields": {
      "maxpoints": 9, 
      "grade_to_points_mapping": null, 
      "let_students_see_schema": true, 
      "schemadef": "This is a schema. The schema author can write more\nor less anything they want. They can make headings and organize questions if\nneeded.\n\nA heading\n#########\n\nIs the assignment usable?\n\n.. field:: no/yes\n\nA subheading\n============\n\nRate the overall quality:\n\n.. field:: 0-8\n"
    }
  }, 
  {
    "pk": 4, 
    "model": "grade_rstschema.rstschemadefinition", 
    "fields": {
      "maxpoints": 9, 
      "grade_to_points_mapping": null, 
      "let_students_see_schema": true, 
      "schemadef": "This is a schema. The schema author can write more\nor less anything they want. They can make headings and organize questions if\nneeded.\n\nA heading\n#########\n\nIs the assignment usable?\n\n.. field:: no/yes\n\nA subheading\n============\n\nRate the overall quality:\n\n.. field:: 0-8\n"
    }
  }, 
  {
    "pk": 5, 
    "model": "grade_rstschema.rstschemadefinition", 
    "fields": {
      "maxpoints": 11, 
      "grade_to_points_mapping": null, 
      "let_students_see_schema": true, 
      "schemadef": "This is a schema. The schema author can write more\nor less anything they want. They can make headings and organize questions if\nneeded.\n\nA heading\n#########\n\nIs the assignment usable?\n\n.. field:: no/yes\n\nA subheading\n============\n\nRate the overall quality:\n\n.. field:: 0-10\n"
    }
  }, 
  {
    "pk": 6, 
    "model": "grade_rstschema.rstschemadefinition", 
    "fields": {
      "maxpoints": 10, 
      "grade_to_points_mapping": null, 
      "let_students_see_schema": true, 
      "schemadef": "This is a schema. The schema author can write more\nor less anything they want. They can make headings and organize questions if\nneeded.\n\nA heading\n#########\n\nIs the assignment usable?\n\n.. field:: no/yes\n\nA subheading\n============\n\nRate the overall quality:\n\n.. field:: 0-9\n"
    }
  }, 
  {
    "pk": 7, 
    "model": "grade_rstschema.rstschemadefinition", 
    "fields": {
      "maxpoints": 9, 
      "grade_to_points_mapping": null, 
      "let_students_see_schema": true, 
      "schemadef": "This is a schema. The schema author can write more\nor less anything they want. They can make headings and organize questions if\nneeded.\n\nA heading\n#########\n\nIs the assignment usable?\n\n.. field:: no/yes\n\nA subheading\n============\n\nRate the overall quality:\n\n.. field:: 0-8\n"
    }
  }, 
  {
    "pk": 1, 
    "model": "grade_rstschema.rstschemagrade", 
    "fields": {
      "points": 14, 
      "schema": "This is a schema. The schema author can write more\nor less anything they want. They can make headings and organize questions if\nneeded.\n\nA heading\n#########\n\nIs the assignment usable? [no/yes]\n[[[ yes ]]]\n\nA subheading\n============\n\nRate the overall quality: [0-13]\n[[[ 13 ]]]\n"
    }
  }, 
  {
    "pk": 2, 
    "model": "grade_rstschema.rstschemagrade", 
    "fields": {
      "points": 10, 
      "schema": "This is a schema. The schema author can write more\nor less anything they want. They can make headings and organize questions if\nneeded.\n\nA heading\n#########\n\nIs the assignment usable? [no/yes]\n[[[ yes ]]]\n\nA subheading\n============\n\nRate the overall quality: [0-9]\n[[[ 9 ]]]\n"
    }
  }, 
  {
    "pk": 3, 
    "model": "grade_rstschema.rstschemagrade", 
    "fields": {
      "points": 6, 
      "schema": "This is a schema. The schema author can write more\nor less anything they want. They can make headings and organize questions if\nneeded.\n\nA heading\n#########\n\nIs the assignment usable? [no/yes]\n[[[ yes ]]]\n\nA subheading\n============\n\nRate the overall quality: [0-9]\n[[[ 5 ]]]\n"
    }
  }, 
  {
    "pk": 4, 
    "model": "grade_rstschema.rstschemagrade", 
    "fields": {
      "points": 9, 
      "schema": "This is a schema. The schema author can write more\nor less anything they want. They can make headings and organize questions if\nneeded.\n\nA heading\n#########\n\nIs the assignment usable? [no/yes]\n[[[ yes ]]]\n\nA subheading\n============\n\nRate the overall quality: [0-8]\n[[[ 8 ]]]\n"
    }
  }, 
  {
    "pk": 5, 
    "model": "grade_rstschema.rstschemagrade", 
    "fields": {
      "points": 9, 
      "schema": "This is a schema. The schema author can write more\nor less anything they want. They can make headings and organize questions if\nneeded.\n\nA heading\n#########\n\nIs the assignment usable? [no/yes]\n[[[ yes ]]]\n\nA subheading\n============\n\nRate the overall quality: [0-8]\n[[[ 8 ]]]\n"
    }
  }, 
  {
    "pk": 6, 
    "model": "grade_rstschema.rstschemagrade", 
    "fields": {
      "points": 11, 
      "schema": "This is a schema. The schema author can write more\nor less anything they want. They can make headings and organize questions if\nneeded.\n\nA heading\n#########\n\nIs the assignment usable? [no/yes]\n[[[ yes ]]]\n\nA subheading\n============\n\nRate the overall quality: [0-10]\n[[[ 10 ]]]\n"
    }
  }, 
  {
    "pk": 7, 
    "model": "grade_rstschema.rstschemagrade", 
    "fields": {
      "points": 7, 
      "schema": "This is a schema. The schema author can write more\nor less anything they want. They can make headings and organize questions if\nneeded.\n\nA heading\n#########\n\nIs the assignment usable? [no/yes]\n[[[ yes ]]]\n\nA subheading\n============\n\nRate the overall quality: [0-10]\n[[[ 6 ]]]\n"
    }
  }, 
  {
    "pk": 8, 
    "model": "grade_rstschema.rstschemagrade", 
    "fields": {
      "points": 10, 
      "schema": "This is a schema. The schema author can write more\nor less anything they want. They can make headings and organize questions if\nneeded.\n\nA heading\n#########\n\nIs the assignment usable? [no/yes]\n[[[ yes ]]]\n\nA subheading\n============\n\nRate the overall quality: [0-9]\n[[[ 9 ]]]\n"
    }
  }, 
  {
    "pk": 9, 
    "model": "grade_rstschema.rstschemagrade", 
    "fields": {
      "points": 9, 
      "schema": "This is a schema. The schema author can write more\nor less anything they want. They can make headings and organize questions if\nneeded.\n\nA heading\n#########\n\nIs the assignment usable? [no/yes]\n[[[ yes ]]]\n\nA subheading\n============\n\nRate the overall quality: [0-8]\n[[[ 8 ]]]\n"
    }
  }
]