[{"pk": "0b68ecee627656873ef716793e8a8ea8", "model": "sessions.session", "fields": {"expire_date": "2010-10-31 16:41:08", "session_data": "gAJ9cQEoVRJfYXV0aF91c2VyX2JhY2tlbmRxAlUpZGphbmdvLmNvbnRyaWIuYXV0aC5iYWNrZW5k\ncy5Nb2RlbEJhY2tlbmRxA1UNX2F1dGhfdXNlcl9pZHEESwF1LmM0NWRiMjNmZWI5OWQ5NTU4ZmIx\nMjEzMDFkOTcyMDUz\n"}}, {"pk": "69fe837c72a1fd85513576c2ccf07c48", "model": "sessions.session", "fields": {"expire_date": "2010-10-31 16:37:26", "session_data": "gAJ9cQEoVRJfYXV0aF91c2VyX2JhY2tlbmRxAlUpZGphbmdvLmNvbnRyaWIuYXV0aC5iYWNrZW5k\ncy5Nb2RlbEJhY2tlbmRxA1UNX2F1dGhfdXNlcl9pZHEESwd1LjE0Zjg4YmNmNDE3MGU4MzhmOGNl\nMTA0ZjMyMzU2MGIz\n"}}, {"pk": 1, "model": "sites.site", "fields": {"domain": "example.com", "name": "example.com"}}, {"pk": 1, "model": "grade_approved.approvedgrade", "fields": {"approved": true}}, {"pk": 2, "model": "grade_approved.approvedgrade", "fields": {"approved": false}}, {"pk": 5, "model": "grade_approved.approvedgrade", "fields": {"approved": true}}, {"pk": 4, "model": "grade_rstschema.rstschemadefinition", "fields": {"let_students_see_schema": false, "schemadef": "Have the student delivered all required files?\r\n\r\n.. field:: no/some/yes\r\n    :default: no\r\n\r\nHow do you rate the quality of the assignment?\r\n\r\n.. field:: 0-4"}}, {"pk": 5, "model": "grade_rstschema.rstschemadefinition", "fields": {"let_students_see_schema": false, "schemadef": "How do you rate the quality of the assignment?\r\n\r\n.. field:: 0-9\r\n"}}, {"pk": 3, "model": "grade_rstschema.rstschemagrade", "fields": {"maxpoints": 9, "points": 9, "schema": "How do you rate the quality of the assignment? [0-9]\n[[[ 9 ]]]\n"}}, {"pk": 4, "model": "grade_rstschema.rstschemagrade", "fields": {"maxpoints": 6, "points": 4, "schema": "Have the student delivered all required files? [no/some/yes]\n[[[ some ]]]\n\nHow do you rate the quality of the assignment? [0-4]\n[[[ 3 ]]]"}}, {"pk": 21, "model": "contenttypes.contenttype", "fields": {"model": "assignment", "name": "Assignment", "app_label": "core"}}, {"pk": 24, "model": "contenttypes.contenttype", "fields": {"model": "deadline", "name": "Deadline", "app_label": "core"}}, {"pk": 25, "model": "contenttypes.contenttype", "fields": {"model": "delivery", "name": "Delivery", "app_label": "core"}}, {"pk": 27, "model": "contenttypes.contenttype", "fields": {"model": "filemeta", "name": "FileMeta", "app_label": "core"}}, {"pk": 18, "model": "contenttypes.contenttype", "fields": {"model": "node", "name": "Node", "app_label": "core"}}, {"pk": 20, "model": "contenttypes.contenttype", "fields": {"model": "period", "name": "Period", "app_label": "core"}}, {"pk": 19, "model": "contenttypes.contenttype", "fields": {"model": "subject", "name": "Subject", "app_label": "core"}}, {"pk": 4, "model": "contenttypes.contenttype", "fields": {"model": "approvedgrade", "name": "approved grade", "app_label": "grade_approved"}}, {"pk": 23, "model": "contenttypes.contenttype", "fields": {"model": "assignmentgroup", "name": "assignment group", "app_label": "core"}}, {"pk": 22, "model": "contenttypes.contenttype", "fields": {"model": "candidate", "name": "candidate", "app_label": "core"}}, {"pk": 5, "model": "contenttypes.contenttype", "fields": {"model": "charfieldgrade", "name": "char field grade", "app_label": "grade_default"}}, {"pk": 16, "model": "contenttypes.contenttype", "fields": {"model": "contenttype", "name": "content type", "app_label": "contenttypes"}}, {"pk": 7, "model": "contenttypes.contenttype", "fields": {"model": "entry", "name": "entry", "app_label": "grade_schema"}}, {"pk": 26, "model": "contenttypes.contenttype", "fields": {"model": "feedback", "name": "feedback", "app_label": "core"}}, {"pk": 17, "model": "contenttypes.contenttype", "fields": {"model": "grademodel", "name": "grade model", "app_label": "core"}}, {"pk": 13, "model": "contenttypes.contenttype", "fields": {"model": "group", "name": "group", "app_label": "auth"}}, {"pk": 3, "model": "contenttypes.contenttype", "fields": {"model": "logentry", "name": "log entry", "app_label": "admin"}}, {"pk": 15, "model": "contenttypes.contenttype", "fields": {"model": "message", "name": "message", "app_label": "auth"}}, {"pk": 12, "model": "contenttypes.contenttype", "fields": {"model": "permission", "name": "permission", "app_label": "auth"}}, {"pk": 9, "model": "contenttypes.contenttype", "fields": {"model": "result", "name": "result", "app_label": "grade_schema"}}, {"pk": 10, "model": "contenttypes.contenttype", "fields": {"model": "rstschemadefinition", "name": "rst schema definition", "app_label": "grade_rstschema"}}, {"pk": 11, "model": "contenttypes.contenttype", "fields": {"model": "rstschemagrade", "name": "rst schema grade", "app_label": "grade_rstschema"}}, {"pk": 6, "model": "contenttypes.contenttype", "fields": {"model": "schemagrade", "name": "schema grade", "app_label": "grade_schema"}}, {"pk": 8, "model": "contenttypes.contenttype", "fields": {"model": "schemagraderesults", "name": "schema grade results", "app_label": "grade_schema"}}, {"pk": 1, "model": "contenttypes.contenttype", "fields": {"model": "session", "name": "session", "app_label": "sessions"}}, {"pk": 2, "model": "contenttypes.contenttype", "fields": {"model": "site", "name": "site", "app_label": "sites"}}, {"pk": 14, "model": "contenttypes.contenttype", "fields": {"model": "user", "name": "user", "app_label": "auth"}}, {"pk": 1, "model": "core.grademodel", "fields": {}}, {"pk": 2, "model": "core.grademodel", "fields": {}}, {"pk": 3, "model": "core.grademodel", "fields": {}}, {"pk": 4, "model": "core.grademodel", "fields": {}}, {"pk": 5, "model": "core.grademodel", "fields": {}}, {"pk": 1, "model": "core.node", "fields": {"long_name": "UiO", "admins": [9], "parentnode": null, "short_name": "uio"}}, {"pk": 2, "model": "core.node", "fields": {"long_name": "Institutt for informatikk", "admins": [2, 3], "parentnode": 1, "short_name": "ifi"}}, {"pk": 3, "model": "core.node", "fields": {"long_name": "Fysisk institutt", "admins": [], "parentnode": 1, "short_name": "fys"}}, {"pk": 4, "model": "core.node", "fields": {"long_name": "Deep dummy One", "admins": [], "parentnode": 1, "short_name": "deepdummy1"}}, {"pk": 5, "model": "core.node", "fields": {"long_name": "Deep dummy Two", "admins": [], "parentnode": 4, "short_name": "deepdummy2"}}, {"pk": 6, "model": "core.node", "fields": {"long_name": "Deep dummy Three", "admins": [], "parentnode": 5, "short_name": "deepdummy3"}}, {"pk": 1, "model": "core.subject", "fields": {"long_name": "INF1100", "admins": [4], "parentnode": 2, "short_name": "inf1100"}}, {"pk": 2, "model": "core.subject", "fields": {"long_name": "INF1060", "admins": [5], "parentnode": 2, "short_name": "inf1060"}}, {"pk": 1, "model": "core.period", "fields": {"short_name": "looong", "start_time": "2010-06-05 00:13:35", "parentnode": 1, "long_name": "A long period", "admins": [], "end_time": "2110-06-05 00:13:37"}}, {"pk": 2, "model": "core.period", "fields": {"short_name": "old", "start_time": "2010-01-05 00:00:00", "parentnode": 1, "long_name": "A old period", "admins": [], "end_time": "2010-06-10 00:00:00"}}, {"pk": 1, "model": "core.assignment", "fields": {"grade_plugin": "grade_approved:approvedgrade", "short_name": "oblig1", "publishing_time": "2010-06-05 00:31:42", "parentnode": 1, "filenames": null, "long_name": "Obligatory assignment one", "admins": [], "anonymous": false}}, {"pk": 2, "model": "core.assignment", "fields": {"grade_plugin": "grade_approved:approvedgrade", "short_name": "oblig2", "publishing_time": "2010-06-05 01:07:59", "parentnode": 1, "filenames": null, "long_name": "Obligatory assignment two", "admins": [], "anonymous": false}}, {"pk": 3, "model": "core.assignment", "fields": {"grade_plugin": "grade_default:charfieldgrade", "short_name": "oldone", "publishing_time": "2010-05-04 12:00:00", "parentnode": 2, "filenames": null, "long_name": "A old assignment", "admins": [], "anonymous": false}}, {"pk": 4, "model": "core.assignment", "fields": {"grade_plugin": "grade_rstschema:rstschemagrade", "short_name": "schematest1", "publishing_time": "2010-10-10 08:00:00", "parentnode": 1, "filenames": "", "long_name": "Schematest One", "admins": [], "anonymous": false}}, {"pk": 5, "model": "core.assignment", "fields": {"grade_plugin": "grade_rstschema:rstschemagrade", "short_name": "schematest2", "publishing_time": "2010-10-14 18:00:00", "parentnode": 1, "filenames": "", "long_name": "Schematest Two", "admins": [], "anonymous": false}}, {"pk": 1, "model": "core.candidate", "fields": {"candidate_id": "1", "student": 6, "assignment_group": 1}}, {"pk": 2, "model": "core.candidate", "fields": {"candidate_id": "2", "student": 7, "assignment_group": 2}}, {"pk": 3, "model": "core.candidate", "fields": {"candidate_id": "3", "student": 8, "assignment_group": 2}}, {"pk": 4, "model": "core.candidate", "fields": {"candidate_id": "3", "student": 8, "assignment_group": 3}}, {"pk": 5, "model": "core.candidate", "fields": {"candidate_id": "1", "student": 6, "assignment_group": 4}}, {"pk": 6, "model": "core.candidate", "fields": {"candidate_id": "1", "student": 6, "assignment_group": 5}}, {"pk": 7, "model": "core.candidate", "fields": {"candidate_id": "4", "student": 12, "assignment_group": 5}}, {"pk": 8, "model": "core.candidate", "fields": {"candidate_id": "1", "student": 6, "assignment_group": 6}}, {"pk": 9, "model": "core.candidate", "fields": {"candidate_id": "2", "student": 7, "assignment_group": 7}}, {"pk": 10, "model": "core.candidate", "fields": {"candidate_id": "3", "student": 8, "assignment_group": 7}}, {"pk": 11, "model": "core.candidate", "fields": {"candidate_id": "3", "student": 8, "assignment_group": 8}}, {"pk": 12, "model": "core.candidate", "fields": {"candidate_id": "1", "student": 6, "assignment_group": 9}}, {"pk": 13, "model": "core.candidate", "fields": {"candidate_id": "2", "student": 7, "assignment_group": 10}}, {"pk": 14, "model": "core.candidate", "fields": {"candidate_id": "3", "student": 8, "assignment_group": 10}}, {"pk": 15, "model": "core.candidate", "fields": {"candidate_id": "3", "student": 8, "assignment_group": 11}}, {"pk": 16, "model": "core.candidate", "fields": {"candidate_id": "1", "student": 6, "assignment_group": 12}}, {"pk": 17, "model": "core.candidate", "fields": {"candidate_id": "2", "student": 7, "assignment_group": 13}}, {"pk": 18, "model": "core.candidate", "fields": {"candidate_id": "3", "student": 8, "assignment_group": 13}}, {"pk": 19, "model": "core.candidate", "fields": {"candidate_id": "3", "student": 8, "assignment_group": 14}}, {"pk": 1, "model": "core.assignmentgroup", "fields": {"status": 3, "is_open": true, "name": null, "parentnode": 1, "examiners": [10]}}, {"pk": 2, "model": "core.assignmentgroup", "fields": {"status": 3, "is_open": true, "name": null, "parentnode": 1, "examiners": [10]}}, {"pk": 3, "model": "core.assignmentgroup", "fields": {"status": 0, "is_open": true, "name": null, "parentnode": 1, "examiners": [11, 14]}}, {"pk": 4, "model": "core.assignmentgroup", "fields": {"status": 0, "is_open": true, "name": null, "parentnode": 3, "examiners": [13]}}, {"pk": 5, "model": "core.assignmentgroup", "fields": {"status": 0, "is_open": true, "name": null, "parentnode": 3, "examiners": [13, 14]}}, {"pk": 6, "model": "core.assignmentgroup", "fields": {"status": 0, "is_open": true, "name": null, "parentnode": 2, "examiners": [10]}}, {"pk": 7, "model": "core.assignmentgroup", "fields": {"status": 3, "is_open": true, "name": null, "parentnode": 2, "examiners": [10]}}, {"pk": 8, "model": "core.assignmentgroup", "fields": {"status": 0, "is_open": true, "name": null, "parentnode": 2, "examiners": [11, 14]}}, {"pk": 9, "model": "core.assignmentgroup", "fields": {"status": 0, "is_open": true, "name": null, "parentnode": 4, "examiners": [10]}}, {"pk": 10, "model": "core.assignmentgroup", "fields": {"status": 3, "is_open": true, "name": null, "parentnode": 4, "examiners": [10]}}, {"pk": 11, "model": "core.assignmentgroup", "fields": {"status": 0, "is_open": true, "name": null, "parentnode": 4, "examiners": [11, 14]}}, {"pk": 12, "model": "core.assignmentgroup", "fields": {"status": 0, "is_open": true, "name": null, "parentnode": 5, "examiners": [10]}}, {"pk": 13, "model": "core.assignmentgroup", "fields": {"status": 3, "is_open": true, "name": null, "parentnode": 5, "examiners": [10]}}, {"pk": 14, "model": "core.assignmentgroup", "fields": {"status": 0, "is_open": true, "name": null, "parentnode": 5, "examiners": [11, 14]}}, {"pk": 7, "model": "core.delivery", "fields": {"delivered_by": 7, "successful": true, "time_of_delivery": "2010-10-17 16:43:04", "number": 1, "assignment_group": 10}}, {"pk": 6, "model": "core.delivery", "fields": {"delivered_by": 7, "successful": true, "time_of_delivery": "2010-10-17 16:42:56", "number": 1, "assignment_group": 13}}, {"pk": 5, "model": "core.delivery", "fields": {"delivered_by": 7, "successful": true, "time_of_delivery": "2010-10-17 16:42:47", "number": 1, "assignment_group": 7}}, {"pk": 4, "model": "core.delivery", "fields": {"delivered_by": 7, "successful": true, "time_of_delivery": "2010-10-17 16:42:24", "number": 2, "assignment_group": 2}}, {"pk": 3, "model": "core.delivery", "fields": {"delivered_by": 6, "successful": false, "time_of_delivery": "2010-06-19 16:36:57", "number": 2, "assignment_group": 1}}, {"pk": 2, "model": "core.delivery", "fields": {"delivered_by": 7, "successful": false, "time_of_delivery": "2010-06-19 16:31:37", "number": 1, "assignment_group": 2}}, {"pk": 1, "model": "core.delivery", "fields": {"delivered_by": 6, "successful": true, "time_of_delivery": "2010-06-19 14:47:29", "number": 1, "assignment_group": 1}}, {"pk": 1, "model": "core.feedback", "fields": {"format": "rst", "text": "", "last_modified_by": 1, "delivery": 1, "last_modified": "2010-10-17 16:43:59", "object_id": 1, "content_type": 4, "published": true}}, {"pk": 2, "model": "core.feedback", "fields": {"format": "rst", "text": "", "last_modified_by": 1, "delivery": 2, "last_modified": "2010-10-17 16:44:50", "object_id": 2, "content_type": 4, "published": true}}, {"pk": 3, "model": "core.feedback", "fields": {"format": "rst", "text": "", "last_modified_by": 1, "delivery": 6, "last_modified": "2010-10-17 16:45:23", "object_id": 3, "content_type": 11, "published": true}}, {"pk": 4, "model": "core.feedback", "fields": {"format": "rst", "text": "", "last_modified_by": 1, "delivery": 7, "last_modified": "2010-10-17 16:45:50", "object_id": 4, "content_type": 11, "published": true}}, {"pk": 5, "model": "core.feedback", "fields": {"format": "rst", "text": "", "last_modified_by": 1, "delivery": 5, "last_modified": "2010-10-17 16:46:11", "object_id": 5, "content_type": 4, "published": true}}, {"pk": 1, "model": "core.filemeta", "fields": {"delivery": 4, "size": 14, "filename": "ingenting.txt"}}, {"pk": 2, "model": "core.filemeta", "fields": {"delivery": 5, "size": 14, "filename": "ingenting.txt"}}, {"pk": 3, "model": "core.filemeta", "fields": {"delivery": 6, "size": 14, "filename": "ingenting.txt"}}, {"pk": 4, "model": "core.filemeta", "fields": {"delivery": 7, "size": 14, "filename": "ingenting.txt"}}, {"pk": 7, "model": "auth.permission", "fields": {"codename": "add_logentry", "name": "Can add log entry", "content_type": 3}}, {"pk": 8, "model": "auth.permission", "fields": {"codename": "change_logentry", "name": "Can change log entry", "content_type": 3}}, {"pk": 9, "model": "auth.permission", "fields": {"codename": "delete_logentry", "name": "Can delete log entry", "content_type": 3}}, {"pk": 37, "model": "auth.permission", "fields": {"codename": "add_group", "name": "Can add group", "content_type": 13}}, {"pk": 38, "model": "auth.permission", "fields": {"codename": "change_group", "name": "Can change group", "content_type": 13}}, {"pk": 39, "model": "auth.permission", "fields": {"codename": "delete_group", "name": "Can delete group", "content_type": 13}}, {"pk": 43, "model": "auth.permission", "fields": {"codename": "add_message", "name": "Can add message", "content_type": 15}}, {"pk": 44, "model": "auth.permission", "fields": {"codename": "change_message", "name": "Can change message", "content_type": 15}}, {"pk": 45, "model": "auth.permission", "fields": {"codename": "delete_message", "name": "Can delete message", "content_type": 15}}, {"pk": 34, "model": "auth.permission", "fields": {"codename": "add_permission", "name": "Can add permission", "content_type": 12}}, {"pk": 35, "model": "auth.permission", "fields": {"codename": "change_permission", "name": "Can change permission", "content_type": 12}}, {"pk": 36, "model": "auth.permission", "fields": {"codename": "delete_permission", "name": "Can delete permission", "content_type": 12}}, {"pk": 40, "model": "auth.permission", "fields": {"codename": "add_user", "name": "Can add user", "content_type": 14}}, {"pk": 41, "model": "auth.permission", "fields": {"codename": "change_user", "name": "Can change user", "content_type": 14}}, {"pk": 42, "model": "auth.permission", "fields": {"codename": "delete_user", "name": "Can delete user", "content_type": 14}}, {"pk": 46, "model": "auth.permission", "fields": {"codename": "add_contenttype", "name": "Can add content type", "content_type": 16}}, {"pk": 47, "model": "auth.permission", "fields": {"codename": "change_contenttype", "name": "Can change content type", "content_type": 16}}, {"pk": 48, "model": "auth.permission", "fields": {"codename": "delete_contenttype", "name": "Can delete content type", "content_type": 16}}, {"pk": 61, "model": "auth.permission", "fields": {"codename": "add_assignment", "name": "Can add Assignment", "content_type": 21}}, {"pk": 62, "model": "auth.permission", "fields": {"codename": "change_assignment", "name": "Can change Assignment", "content_type": 21}}, {"pk": 63, "model": "auth.permission", "fields": {"codename": "delete_assignment", "name": "Can delete Assignment", "content_type": 21}}, {"pk": 67, "model": "auth.permission", "fields": {"codename": "add_assignmentgroup", "name": "Can add assignment group", "content_type": 23}}, {"pk": 68, "model": "auth.permission", "fields": {"codename": "change_assignmentgroup", "name": "Can change assignment group", "content_type": 23}}, {"pk": 69, "model": "auth.permission", "fields": {"codename": "delete_assignmentgroup", "name": "Can delete assignment group", "content_type": 23}}, {"pk": 64, "model": "auth.permission", "fields": {"codename": "add_candidate", "name": "Can add candidate", "content_type": 22}}, {"pk": 65, "model": "auth.permission", "fields": {"codename": "change_candidate", "name": "Can change candidate", "content_type": 22}}, {"pk": 66, "model": "auth.permission", "fields": {"codename": "delete_candidate", "name": "Can delete candidate", "content_type": 22}}, {"pk": 70, "model": "auth.permission", "fields": {"codename": "add_deadline", "name": "Can add Deadline", "content_type": 24}}, {"pk": 71, "model": "auth.permission", "fields": {"codename": "change_deadline", "name": "Can change Deadline", "content_type": 24}}, {"pk": 72, "model": "auth.permission", "fields": {"codename": "delete_deadline", "name": "Can delete Deadline", "content_type": 24}}, {"pk": 73, "model": "auth.permission", "fields": {"codename": "add_delivery", "name": "Can add Delivery", "content_type": 25}}, {"pk": 74, "model": "auth.permission", "fields": {"codename": "change_delivery", "name": "Can change Delivery", "content_type": 25}}, {"pk": 75, "model": "auth.permission", "fields": {"codename": "delete_delivery", "name": "Can delete Delivery", "content_type": 25}}, {"pk": 76, "model": "auth.permission", "fields": {"codename": "add_feedback", "name": "Can add feedback", "content_type": 26}}, {"pk": 77, "model": "auth.permission", "fields": {"codename": "change_feedback", "name": "Can change feedback", "content_type": 26}}, {"pk": 78, "model": "auth.permission", "fields": {"codename": "delete_feedback", "name": "Can delete feedback", "content_type": 26}}, {"pk": 79, "model": "auth.permission", "fields": {"codename": "add_filemeta", "name": "Can add FileMeta", "content_type": 27}}, {"pk": 80, "model": "auth.permission", "fields": {"codename": "change_filemeta", "name": "Can change FileMeta", "content_type": 27}}, {"pk": 81, "model": "auth.permission", "fields": {"codename": "delete_filemeta", "name": "Can delete FileMeta", "content_type": 27}}, {"pk": 49, "model": "auth.permission", "fields": {"codename": "add_grademodel", "name": "Can add grade model", "content_type": 17}}, {"pk": 50, "model": "auth.permission", "fields": {"codename": "change_grademodel", "name": "Can change grade model", "content_type": 17}}, {"pk": 51, "model": "auth.permission", "fields": {"codename": "delete_grademodel", "name": "Can delete grade model", "content_type": 17}}, {"pk": 52, "model": "auth.permission", "fields": {"codename": "add_node", "name": "Can add Node", "content_type": 18}}, {"pk": 53, "model": "auth.permission", "fields": {"codename": "change_node", "name": "Can change Node", "content_type": 18}}, {"pk": 54, "model": "auth.permission", "fields": {"codename": "delete_node", "name": "Can delete Node", "content_type": 18}}, {"pk": 58, "model": "auth.permission", "fields": {"codename": "add_period", "name": "Can add Period", "content_type": 20}}, {"pk": 59, "model": "auth.permission", "fields": {"codename": "change_period", "name": "Can change Period", "content_type": 20}}, {"pk": 60, "model": "auth.permission", "fields": {"codename": "delete_period", "name": "Can delete Period", "content_type": 20}}, {"pk": 55, "model": "auth.permission", "fields": {"codename": "add_subject", "name": "Can add Subject", "content_type": 19}}, {"pk": 56, "model": "auth.permission", "fields": {"codename": "change_subject", "name": "Can change Subject", "content_type": 19}}, {"pk": 57, "model": "auth.permission", "fields": {"codename": "delete_subject", "name": "Can delete Subject", "content_type": 19}}, {"pk": 10, "model": "auth.permission", "fields": {"codename": "add_approvedgrade", "name": "Can add approved grade", "content_type": 4}}, {"pk": 11, "model": "auth.permission", "fields": {"codename": "change_approvedgrade", "name": "Can change approved grade", "content_type": 4}}, {"pk": 12, "model": "auth.permission", "fields": {"codename": "delete_approvedgrade", "name": "Can delete approved grade", "content_type": 4}}, {"pk": 13, "model": "auth.permission", "fields": {"codename": "add_charfieldgrade", "name": "Can add char field grade", "content_type": 5}}, {"pk": 14, "model": "auth.permission", "fields": {"codename": "change_charfieldgrade", "name": "Can change char field grade", "content_type": 5}}, {"pk": 15, "model": "auth.permission", "fields": {"codename": "delete_charfieldgrade", "name": "Can delete char field grade", "content_type": 5}}, {"pk": 28, "model": "auth.permission", "fields": {"codename": "add_rstschemadefinition", "name": "Can add rst schema definition", "content_type": 10}}, {"pk": 29, "model": "auth.permission", "fields": {"codename": "change_rstschemadefinition", "name": "Can change rst schema definition", "content_type": 10}}, {"pk": 30, "model": "auth.permission", "fields": {"codename": "delete_rstschemadefinition", "name": "Can delete rst schema definition", "content_type": 10}}, {"pk": 31, "model": "auth.permission", "fields": {"codename": "add_rstschemagrade", "name": "Can add rst schema grade", "content_type": 11}}, {"pk": 32, "model": "auth.permission", "fields": {"codename": "change_rstschemagrade", "name": "Can change rst schema grade", "content_type": 11}}, {"pk": 33, "model": "auth.permission", "fields": {"codename": "delete_rstschemagrade", "name": "Can delete rst schema grade", "content_type": 11}}, {"pk": 19, "model": "auth.permission", "fields": {"codename": "add_entry", "name": "Can add entry", "content_type": 7}}, {"pk": 20, "model": "auth.permission", "fields": {"codename": "change_entry", "name": "Can change entry", "content_type": 7}}, {"pk": 21, "model": "auth.permission", "fields": {"codename": "delete_entry", "name": "Can delete entry", "content_type": 7}}, {"pk": 25, "model": "auth.permission", "fields": {"codename": "add_result", "name": "Can add result", "content_type": 9}}, {"pk": 26, "model": "auth.permission", "fields": {"codename": "change_result", "name": "Can change result", "content_type": 9}}, {"pk": 27, "model": "auth.permission", "fields": {"codename": "delete_result", "name": "Can delete result", "content_type": 9}}, {"pk": 16, "model": "auth.permission", "fields": {"codename": "add_schemagrade", "name": "Can add schema grade", "content_type": 6}}, {"pk": 17, "model": "auth.permission", "fields": {"codename": "change_schemagrade", "name": "Can change schema grade", "content_type": 6}}, {"pk": 18, "model": "auth.permission", "fields": {"codename": "delete_schemagrade", "name": "Can delete schema grade", "content_type": 6}}, {"pk": 22, "model": "auth.permission", "fields": {"codename": "add_schemagraderesults", "name": "Can add schema grade results", "content_type": 8}}, {"pk": 23, "model": "auth.permission", "fields": {"codename": "change_schemagraderesults", "name": "Can change schema grade results", "content_type": 8}}, {"pk": 24, "model": "auth.permission", "fields": {"codename": "delete_schemagraderesults", "name": "Can delete schema grade results", "content_type": 8}}, {"pk": 1, "model": "auth.permission", "fields": {"codename": "add_session", "name": "Can add session", "content_type": 1}}, {"pk": 2, "model": "auth.permission", "fields": {"codename": "change_session", "name": "Can change session", "content_type": 1}}, {"pk": 3, "model": "auth.permission", "fields": {"codename": "delete_session", "name": "Can delete session", "content_type": 1}}, {"pk": 4, "model": "auth.permission", "fields": {"codename": "add_site", "name": "Can add site", "content_type": 2}}, {"pk": 5, "model": "auth.permission", "fields": {"codename": "change_site", "name": "Can change site", "content_type": 2}}, {"pk": 6, "model": "auth.permission", "fields": {"codename": "delete_site", "name": "Can delete site", "content_type": 2}}, {"pk": 1, "model": "auth.user", "fields": {"username": "thesuperuser", "first_name": "", "last_name": "", "is_active": true, "is_superuser": true, "is_staff": true, "last_login": "2010-10-17 16:36:15", "groups": [], "user_permissions": [], "password": "sha1$7b509$a73b4c9c803a2d5224c98f51f29630e77dce1ef4", "email": "mail@example.com", "date_joined": "2010-01-23 09:32:37"}}, {"pk": 2, "model": "auth.user", "fields": {"username": "ifitechsupport", "first_name": "", "last_name": "", "is_active": true, "is_superuser": false, "is_staff": true, "last_login": "2010-01-24 17:23:45", "groups": [], "user_permissions": [], "password": "sha1$7b509$a73b4c9c803a2d5224c98f51f29630e77dce1ef4", "email": "mail@example.com", "date_joined": "2010-01-23 09:32:37"}}, {"pk": 3, "model": "auth.user", "fields": {"username": "ifiadmin", "first_name": "", "last_name": "", "is_active": true, "is_superuser": false, "is_staff": true, "last_login": "2010-10-17 16:36:05", "groups": [], "user_permissions": [], "password": "sha1$7b509$a73b4c9c803a2d5224c98f51f29630e77dce1ef4", "email": "mail@example.com", "date_joined": "2010-01-23 09:32:37"}}, {"pk": 4, "model": "auth.user", "fields": {"username": "teacher1", "first_name": "", "last_name": "", "is_active": true, "is_superuser": false, "is_staff": true, "last_login": "2010-01-24 18:07:12", "groups": [], "user_permissions": [], "password": "sha1$7b509$a73b4c9c803a2d5224c98f51f29630e77dce1ef4", "email": "mail@example.com", "date_joined": "2010-01-23 09:32:37"}}, {"pk": 5, "model": "auth.user", "fields": {"username": "teacher2", "first_name": "", "last_name": "", "is_active": true, "is_superuser": false, "is_staff": true, "last_login": "2010-01-24 18:07:12", "groups": [], "user_permissions": [], "password": "sha1$7b509$a73b4c9c803a2d5224c98f51f29630e77dce1ef4", "email": "mail@example.com", "date_joined": "2010-01-23 09:32:37"}}, {"pk": 6, "model": "auth.user", "fields": {"username": "student1", "first_name": "", "last_name": "", "is_active": true, "is_superuser": false, "is_staff": true, "last_login": "2010-10-17 16:37:12", "groups": [], "user_permissions": [], "password": "sha1$7b509$a73b4c9c803a2d5224c98f51f29630e77dce1ef4", "email": "mail@example.com", "date_joined": "2010-01-23 09:32:37"}}, {"pk": 7, "model": "auth.user", "fields": {"username": "student2", "first_name": "", "last_name": "", "is_active": true, "is_superuser": false, "is_staff": true, "last_login": "2010-10-17 16:37:26", "groups": [], "user_permissions": [], "password": "sha1$7b509$a73b4c9c803a2d5224c98f51f29630e77dce1ef4", "email": "mail@example.com", "date_joined": "2010-01-23 09:32:37"}}, {"pk": 8, "model": "auth.user", "fields": {"username": "student3", "first_name": "", "last_name": "", "is_active": true, "is_superuser": false, "is_staff": true, "last_login": "2010-01-24 18:07:04", "groups": [], "user_permissions": [], "password": "sha1$7b509$a73b4c9c803a2d5224c98f51f29630e77dce1ef4", "email": "mail@example.com", "date_joined": "2010-01-23 09:32:37"}}, {"pk": 9, "model": "auth.user", "fields": {"username": "uioadmin", "first_name": "", "last_name": "", "is_active": true, "is_superuser": false, "is_staff": true, "last_login": "2010-02-26 23:21:54", "groups": [], "user_permissions": [], "password": "sha1$a5503$1b396ca5149fa094829d86cb6924c2970b881d82", "email": "", "date_joined": "2010-02-26 22:27:51"}}, {"pk": 10, "model": "auth.user", "fields": {"username": "examiner1", "first_name": "", "last_name": "", "is_active": true, "is_superuser": false, "is_staff": false, "last_login": "2010-06-05 00:56:22", "groups": [], "user_permissions": [], "password": "sha1$7611d$8e15f11bed92bd5580ac2e1fe850e1ae8ed0ccbc", "email": "", "date_joined": "2010-06-05 00:56:22"}}, {"pk": 11, "model": "auth.user", "fields": {"username": "examiner2", "first_name": "", "last_name": "", "is_active": true, "is_superuser": false, "is_staff": false, "last_login": "2010-06-05 00:56:30", "groups": [], "user_permissions": [], "password": "sha1$3da0c$60825c97577c9e28077f73384bf172b91292740a", "email": "", "date_joined": "2010-06-05 00:56:30"}}, {"pk": 12, "model": "auth.user", "fields": {"username": "student4", "first_name": "", "last_name": "", "is_active": true, "is_superuser": false, "is_staff": false, "last_login": "2010-06-18 06:34:19", "groups": [], "user_permissions": [], "password": "sha1$03583$07fef9c0686462b1eaa82aacb2214e28142f5812", "email": "", "date_joined": "2010-06-18 06:34:19"}}, {"pk": 13, "model": "auth.user", "fields": {"username": "examiner3", "first_name": "", "last_name": "", "is_active": true, "is_superuser": false, "is_staff": false, "last_login": "2010-06-18 06:35:28", "groups": [], "user_permissions": [], "password": "sha1$c9f4e$1ce9ab35320c59074a1241ab6f8390b6a28fd5ce", "email": "", "date_joined": "2010-06-18 06:35:28"}}, {"pk": 14, "model": "auth.user", "fields": {"username": "examiner4", "first_name": "", "last_name": "", "is_active": true, "is_superuser": false, "is_staff": false, "last_login": "2010-06-18 06:35:39", "groups": [], "user_permissions": [], "password": "sha1$426a2$7ca58daa91f643fb51b3e1206cc86075e82ed877", "email": "", "date_joined": "2010-06-18 06:35:39"}}]