[
    {
        "pk": 1, 
        "model": "sites.site", 
        "fields": {
            "domain": "example.com", 
            "name": "example.com"
        }
    }, 
    {
        "pk": 29, 
        "model": "grade_approved.approvedgrade", 
        "fields": {
            "approved": false
        }
    }, 
    {
        "pk": 30, 
        "model": "grade_approved.approvedgrade", 
        "fields": {
            "approved": false
        }
    }, 
    {
        "pk": 31, 
        "model": "grade_approved.approvedgrade", 
        "fields": {
            "approved": false
        }
    }, 
    {
        "pk": 32, 
        "model": "grade_approved.approvedgrade", 
        "fields": {
            "approved": false
        }
    }, 
    {
        "pk": 33, 
        "model": "grade_approved.approvedgrade", 
        "fields": {
            "approved": true
        }
    }, 
    {
        "pk": 1, 
        "model": "grade_rstschema.rstschemadefinition", 
        "fields": {
            "maxpoints": 14, 
            "let_students_see_schema": true, 
            "schemadef": "This is a schema. The schema author can write more\nor less anything they want. They can make headings and organize questions if\nneeded.\n\nA heading\n#########\n\nIs the assignment usable?\n\n.. field:: no/yes\n\nA subheading\n============\n\nRate the overall quality:\n\n.. field:: 0-13\n"
        }
    }, 
    {
        "pk": 2, 
        "model": "grade_rstschema.rstschemadefinition", 
        "fields": {
            "maxpoints": 10, 
            "let_students_see_schema": true, 
            "schemadef": "This is a schema. The schema author can write more\nor less anything they want. They can make headings and organize questions if\nneeded.\n\nA heading\n#########\n\nIs the assignment usable?\n\n.. field:: no/yes\n\nA subheading\n============\n\nRate the overall quality:\n\n.. field:: 0-9\n"
        }
    }, 
    {
        "pk": 3, 
        "model": "grade_rstschema.rstschemadefinition", 
        "fields": {
            "maxpoints": 9, 
            "let_students_see_schema": true, 
            "schemadef": "This is a schema. The schema author can write more\nor less anything they want. They can make headings and organize questions if\nneeded.\n\nA heading\n#########\n\nIs the assignment usable?\n\n.. field:: no/yes\n\nA subheading\n============\n\nRate the overall quality:\n\n.. field:: 0-8\n"
        }
    }, 
    {
        "pk": 4, 
        "model": "grade_rstschema.rstschemadefinition", 
        "fields": {
            "maxpoints": 12, 
            "let_students_see_schema": true, 
            "schemadef": "This is a schema. The schema author can write more\nor less anything they want. They can make headings and organize questions if\nneeded.\n\nA heading\n#########\n\nIs the assignment usable?\n\n.. field:: no/yes\n\nA subheading\n============\n\nRate the overall quality:\n\n.. field:: 0-11\n"
        }
    }, 
    {
        "pk": 5, 
        "model": "grade_rstschema.rstschemadefinition", 
        "fields": {
            "maxpoints": 6, 
            "let_students_see_schema": true, 
            "schemadef": "This is a schema. The schema author can write more\nor less anything they want. They can make headings and organize questions if\nneeded.\n\nA heading\n#########\n\nIs the assignment usable?\n\n.. field:: no/yes\n\nA subheading\n============\n\nRate the overall quality:\n\n.. field:: 0-5\n"
        }
    }, 
    {
        "pk": 1, 
        "model": "grade_rstschema.rstschemagrade", 
        "fields": {
            "points": 14, 
            "schema": "This is a schema. The schema author can write more\nor less anything they want. They can make headings and organize questions if\nneeded.\n\nA heading\n#########\n\nIs the assignment usable? [no/yes]\n[[[ yes ]]]\n\nA subheading\n============\n\nRate the overall quality: [0-13]\n[[[ 13 ]]]\n"
        }
    }, 
    {
        "pk": 2, 
        "model": "grade_rstschema.rstschemagrade", 
        "fields": {
            "points": 13, 
            "schema": "This is a schema. The schema author can write more\nor less anything they want. They can make headings and organize questions if\nneeded.\n\nA heading\n#########\n\nIs the assignment usable? [no/yes]\n[[[ yes ]]]\n\nA subheading\n============\n\nRate the overall quality: [0-13]\n[[[ 12 ]]]\n"
        }
    }, 
    {
        "pk": 3, 
        "model": "grade_rstschema.rstschemagrade", 
        "fields": {
            "points": 11, 
            "schema": "This is a schema. The schema author can write more\nor less anything they want. They can make headings and organize questions if\nneeded.\n\nA heading\n#########\n\nIs the assignment usable? [no/yes]\n[[[ yes ]]]\n\nA subheading\n============\n\nRate the overall quality: [0-13]\n[[[ 10 ]]]\n"
        }
    }, 
    {
        "pk": 4, 
        "model": "grade_rstschema.rstschemagrade", 
        "fields": {
            "points": 11, 
            "schema": "This is a schema. The schema author can write more\nor less anything they want. They can make headings and organize questions if\nneeded.\n\nA heading\n#########\n\nIs the assignment usable? [no/yes]\n[[[ yes ]]]\n\nA subheading\n============\n\nRate the overall quality: [0-13]\n[[[ 10 ]]]\n"
        }
    }, 
    {
        "pk": 5, 
        "model": "grade_rstschema.rstschemagrade", 
        "fields": {
            "points": 9, 
            "schema": "This is a schema. The schema author can write more\nor less anything they want. They can make headings and organize questions if\nneeded.\n\nA heading\n#########\n\nIs the assignment usable? [no/yes]\n[[[ yes ]]]\n\nA subheading\n============\n\nRate the overall quality: [0-13]\n[[[ 8 ]]]\n"
        }
    }, 
    {
        "pk": 6, 
        "model": "grade_rstschema.rstschemagrade", 
        "fields": {
            "points": 6, 
            "schema": "This is a schema. The schema author can write more\nor less anything they want. They can make headings and organize questions if\nneeded.\n\nA heading\n#########\n\nIs the assignment usable? [no/yes]\n[[[ yes ]]]\n\nA subheading\n============\n\nRate the overall quality: [0-13]\n[[[ 5 ]]]\n"
        }
    }, 
    {
        "pk": 7, 
        "model": "grade_rstschema.rstschemagrade", 
        "fields": {
            "points": 4, 
            "schema": "This is a schema. The schema author can write more\nor less anything they want. They can make headings and organize questions if\nneeded.\n\nA heading\n#########\n\nIs the assignment usable? [no/yes]\n[[[ yes ]]]\n\nA subheading\n============\n\nRate the overall quality: [0-13]\n[[[ 3 ]]]\n"
        }
    }, 
    {
        "pk": 8, 
        "model": "grade_rstschema.rstschemagrade", 
        "fields": {
            "points": 4, 
            "schema": "This is a schema. The schema author can write more\nor less anything they want. They can make headings and organize questions if\nneeded.\n\nA heading\n#########\n\nIs the assignment usable? [no/yes]\n[[[ yes ]]]\n\nA subheading\n============\n\nRate the overall quality: [0-13]\n[[[ 3 ]]]\n"
        }
    }, 
    {
        "pk": 9, 
        "model": "grade_rstschema.rstschemagrade", 
        "fields": {
            "points": 4, 
            "schema": "This is a schema. The schema author can write more\nor less anything they want. They can make headings and organize questions if\nneeded.\n\nA heading\n#########\n\nIs the assignment usable? [no/yes]\n[[[ yes ]]]\n\nA subheading\n============\n\nRate the overall quality: [0-13]\n[[[ 3 ]]]\n"
        }
    }, 
    {
        "pk": 10, 
        "model": "grade_rstschema.rstschemagrade", 
        "fields": {
            "points": 10, 
            "schema": "This is a schema. The schema author can write more\nor less anything they want. They can make headings and organize questions if\nneeded.\n\nA heading\n#########\n\nIs the assignment usable? [no/yes]\n[[[ yes ]]]\n\nA subheading\n============\n\nRate the overall quality: [0-9]\n[[[ 9 ]]]\n"
        }
    }, 
    {
        "pk": 11, 
        "model": "grade_rstschema.rstschemagrade", 
        "fields": {
            "points": 9, 
            "schema": "This is a schema. The schema author can write more\nor less anything they want. They can make headings and organize questions if\nneeded.\n\nA heading\n#########\n\nIs the assignment usable? [no/yes]\n[[[ yes ]]]\n\nA subheading\n============\n\nRate the overall quality: [0-9]\n[[[ 8 ]]]\n"
        }
    }, 
    {
        "pk": 12, 
        "model": "grade_rstschema.rstschemagrade", 
        "fields": {
            "points": 8, 
            "schema": "This is a schema. The schema author can write more\nor less anything they want. They can make headings and organize questions if\nneeded.\n\nA heading\n#########\n\nIs the assignment usable? [no/yes]\n[[[ yes ]]]\n\nA subheading\n============\n\nRate the overall quality: [0-9]\n[[[ 7 ]]]\n"
        }
    }, 
    {
        "pk": 13, 
        "model": "grade_rstschema.rstschemagrade", 
        "fields": {
            "points": 6, 
            "schema": "This is a schema. The schema author can write more\nor less anything they want. They can make headings and organize questions if\nneeded.\n\nA heading\n#########\n\nIs the assignment usable? [no/yes]\n[[[ yes ]]]\n\nA subheading\n============\n\nRate the overall quality: [0-9]\n[[[ 5 ]]]\n"
        }
    }, 
    {
        "pk": 14, 
        "model": "grade_rstschema.rstschemagrade", 
        "fields": {
            "points": 4, 
            "schema": "This is a schema. The schema author can write more\nor less anything they want. They can make headings and organize questions if\nneeded.\n\nA heading\n#########\n\nIs the assignment usable? [no/yes]\n[[[ yes ]]]\n\nA subheading\n============\n\nRate the overall quality: [0-9]\n[[[ 3 ]]]\n"
        }
    }, 
    {
        "pk": 15, 
        "model": "grade_rstschema.rstschemagrade", 
        "fields": {
            "points": 3, 
            "schema": "This is a schema. The schema author can write more\nor less anything they want. They can make headings and organize questions if\nneeded.\n\nA heading\n#########\n\nIs the assignment usable? [no/yes]\n[[[ yes ]]]\n\nA subheading\n============\n\nRate the overall quality: [0-9]\n[[[ 2 ]]]\n"
        }
    }, 
    {
        "pk": 16, 
        "model": "grade_rstschema.rstschemagrade", 
        "fields": {
            "points": 9, 
            "schema": "This is a schema. The schema author can write more\nor less anything they want. They can make headings and organize questions if\nneeded.\n\nA heading\n#########\n\nIs the assignment usable? [no/yes]\n[[[ yes ]]]\n\nA subheading\n============\n\nRate the overall quality: [0-8]\n[[[ 8 ]]]\n"
        }
    }, 
    {
        "pk": 17, 
        "model": "grade_rstschema.rstschemagrade", 
        "fields": {
            "points": 8, 
            "schema": "This is a schema. The schema author can write more\nor less anything they want. They can make headings and organize questions if\nneeded.\n\nA heading\n#########\n\nIs the assignment usable? [no/yes]\n[[[ yes ]]]\n\nA subheading\n============\n\nRate the overall quality: [0-8]\n[[[ 7 ]]]\n"
        }
    }, 
    {
        "pk": 18, 
        "model": "grade_rstschema.rstschemagrade", 
        "fields": {
            "points": 7, 
            "schema": "This is a schema. The schema author can write more\nor less anything they want. They can make headings and organize questions if\nneeded.\n\nA heading\n#########\n\nIs the assignment usable? [no/yes]\n[[[ yes ]]]\n\nA subheading\n============\n\nRate the overall quality: [0-8]\n[[[ 6 ]]]\n"
        }
    }, 
    {
        "pk": 19, 
        "model": "grade_rstschema.rstschemagrade", 
        "fields": {
            "points": 7, 
            "schema": "This is a schema. The schema author can write more\nor less anything they want. They can make headings and organize questions if\nneeded.\n\nA heading\n#########\n\nIs the assignment usable? [no/yes]\n[[[ yes ]]]\n\nA subheading\n============\n\nRate the overall quality: [0-8]\n[[[ 6 ]]]\n"
        }
    }, 
    {
        "pk": 20, 
        "model": "grade_rstschema.rstschemagrade", 
        "fields": {
            "points": 6, 
            "schema": "This is a schema. The schema author can write more\nor less anything they want. They can make headings and organize questions if\nneeded.\n\nA heading\n#########\n\nIs the assignment usable? [no/yes]\n[[[ yes ]]]\n\nA subheading\n============\n\nRate the overall quality: [0-8]\n[[[ 5 ]]]\n"
        }
    }, 
    {
        "pk": 21, 
        "model": "grade_rstschema.rstschemagrade", 
        "fields": {
            "points": 5, 
            "schema": "This is a schema. The schema author can write more\nor less anything they want. They can make headings and organize questions if\nneeded.\n\nA heading\n#########\n\nIs the assignment usable? [no/yes]\n[[[ yes ]]]\n\nA subheading\n============\n\nRate the overall quality: [0-8]\n[[[ 4 ]]]\n"
        }
    }, 
    {
        "pk": 22, 
        "model": "grade_rstschema.rstschemagrade", 
        "fields": {
            "points": 4, 
            "schema": "This is a schema. The schema author can write more\nor less anything they want. They can make headings and organize questions if\nneeded.\n\nA heading\n#########\n\nIs the assignment usable? [no/yes]\n[[[ yes ]]]\n\nA subheading\n============\n\nRate the overall quality: [0-8]\n[[[ 3 ]]]\n"
        }
    }, 
    {
        "pk": 23, 
        "model": "grade_rstschema.rstschemagrade", 
        "fields": {
            "points": 0, 
            "schema": "This is a schema. The schema author can write more\nor less anything they want. They can make headings and organize questions if\nneeded.\n\nA heading\n#########\n\nIs the assignment usable? [no/yes]\n[[[ no ]]]\n\nA subheading\n============\n\nRate the overall quality: [0-8]\n[[[ 0 ]]]\n"
        }
    }, 
    {
        "pk": 24, 
        "model": "grade_rstschema.rstschemagrade", 
        "fields": {
            "points": 12, 
            "schema": "This is a schema. The schema author can write more\nor less anything they want. They can make headings and organize questions if\nneeded.\n\nA heading\n#########\n\nIs the assignment usable? [no/yes]\n[[[ yes ]]]\n\nA subheading\n============\n\nRate the overall quality: [0-11]\n[[[ 11 ]]]\n"
        }
    }, 
    {
        "pk": 25, 
        "model": "grade_rstschema.rstschemagrade", 
        "fields": {
            "points": 10, 
            "schema": "This is a schema. The schema author can write more\nor less anything they want. They can make headings and organize questions if\nneeded.\n\nA heading\n#########\n\nIs the assignment usable? [no/yes]\n[[[ yes ]]]\n\nA subheading\n============\n\nRate the overall quality: [0-11]\n[[[ 9 ]]]\n"
        }
    }, 
    {
        "pk": 26, 
        "model": "grade_rstschema.rstschemagrade", 
        "fields": {
            "points": 7, 
            "schema": "This is a schema. The schema author can write more\nor less anything they want. They can make headings and organize questions if\nneeded.\n\nA heading\n#########\n\nIs the assignment usable? [no/yes]\n[[[ yes ]]]\n\nA subheading\n============\n\nRate the overall quality: [0-11]\n[[[ 6 ]]]\n"
        }
    }, 
    {
        "pk": 27, 
        "model": "grade_rstschema.rstschemagrade", 
        "fields": {
            "points": 5, 
            "schema": "This is a schema. The schema author can write more\nor less anything they want. They can make headings and organize questions if\nneeded.\n\nA heading\n#########\n\nIs the assignment usable? [no/yes]\n[[[ yes ]]]\n\nA subheading\n============\n\nRate the overall quality: [0-11]\n[[[ 4 ]]]\n"
        }
    }, 
    {
        "pk": 28, 
        "model": "grade_rstschema.rstschemagrade", 
        "fields": {
            "points": 3, 
            "schema": "This is a schema. The schema author can write more\nor less anything they want. They can make headings and organize questions if\nneeded.\n\nA heading\n#########\n\nIs the assignment usable? [no/yes]\n[[[ yes ]]]\n\nA subheading\n============\n\nRate the overall quality: [0-11]\n[[[ 2 ]]]\n"
        }
    }, 
    {
        "pk": 21, 
        "model": "contenttypes.contenttype", 
        "fields": {
            "model": "assignment", 
            "name": "Assignment", 
            "app_label": "core"
        }
    }, 
    {
        "pk": 24, 
        "model": "contenttypes.contenttype", 
        "fields": {
            "model": "deadline", 
            "name": "Deadline", 
            "app_label": "core"
        }
    }, 
    {
        "pk": 25, 
        "model": "contenttypes.contenttype", 
        "fields": {
            "model": "delivery", 
            "name": "Delivery", 
            "app_label": "core"
        }
    }, 
    {
        "pk": 27, 
        "model": "contenttypes.contenttype", 
        "fields": {
            "model": "filemeta", 
            "name": "FileMeta", 
            "app_label": "core"
        }
    }, 
    {
        "pk": 18, 
        "model": "contenttypes.contenttype", 
        "fields": {
            "model": "node", 
            "name": "Node", 
            "app_label": "core"
        }
    }, 
    {
        "pk": 20, 
        "model": "contenttypes.contenttype", 
        "fields": {
            "model": "period", 
            "name": "Period", 
            "app_label": "core"
        }
    }, 
    {
        "pk": 19, 
        "model": "contenttypes.contenttype", 
        "fields": {
            "model": "subject", 
            "name": "Subject", 
            "app_label": "core"
        }
    }, 
    {
        "pk": 4, 
        "model": "contenttypes.contenttype", 
        "fields": {
            "model": "approvedgrade", 
            "name": "approved grade", 
            "app_label": "grade_approved"
        }
    }, 
    {
        "pk": 23, 
        "model": "contenttypes.contenttype", 
        "fields": {
            "model": "assignmentgroup", 
            "name": "assignment group", 
            "app_label": "core"
        }
    }, 
    {
        "pk": 22, 
        "model": "contenttypes.contenttype", 
        "fields": {
            "model": "candidate", 
            "name": "candidate", 
            "app_label": "core"
        }
    }, 
    {
        "pk": 5, 
        "model": "contenttypes.contenttype", 
        "fields": {
            "model": "charfieldgrade", 
            "name": "char field grade", 
            "app_label": "grade_default"
        }
    }, 
    {
        "pk": 16, 
        "model": "contenttypes.contenttype", 
        "fields": {
            "model": "contenttype", 
            "name": "content type", 
            "app_label": "contenttypes"
        }
    }, 
    {
        "pk": 7, 
        "model": "contenttypes.contenttype", 
        "fields": {
            "model": "entry", 
            "name": "entry", 
            "app_label": "grade_schema"
        }
    }, 
    {
        "pk": 26, 
        "model": "contenttypes.contenttype", 
        "fields": {
            "model": "feedback", 
            "name": "feedback", 
            "app_label": "core"
        }
    }, 
    {
        "pk": 17, 
        "model": "contenttypes.contenttype", 
        "fields": {
            "model": "grademodel", 
            "name": "grade model", 
            "app_label": "core"
        }
    }, 
    {
        "pk": 13, 
        "model": "contenttypes.contenttype", 
        "fields": {
            "model": "group", 
            "name": "group", 
            "app_label": "auth"
        }
    }, 
    {
        "pk": 3, 
        "model": "contenttypes.contenttype", 
        "fields": {
            "model": "logentry", 
            "name": "log entry", 
            "app_label": "admin"
        }
    }, 
    {
        "pk": 15, 
        "model": "contenttypes.contenttype", 
        "fields": {
            "model": "message", 
            "name": "message", 
            "app_label": "auth"
        }
    }, 
    {
        "pk": 12, 
        "model": "contenttypes.contenttype", 
        "fields": {
            "model": "permission", 
            "name": "permission", 
            "app_label": "auth"
        }
    }, 
    {
        "pk": 9, 
        "model": "contenttypes.contenttype", 
        "fields": {
            "model": "result", 
            "name": "result", 
            "app_label": "grade_schema"
        }
    }, 
    {
        "pk": 10, 
        "model": "contenttypes.contenttype", 
        "fields": {
            "model": "rstschemadefinition", 
            "name": "rst schema definition", 
            "app_label": "grade_rstschema"
        }
    }, 
    {
        "pk": 11, 
        "model": "contenttypes.contenttype", 
        "fields": {
            "model": "rstschemagrade", 
            "name": "rst schema grade", 
            "app_label": "grade_rstschema"
        }
    }, 
    {
        "pk": 6, 
        "model": "contenttypes.contenttype", 
        "fields": {
            "model": "schemagrade", 
            "name": "schema grade", 
            "app_label": "grade_schema"
        }
    }, 
    {
        "pk": 8, 
        "model": "contenttypes.contenttype", 
        "fields": {
            "model": "schemagraderesults", 
            "name": "schema grade results", 
            "app_label": "grade_schema"
        }
    }, 
    {
        "pk": 1, 
        "model": "contenttypes.contenttype", 
        "fields": {
            "model": "session", 
            "name": "session", 
            "app_label": "sessions"
        }
    }, 
    {
        "pk": 2, 
        "model": "contenttypes.contenttype", 
        "fields": {
            "model": "site", 
            "name": "site", 
            "app_label": "sites"
        }
    }, 
    {
        "pk": 14, 
        "model": "contenttypes.contenttype", 
        "fields": {
            "model": "user", 
            "name": "user", 
            "app_label": "auth"
        }
    }, 
    {
        "pk": 1, 
        "model": "core.grademodel", 
        "fields": {}
    }, 
    {
        "pk": 2, 
        "model": "core.grademodel", 
        "fields": {}
    }, 
    {
        "pk": 3, 
        "model": "core.grademodel", 
        "fields": {}
    }, 
    {
        "pk": 4, 
        "model": "core.grademodel", 
        "fields": {}
    }, 
    {
        "pk": 5, 
        "model": "core.grademodel", 
        "fields": {}
    }, 
    {
        "pk": 6, 
        "model": "core.grademodel", 
        "fields": {}
    }, 
    {
        "pk": 7, 
        "model": "core.grademodel", 
        "fields": {}
    }, 
    {
        "pk": 8, 
        "model": "core.grademodel", 
        "fields": {}
    }, 
    {
        "pk": 9, 
        "model": "core.grademodel", 
        "fields": {}
    }, 
    {
        "pk": 10, 
        "model": "core.grademodel", 
        "fields": {}
    }, 
    {
        "pk": 11, 
        "model": "core.grademodel", 
        "fields": {}
    }, 
    {
        "pk": 12, 
        "model": "core.grademodel", 
        "fields": {}
    }, 
    {
        "pk": 13, 
        "model": "core.grademodel", 
        "fields": {}
    }, 
    {
        "pk": 14, 
        "model": "core.grademodel", 
        "fields": {}
    }, 
    {
        "pk": 15, 
        "model": "core.grademodel", 
        "fields": {}
    }, 
    {
        "pk": 16, 
        "model": "core.grademodel", 
        "fields": {}
    }, 
    {
        "pk": 17, 
        "model": "core.grademodel", 
        "fields": {}
    }, 
    {
        "pk": 18, 
        "model": "core.grademodel", 
        "fields": {}
    }, 
    {
        "pk": 19, 
        "model": "core.grademodel", 
        "fields": {}
    }, 
    {
        "pk": 20, 
        "model": "core.grademodel", 
        "fields": {}
    }, 
    {
        "pk": 21, 
        "model": "core.grademodel", 
        "fields": {}
    }, 
    {
        "pk": 22, 
        "model": "core.grademodel", 
        "fields": {}
    }, 
    {
        "pk": 23, 
        "model": "core.grademodel", 
        "fields": {}
    }, 
    {
        "pk": 24, 
        "model": "core.grademodel", 
        "fields": {}
    }, 
    {
        "pk": 25, 
        "model": "core.grademodel", 
        "fields": {}
    }, 
    {
        "pk": 26, 
        "model": "core.grademodel", 
        "fields": {}
    }, 
    {
        "pk": 27, 
        "model": "core.grademodel", 
        "fields": {}
    }, 
    {
        "pk": 28, 
        "model": "core.grademodel", 
        "fields": {}
    }, 
    {
        "pk": 29, 
        "model": "core.grademodel", 
        "fields": {}
    }, 
    {
        "pk": 30, 
        "model": "core.grademodel", 
        "fields": {}
    }, 
    {
        "pk": 31, 
        "model": "core.grademodel", 
        "fields": {}
    }, 
    {
        "pk": 32, 
        "model": "core.grademodel", 
        "fields": {}
    }, 
    {
        "pk": 33, 
        "model": "core.grademodel", 
        "fields": {}
    }, 
    {
        "pk": 1, 
        "model": "core.node", 
        "fields": {
            "long_name": "Duckburgh", 
            "admins": [], 
            "parentnode": null, 
            "short_name": "duckburgh"
        }
    }, 
    {
        "pk": 2, 
        "model": "core.node", 
        "fields": {
            "long_name": "Univ", 
            "admins": [], 
            "parentnode": null, 
            "short_name": "univ"
        }
    }, 
    {
        "pk": 1, 
        "model": "core.subject", 
        "fields": {
            "long_name": "DUCK1100 - Getting started with python", 
            "admins": [], 
            "parentnode": 2, 
            "short_name": "duck1100"
        }
    }, 
    {
        "pk": 1, 
        "model": "core.period", 
        "fields": {
            "short_name": "h01", 
            "start_time": "2010-09-26 16:22:05", 
            "parentnode": 1, 
            "long_name": "Spring year zero", 
            "admins": [], 
            "end_time": "2010-11-24 16:22:05", 
            "minimum_points": 0
        }
    }, 
    {
        "pk": 1, 
        "model": "core.assignment", 
        "fields": {
            "must_pass": false, 
            "autoscale": true, 
            "grade_plugin": "grade_rstschema:rstschemagrade", 
            "short_name": "week1", 
            "publishing_time": "2010-10-01 16:22:05", 
            "admins": [], 
            "parentnode": 1, 
            "filenames": null, 
            "long_name": "The one and only week one", 
            "attempts": null, 
            "anonymous": false, 
            "maxpoints": 14, 
            "pointscale": 14
        }
    }, 
    {
        "pk": 2, 
        "model": "core.assignment", 
        "fields": {
            "must_pass": false, 
            "autoscale": true, 
            "grade_plugin": "grade_rstschema:rstschemagrade", 
            "short_name": "week2", 
            "publishing_time": "2010-10-11 16:22:07", 
            "admins": [], 
            "parentnode": 1, 
            "filenames": null, 
            "long_name": "The one and only week two", 
            "attempts": null, 
            "anonymous": false, 
            "maxpoints": 10, 
            "pointscale": 10
        }
    }, 
    {
        "pk": 3, 
        "model": "core.assignment", 
        "fields": {
            "must_pass": false, 
            "autoscale": true, 
            "grade_plugin": "grade_rstschema:rstschemagrade", 
            "short_name": "week3", 
            "publishing_time": "2010-10-22 16:22:08", 
            "admins": [], 
            "parentnode": 1, 
            "filenames": null, 
            "long_name": "The one and only week three", 
            "attempts": null, 
            "anonymous": false, 
            "maxpoints": 9, 
            "pointscale": 9
        }
    }, 
    {
        "pk": 4, 
        "model": "core.assignment", 
        "fields": {
            "must_pass": false, 
            "autoscale": true, 
            "grade_plugin": "grade_rstschema:rstschemagrade", 
            "short_name": "week4", 
            "publishing_time": "2010-10-28 16:22:10", 
            "admins": [], 
            "parentnode": 1, 
            "filenames": null, 
            "long_name": "The one and only week four", 
            "attempts": null, 
            "anonymous": false, 
            "maxpoints": 12, 
            "pointscale": 12
        }
    }, 
    {
        "pk": 5, 
        "model": "core.assignment", 
        "fields": {
            "must_pass": false, 
            "autoscale": true, 
            "grade_plugin": "grade_rstschema:rstschemagrade", 
            "short_name": "week5", 
            "publishing_time": "2010-11-01 16:22:12", 
            "admins": [], 
            "parentnode": 1, 
            "filenames": null, 
            "long_name": "The one and only week five", 
            "attempts": null, 
            "anonymous": false, 
            "maxpoints": 6, 
            "pointscale": 6
        }
    }, 
    {
        "pk": 6, 
        "model": "core.assignment", 
        "fields": {
            "must_pass": false, 
            "autoscale": false, 
            "grade_plugin": "grade_approved:approvedgrade", 
            "short_name": "proj1", 
            "publishing_time": "2010-10-28 16:22:16", 
            "admins": [], 
            "parentnode": 1, 
            "filenames": null, 
            "long_name": "Project one", 
            "attempts": null, 
            "anonymous": false, 
            "maxpoints": 1, 
            "pointscale": 40
        }
    }, 
    {
        "pk": 7, 
        "model": "core.assignment", 
        "fields": {
            "must_pass": false, 
            "autoscale": false, 
            "grade_plugin": "grade_approved:approvedgrade", 
            "short_name": "proj2", 
            "publishing_time": "2010-11-01 16:22:19", 
            "admins": [], 
            "parentnode": 1, 
            "filenames": null, 
            "long_name": "Project two", 
            "attempts": null, 
            "anonymous": false, 
            "maxpoints": 1, 
            "pointscale": 30
        }
    }, 
    {
        "pk": 1, 
        "model": "core.candidate", 
        "fields": {
            "candidate_id": null, 
            "student": 52, 
            "assignment_group": 1
        }
    }, 
    {
        "pk": 2, 
        "model": "core.candidate", 
        "fields": {
            "candidate_id": null, 
            "student": 53, 
            "assignment_group": 2
        }
    }, 
    {
        "pk": 3, 
        "model": "core.candidate", 
        "fields": {
            "candidate_id": null, 
            "student": 54, 
            "assignment_group": 3
        }
    }, 
    {
        "pk": 4, 
        "model": "core.candidate", 
        "fields": {
            "candidate_id": null, 
            "student": 55, 
            "assignment_group": 4
        }
    }, 
    {
        "pk": 5, 
        "model": "core.candidate", 
        "fields": {
            "candidate_id": null, 
            "student": 56, 
            "assignment_group": 5
        }
    }, 
    {
        "pk": 6, 
        "model": "core.candidate", 
        "fields": {
            "candidate_id": null, 
            "student": 57, 
            "assignment_group": 6
        }
    }, 
    {
        "pk": 7, 
        "model": "core.candidate", 
        "fields": {
            "candidate_id": null, 
            "student": 58, 
            "assignment_group": 7
        }
    }, 
    {
        "pk": 8, 
        "model": "core.candidate", 
        "fields": {
            "candidate_id": null, 
            "student": 59, 
            "assignment_group": 8
        }
    }, 
    {
        "pk": 9, 
        "model": "core.candidate", 
        "fields": {
            "candidate_id": null, 
            "student": 60, 
            "assignment_group": 9
        }
    }, 
    {
        "pk": 10, 
        "model": "core.candidate", 
        "fields": {
            "candidate_id": null, 
            "student": 61, 
            "assignment_group": 10
        }
    }, 
    {
        "pk": 11, 
        "model": "core.candidate", 
        "fields": {
            "candidate_id": null, 
            "student": 52, 
            "assignment_group": 11
        }
    }, 
    {
        "pk": 12, 
        "model": "core.candidate", 
        "fields": {
            "candidate_id": null, 
            "student": 53, 
            "assignment_group": 12
        }
    }, 
    {
        "pk": 13, 
        "model": "core.candidate", 
        "fields": {
            "candidate_id": null, 
            "student": 54, 
            "assignment_group": 13
        }
    }, 
    {
        "pk": 14, 
        "model": "core.candidate", 
        "fields": {
            "candidate_id": null, 
            "student": 55, 
            "assignment_group": 14
        }
    }, 
    {
        "pk": 15, 
        "model": "core.candidate", 
        "fields": {
            "candidate_id": null, 
            "student": 56, 
            "assignment_group": 15
        }
    }, 
    {
        "pk": 16, 
        "model": "core.candidate", 
        "fields": {
            "candidate_id": null, 
            "student": 57, 
            "assignment_group": 16
        }
    }, 
    {
        "pk": 17, 
        "model": "core.candidate", 
        "fields": {
            "candidate_id": null, 
            "student": 58, 
            "assignment_group": 17
        }
    }, 
    {
        "pk": 18, 
        "model": "core.candidate", 
        "fields": {
            "candidate_id": null, 
            "student": 59, 
            "assignment_group": 18
        }
    }, 
    {
        "pk": 19, 
        "model": "core.candidate", 
        "fields": {
            "candidate_id": null, 
            "student": 60, 
            "assignment_group": 19
        }
    }, 
    {
        "pk": 20, 
        "model": "core.candidate", 
        "fields": {
            "candidate_id": null, 
            "student": 61, 
            "assignment_group": 20
        }
    }, 
    {
        "pk": 21, 
        "model": "core.candidate", 
        "fields": {
            "candidate_id": null, 
            "student": 52, 
            "assignment_group": 21
        }
    }, 
    {
        "pk": 22, 
        "model": "core.candidate", 
        "fields": {
            "candidate_id": null, 
            "student": 53, 
            "assignment_group": 22
        }
    }, 
    {
        "pk": 23, 
        "model": "core.candidate", 
        "fields": {
            "candidate_id": null, 
            "student": 54, 
            "assignment_group": 23
        }
    }, 
    {
        "pk": 24, 
        "model": "core.candidate", 
        "fields": {
            "candidate_id": null, 
            "student": 55, 
            "assignment_group": 24
        }
    }, 
    {
        "pk": 25, 
        "model": "core.candidate", 
        "fields": {
            "candidate_id": null, 
            "student": 56, 
            "assignment_group": 25
        }
    }, 
    {
        "pk": 26, 
        "model": "core.candidate", 
        "fields": {
            "candidate_id": null, 
            "student": 57, 
            "assignment_group": 26
        }
    }, 
    {
        "pk": 27, 
        "model": "core.candidate", 
        "fields": {
            "candidate_id": null, 
            "student": 58, 
            "assignment_group": 27
        }
    }, 
    {
        "pk": 28, 
        "model": "core.candidate", 
        "fields": {
            "candidate_id": null, 
            "student": 59, 
            "assignment_group": 28
        }
    }, 
    {
        "pk": 29, 
        "model": "core.candidate", 
        "fields": {
            "candidate_id": null, 
            "student": 60, 
            "assignment_group": 29
        }
    }, 
    {
        "pk": 30, 
        "model": "core.candidate", 
        "fields": {
            "candidate_id": null, 
            "student": 61, 
            "assignment_group": 30
        }
    }, 
    {
        "pk": 31, 
        "model": "core.candidate", 
        "fields": {
            "candidate_id": null, 
            "student": 52, 
            "assignment_group": 31
        }
    }, 
    {
        "pk": 32, 
        "model": "core.candidate", 
        "fields": {
            "candidate_id": null, 
            "student": 53, 
            "assignment_group": 32
        }
    }, 
    {
        "pk": 33, 
        "model": "core.candidate", 
        "fields": {
            "candidate_id": null, 
            "student": 54, 
            "assignment_group": 33
        }
    }, 
    {
        "pk": 34, 
        "model": "core.candidate", 
        "fields": {
            "candidate_id": null, 
            "student": 55, 
            "assignment_group": 34
        }
    }, 
    {
        "pk": 35, 
        "model": "core.candidate", 
        "fields": {
            "candidate_id": null, 
            "student": 56, 
            "assignment_group": 35
        }
    }, 
    {
        "pk": 36, 
        "model": "core.candidate", 
        "fields": {
            "candidate_id": null, 
            "student": 57, 
            "assignment_group": 36
        }
    }, 
    {
        "pk": 37, 
        "model": "core.candidate", 
        "fields": {
            "candidate_id": null, 
            "student": 58, 
            "assignment_group": 37
        }
    }, 
    {
        "pk": 38, 
        "model": "core.candidate", 
        "fields": {
            "candidate_id": null, 
            "student": 59, 
            "assignment_group": 38
        }
    }, 
    {
        "pk": 39, 
        "model": "core.candidate", 
        "fields": {
            "candidate_id": null, 
            "student": 60, 
            "assignment_group": 39
        }
    }, 
    {
        "pk": 40, 
        "model": "core.candidate", 
        "fields": {
            "candidate_id": null, 
            "student": 61, 
            "assignment_group": 40
        }
    }, 
    {
        "pk": 41, 
        "model": "core.candidate", 
        "fields": {
            "candidate_id": null, 
            "student": 52, 
            "assignment_group": 41
        }
    }, 
    {
        "pk": 42, 
        "model": "core.candidate", 
        "fields": {
            "candidate_id": null, 
            "student": 53, 
            "assignment_group": 42
        }
    }, 
    {
        "pk": 43, 
        "model": "core.candidate", 
        "fields": {
            "candidate_id": null, 
            "student": 54, 
            "assignment_group": 43
        }
    }, 
    {
        "pk": 44, 
        "model": "core.candidate", 
        "fields": {
            "candidate_id": null, 
            "student": 55, 
            "assignment_group": 44
        }
    }, 
    {
        "pk": 45, 
        "model": "core.candidate", 
        "fields": {
            "candidate_id": null, 
            "student": 56, 
            "assignment_group": 45
        }
    }, 
    {
        "pk": 46, 
        "model": "core.candidate", 
        "fields": {
            "candidate_id": null, 
            "student": 57, 
            "assignment_group": 46
        }
    }, 
    {
        "pk": 47, 
        "model": "core.candidate", 
        "fields": {
            "candidate_id": null, 
            "student": 58, 
            "assignment_group": 47
        }
    }, 
    {
        "pk": 48, 
        "model": "core.candidate", 
        "fields": {
            "candidate_id": null, 
            "student": 59, 
            "assignment_group": 48
        }
    }, 
    {
        "pk": 49, 
        "model": "core.candidate", 
        "fields": {
            "candidate_id": null, 
            "student": 60, 
            "assignment_group": 49
        }
    }, 
    {
        "pk": 50, 
        "model": "core.candidate", 
        "fields": {
            "candidate_id": null, 
            "student": 61, 
            "assignment_group": 50
        }
    }, 
    {
        "pk": 51, 
        "model": "core.candidate", 
        "fields": {
            "candidate_id": null, 
            "student": 64, 
            "assignment_group": 51
        }
    }, 
    {
        "pk": 52, 
        "model": "core.candidate", 
        "fields": {
            "candidate_id": null, 
            "student": 65, 
            "assignment_group": 52
        }
    }, 
    {
        "pk": 53, 
        "model": "core.candidate", 
        "fields": {
            "candidate_id": null, 
            "student": 66, 
            "assignment_group": 53
        }
    }, 
    {
        "pk": 54, 
        "model": "core.candidate", 
        "fields": {
            "candidate_id": null, 
            "student": 67, 
            "assignment_group": 54
        }
    }, 
    {
        "pk": 55, 
        "model": "core.candidate", 
        "fields": {
            "candidate_id": null, 
            "student": 68, 
            "assignment_group": 55
        }
    }, 
    {
        "pk": 56, 
        "model": "core.candidate", 
        "fields": {
            "candidate_id": null, 
            "student": 69, 
            "assignment_group": 56
        }
    }, 
    {
        "pk": 57, 
        "model": "core.candidate", 
        "fields": {
            "candidate_id": null, 
            "student": 70, 
            "assignment_group": 57
        }
    }, 
    {
        "pk": 58, 
        "model": "core.candidate", 
        "fields": {
            "candidate_id": null, 
            "student": 71, 
            "assignment_group": 58
        }
    }, 
    {
        "pk": 59, 
        "model": "core.candidate", 
        "fields": {
            "candidate_id": null, 
            "student": 72, 
            "assignment_group": 59
        }
    }, 
    {
        "pk": 60, 
        "model": "core.candidate", 
        "fields": {
            "candidate_id": null, 
            "student": 73, 
            "assignment_group": 60
        }
    }, 
    {
        "pk": 61, 
        "model": "core.candidate", 
        "fields": {
            "candidate_id": null, 
            "student": 64, 
            "assignment_group": 61
        }
    }, 
    {
        "pk": 62, 
        "model": "core.candidate", 
        "fields": {
            "candidate_id": null, 
            "student": 65, 
            "assignment_group": 62
        }
    }, 
    {
        "pk": 63, 
        "model": "core.candidate", 
        "fields": {
            "candidate_id": null, 
            "student": 66, 
            "assignment_group": 63
        }
    }, 
    {
        "pk": 64, 
        "model": "core.candidate", 
        "fields": {
            "candidate_id": null, 
            "student": 67, 
            "assignment_group": 64
        }
    }, 
    {
        "pk": 65, 
        "model": "core.candidate", 
        "fields": {
            "candidate_id": null, 
            "student": 68, 
            "assignment_group": 65
        }
    }, 
    {
        "pk": 66, 
        "model": "core.candidate", 
        "fields": {
            "candidate_id": null, 
            "student": 69, 
            "assignment_group": 66
        }
    }, 
    {
        "pk": 67, 
        "model": "core.candidate", 
        "fields": {
            "candidate_id": null, 
            "student": 70, 
            "assignment_group": 67
        }
    }, 
    {
        "pk": 68, 
        "model": "core.candidate", 
        "fields": {
            "candidate_id": null, 
            "student": 71, 
            "assignment_group": 68
        }
    }, 
    {
        "pk": 1, 
        "model": "core.assignmentgroup", 
        "fields": {
            "status": 3, 
            "is_passing_grade": true, 
            "name": null, 
            "parentnode": 1, 
            "scaled_points": 14.0, 
            "points": 14, 
            "is_open": true, 
            "examiners": [
                62
            ]
        }
    }, 
    {
        "pk": 2, 
        "model": "core.assignmentgroup", 
        "fields": {
            "status": 3, 
            "is_passing_grade": true, 
            "name": null, 
            "parentnode": 1, 
            "scaled_points": 13.0, 
            "points": 13, 
            "is_open": true, 
            "examiners": [
                63
            ]
        }
    }, 
    {
        "pk": 3, 
        "model": "core.assignmentgroup", 
        "fields": {
            "status": 3, 
            "is_passing_grade": true, 
            "name": null, 
            "parentnode": 1, 
            "scaled_points": 11.0, 
            "points": 11, 
            "is_open": true, 
            "examiners": [
                62
            ]
        }
    }, 
    {
        "pk": 4, 
        "model": "core.assignmentgroup", 
        "fields": {
            "status": 3, 
            "is_passing_grade": true, 
            "name": null, 
            "parentnode": 1, 
            "scaled_points": 11.0, 
            "points": 11, 
            "is_open": true, 
            "examiners": [
                63
            ]
        }
    }, 
    {
        "pk": 5, 
        "model": "core.assignmentgroup", 
        "fields": {
            "status": 0, 
            "is_passing_grade": false, 
            "name": null, 
            "parentnode": 1, 
            "scaled_points": 0.0, 
            "points": 0, 
            "is_open": true, 
            "examiners": [
                62
            ]
        }
    }, 
    {
        "pk": 6, 
        "model": "core.assignmentgroup", 
        "fields": {
            "status": 3, 
            "is_passing_grade": true, 
            "name": null, 
            "parentnode": 1, 
            "scaled_points": 9.0, 
            "points": 9, 
            "is_open": true, 
            "examiners": [
                63
            ]
        }
    }, 
    {
        "pk": 7, 
        "model": "core.assignmentgroup", 
        "fields": {
            "status": 3, 
            "is_passing_grade": true, 
            "name": null, 
            "parentnode": 1, 
            "scaled_points": 6.0, 
            "points": 6, 
            "is_open": true, 
            "examiners": [
                62
            ]
        }
    }, 
    {
        "pk": 8, 
        "model": "core.assignmentgroup", 
        "fields": {
            "status": 3, 
            "is_passing_grade": true, 
            "name": null, 
            "parentnode": 1, 
            "scaled_points": 4.0, 
            "points": 4, 
            "is_open": true, 
            "examiners": [
                63
            ]
        }
    }, 
    {
        "pk": 9, 
        "model": "core.assignmentgroup", 
        "fields": {
            "status": 3, 
            "is_passing_grade": true, 
            "name": null, 
            "parentnode": 1, 
            "scaled_points": 4.0, 
            "points": 4, 
            "is_open": true, 
            "examiners": [
                62
            ]
        }
    }, 
    {
        "pk": 10, 
        "model": "core.assignmentgroup", 
        "fields": {
            "status": 3, 
            "is_passing_grade": true, 
            "name": null, 
            "parentnode": 1, 
            "scaled_points": 4.0, 
            "points": 4, 
            "is_open": true, 
            "examiners": [
                63
            ]
        }
    }, 
    {
        "pk": 11, 
        "model": "core.assignmentgroup", 
        "fields": {
            "status": 3, 
            "is_passing_grade": true, 
            "name": null, 
            "parentnode": 2, 
            "scaled_points": 10.0, 
            "points": 10, 
            "is_open": true, 
            "examiners": [
                62
            ]
        }
    }, 
    {
        "pk": 12, 
        "model": "core.assignmentgroup", 
        "fields": {
            "status": 3, 
            "is_passing_grade": true, 
            "name": null, 
            "parentnode": 2, 
            "scaled_points": 9.0, 
            "points": 9, 
            "is_open": true, 
            "examiners": [
                63
            ]
        }
    }, 
    {
        "pk": 13, 
        "model": "core.assignmentgroup", 
        "fields": {
            "status": 3, 
            "is_passing_grade": true, 
            "name": null, 
            "parentnode": 2, 
            "scaled_points": 8.0, 
            "points": 8, 
            "is_open": true, 
            "examiners": [
                62
            ]
        }
    }, 
    {
        "pk": 14, 
        "model": "core.assignmentgroup", 
        "fields": {
            "status": 0, 
            "is_passing_grade": false, 
            "name": null, 
            "parentnode": 2, 
            "scaled_points": 0.0, 
            "points": 0, 
            "is_open": true, 
            "examiners": [
                63
            ]
        }
    }, 
    {
        "pk": 15, 
        "model": "core.assignmentgroup", 
        "fields": {
            "status": 3, 
            "is_passing_grade": true, 
            "name": null, 
            "parentnode": 2, 
            "scaled_points": 6.0, 
            "points": 6, 
            "is_open": true, 
            "examiners": [
                62
            ]
        }
    }, 
    {
        "pk": 16, 
        "model": "core.assignmentgroup", 
        "fields": {
            "status": 0, 
            "is_passing_grade": false, 
            "name": null, 
            "parentnode": 2, 
            "scaled_points": 0.0, 
            "points": 0, 
            "is_open": true, 
            "examiners": [
                63
            ]
        }
    }, 
    {
        "pk": 17, 
        "model": "core.assignmentgroup", 
        "fields": {
            "status": 3, 
            "is_passing_grade": true, 
            "name": null, 
            "parentnode": 2, 
            "scaled_points": 4.0, 
            "points": 4, 
            "is_open": true, 
            "examiners": [
                62
            ]
        }
    }, 
    {
        "pk": 18, 
        "model": "core.assignmentgroup", 
        "fields": {
            "status": 3, 
            "is_passing_grade": true, 
            "name": null, 
            "parentnode": 2, 
            "scaled_points": 3.0, 
            "points": 3, 
            "is_open": true, 
            "examiners": [
                63
            ]
        }
    }, 
    {
        "pk": 19, 
        "model": "core.assignmentgroup", 
        "fields": {
            "status": 0, 
            "is_passing_grade": false, 
            "name": null, 
            "parentnode": 2, 
            "scaled_points": 0.0, 
            "points": 0, 
            "is_open": true, 
            "examiners": [
                62
            ]
        }
    }, 
    {
        "pk": 20, 
        "model": "core.assignmentgroup", 
        "fields": {
            "status": 1, 
            "is_passing_grade": false, 
            "name": null, 
            "parentnode": 2, 
            "scaled_points": 0.0, 
            "points": 0, 
            "is_open": true, 
            "examiners": [
                63
            ]
        }
    }, 
    {
        "pk": 21, 
        "model": "core.assignmentgroup", 
        "fields": {
            "status": 3, 
            "is_passing_grade": true, 
            "name": null, 
            "parentnode": 3, 
            "scaled_points": 9.0, 
            "points": 9, 
            "is_open": true, 
            "examiners": [
                62
            ]
        }
    }, 
    {
        "pk": 22, 
        "model": "core.assignmentgroup", 
        "fields": {
            "status": 3, 
            "is_passing_grade": true, 
            "name": null, 
            "parentnode": 3, 
            "scaled_points": 8.0, 
            "points": 8, 
            "is_open": true, 
            "examiners": [
                63
            ]
        }
    }, 
    {
        "pk": 23, 
        "model": "core.assignmentgroup", 
        "fields": {
            "status": 3, 
            "is_passing_grade": true, 
            "name": null, 
            "parentnode": 3, 
            "scaled_points": 7.0, 
            "points": 7, 
            "is_open": true, 
            "examiners": [
                62
            ]
        }
    }, 
    {
        "pk": 24, 
        "model": "core.assignmentgroup", 
        "fields": {
            "status": 3, 
            "is_passing_grade": true, 
            "name": null, 
            "parentnode": 3, 
            "scaled_points": 7.0, 
            "points": 7, 
            "is_open": true, 
            "examiners": [
                63
            ]
        }
    }, 
    {
        "pk": 25, 
        "model": "core.assignmentgroup", 
        "fields": {
            "status": 3, 
            "is_passing_grade": true, 
            "name": null, 
            "parentnode": 3, 
            "scaled_points": 6.0, 
            "points": 6, 
            "is_open": true, 
            "examiners": [
                62
            ]
        }
    }, 
    {
        "pk": 26, 
        "model": "core.assignmentgroup", 
        "fields": {
            "status": 3, 
            "is_passing_grade": true, 
            "name": null, 
            "parentnode": 3, 
            "scaled_points": 5.0, 
            "points": 5, 
            "is_open": true, 
            "examiners": [
                63
            ]
        }
    }, 
    {
        "pk": 27, 
        "model": "core.assignmentgroup", 
        "fields": {
            "status": 3, 
            "is_passing_grade": true, 
            "name": null, 
            "parentnode": 3, 
            "scaled_points": 4.0, 
            "points": 4, 
            "is_open": true, 
            "examiners": [
                62
            ]
        }
    }, 
    {
        "pk": 28, 
        "model": "core.assignmentgroup", 
        "fields": {
            "status": 1, 
            "is_passing_grade": false, 
            "name": null, 
            "parentnode": 3, 
            "scaled_points": 0.0, 
            "points": 0, 
            "is_open": true, 
            "examiners": [
                63
            ]
        }
    }, 
    {
        "pk": 29, 
        "model": "core.assignmentgroup", 
        "fields": {
            "status": 1, 
            "is_passing_grade": false, 
            "name": null, 
            "parentnode": 3, 
            "scaled_points": 0.0, 
            "points": 0, 
            "is_open": true, 
            "examiners": [
                62
            ]
        }
    }, 
    {
        "pk": 30, 
        "model": "core.assignmentgroup", 
        "fields": {
            "status": 2, 
            "is_passing_grade": true, 
            "name": null, 
            "parentnode": 3, 
            "scaled_points": 0.0, 
            "points": 0, 
            "is_open": true, 
            "examiners": [
                63
            ]
        }
    }, 
    {
        "pk": 31, 
        "model": "core.assignmentgroup", 
        "fields": {
            "status": 3, 
            "is_passing_grade": true, 
            "name": null, 
            "parentnode": 4, 
            "scaled_points": 12.0, 
            "points": 12, 
            "is_open": true, 
            "examiners": [
                62
            ]
        }
    }, 
    {
        "pk": 32, 
        "model": "core.assignmentgroup", 
        "fields": {
            "status": 1, 
            "is_passing_grade": false, 
            "name": null, 
            "parentnode": 4, 
            "scaled_points": 0.0, 
            "points": 0, 
            "is_open": true, 
            "examiners": [
                63
            ]
        }
    }, 
    {
        "pk": 33, 
        "model": "core.assignmentgroup", 
        "fields": {
            "status": 2, 
            "is_passing_grade": true, 
            "name": null, 
            "parentnode": 4, 
            "scaled_points": 0.0, 
            "points": 0, 
            "is_open": true, 
            "examiners": [
                62
            ]
        }
    }, 
    {
        "pk": 34, 
        "model": "core.assignmentgroup", 
        "fields": {
            "status": 1, 
            "is_passing_grade": false, 
            "name": null, 
            "parentnode": 4, 
            "scaled_points": 0.0, 
            "points": 0, 
            "is_open": true, 
            "examiners": [
                63
            ]
        }
    }, 
    {
        "pk": 35, 
        "model": "core.assignmentgroup", 
        "fields": {
            "status": 1, 
            "is_passing_grade": false, 
            "name": null, 
            "parentnode": 4, 
            "scaled_points": 0.0, 
            "points": 0, 
            "is_open": true, 
            "examiners": [
                62
            ]
        }
    }, 
    {
        "pk": 36, 
        "model": "core.assignmentgroup", 
        "fields": {
            "status": 2, 
            "is_passing_grade": true, 
            "name": null, 
            "parentnode": 4, 
            "scaled_points": 0.0, 
            "points": 0, 
            "is_open": true, 
            "examiners": [
                63
            ]
        }
    }, 
    {
        "pk": 37, 
        "model": "core.assignmentgroup", 
        "fields": {
            "status": 3, 
            "is_passing_grade": true, 
            "name": null, 
            "parentnode": 4, 
            "scaled_points": 5.0, 
            "points": 5, 
            "is_open": true, 
            "examiners": [
                62
            ]
        }
    }, 
    {
        "pk": 38, 
        "model": "core.assignmentgroup", 
        "fields": {
            "status": 1, 
            "is_passing_grade": false, 
            "name": null, 
            "parentnode": 4, 
            "scaled_points": 0.0, 
            "points": 0, 
            "is_open": true, 
            "examiners": [
                63
            ]
        }
    }, 
    {
        "pk": 39, 
        "model": "core.assignmentgroup", 
        "fields": {
            "status": 2, 
            "is_passing_grade": true, 
            "name": null, 
            "parentnode": 4, 
            "scaled_points": 0.0, 
            "points": 0, 
            "is_open": true, 
            "examiners": [
                62
            ]
        }
    }, 
    {
        "pk": 40, 
        "model": "core.assignmentgroup", 
        "fields": {
            "status": 1, 
            "is_passing_grade": false, 
            "name": null, 
            "parentnode": 4, 
            "scaled_points": 0.0, 
            "points": 0, 
            "is_open": true, 
            "examiners": [
                63
            ]
        }
    }, 
    {
        "pk": 41, 
        "model": "core.assignmentgroup", 
        "fields": {
            "status": 0, 
            "is_passing_grade": false, 
            "name": null, 
            "parentnode": 5, 
            "scaled_points": 0.0, 
            "points": 0, 
            "is_open": true, 
            "examiners": [
                62
            ]
        }
    }, 
    {
        "pk": 42, 
        "model": "core.assignmentgroup", 
        "fields": {
            "status": 1, 
            "is_passing_grade": false, 
            "name": null, 
            "parentnode": 5, 
            "scaled_points": 0.0, 
            "points": 0, 
            "is_open": true, 
            "examiners": [
                63
            ]
        }
    }, 
    {
        "pk": 43, 
        "model": "core.assignmentgroup", 
        "fields": {
            "status": 0, 
            "is_passing_grade": false, 
            "name": null, 
            "parentnode": 5, 
            "scaled_points": 0.0, 
            "points": 0, 
            "is_open": true, 
            "examiners": [
                62
            ]
        }
    }, 
    {
        "pk": 44, 
        "model": "core.assignmentgroup", 
        "fields": {
            "status": 0, 
            "is_passing_grade": false, 
            "name": null, 
            "parentnode": 5, 
            "scaled_points": 0.0, 
            "points": 0, 
            "is_open": true, 
            "examiners": [
                63
            ]
        }
    }, 
    {
        "pk": 45, 
        "model": "core.assignmentgroup", 
        "fields": {
            "status": 1, 
            "is_passing_grade": false, 
            "name": null, 
            "parentnode": 5, 
            "scaled_points": 0.0, 
            "points": 0, 
            "is_open": true, 
            "examiners": [
                62
            ]
        }
    }, 
    {
        "pk": 46, 
        "model": "core.assignmentgroup", 
        "fields": {
            "status": 1, 
            "is_passing_grade": false, 
            "name": null, 
            "parentnode": 5, 
            "scaled_points": 0.0, 
            "points": 0, 
            "is_open": true, 
            "examiners": [
                63
            ]
        }
    }, 
    {
        "pk": 47, 
        "model": "core.assignmentgroup", 
        "fields": {
            "status": 1, 
            "is_passing_grade": false, 
            "name": null, 
            "parentnode": 5, 
            "scaled_points": 0.0, 
            "points": 0, 
            "is_open": true, 
            "examiners": [
                62
            ]
        }
    }, 
    {
        "pk": 48, 
        "model": "core.assignmentgroup", 
        "fields": {
            "status": 1, 
            "is_passing_grade": false, 
            "name": null, 
            "parentnode": 5, 
            "scaled_points": 0.0, 
            "points": 0, 
            "is_open": true, 
            "examiners": [
                63
            ]
        }
    }, 
    {
        "pk": 49, 
        "model": "core.assignmentgroup", 
        "fields": {
            "status": 0, 
            "is_passing_grade": false, 
            "name": null, 
            "parentnode": 5, 
            "scaled_points": 0.0, 
            "points": 0, 
            "is_open": true, 
            "examiners": [
                62
            ]
        }
    }, 
    {
        "pk": 50, 
        "model": "core.assignmentgroup", 
        "fields": {
            "status": 0, 
            "is_passing_grade": false, 
            "name": null, 
            "parentnode": 5, 
            "scaled_points": 0.0, 
            "points": 0, 
            "is_open": true, 
            "examiners": [
                63
            ]
        }
    }, 
    {
        "pk": 51, 
        "model": "core.assignmentgroup", 
        "fields": {
            "status": 3, 
            "is_passing_grade": true, 
            "name": null, 
            "parentnode": 6, 
            "scaled_points": 0.0, 
            "points": 0, 
            "is_open": true, 
            "examiners": [
                62
            ]
        }
    }, 
    {
        "pk": 52, 
        "model": "core.assignmentgroup", 
        "fields": {
            "status": 2, 
            "is_passing_grade": true, 
            "name": null, 
            "parentnode": 6, 
            "scaled_points": 0.0, 
            "points": 0, 
            "is_open": true, 
            "examiners": [
                63
            ]
        }
    }, 
    {
        "pk": 53, 
        "model": "core.assignmentgroup", 
        "fields": {
            "status": 1, 
            "is_passing_grade": false, 
            "name": null, 
            "parentnode": 6, 
            "scaled_points": 0.0, 
            "points": 0, 
            "is_open": true, 
            "examiners": [
                62
            ]
        }
    }, 
    {
        "pk": 54, 
        "model": "core.assignmentgroup", 
        "fields": {
            "status": 3, 
            "is_passing_grade": true, 
            "name": null, 
            "parentnode": 6, 
            "scaled_points": 0.0, 
            "points": 0, 
            "is_open": true, 
            "examiners": [
                63
            ]
        }
    }, 
    {
        "pk": 55, 
        "model": "core.assignmentgroup", 
        "fields": {
            "status": 3, 
            "is_passing_grade": true, 
            "name": null, 
            "parentnode": 6, 
            "scaled_points": 0.0, 
            "points": 0, 
            "is_open": true, 
            "examiners": [
                62
            ]
        }
    }, 
    {
        "pk": 56, 
        "model": "core.assignmentgroup", 
        "fields": {
            "status": 1, 
            "is_passing_grade": false, 
            "name": null, 
            "parentnode": 6, 
            "scaled_points": 0.0, 
            "points": 0, 
            "is_open": true, 
            "examiners": [
                63
            ]
        }
    }, 
    {
        "pk": 57, 
        "model": "core.assignmentgroup", 
        "fields": {
            "status": 3, 
            "is_passing_grade": true, 
            "name": null, 
            "parentnode": 6, 
            "scaled_points": 40.0, 
            "points": 1, 
            "is_open": true, 
            "examiners": [
                62
            ]
        }
    }, 
    {
        "pk": 58, 
        "model": "core.assignmentgroup", 
        "fields": {
            "status": 1, 
            "is_passing_grade": false, 
            "name": null, 
            "parentnode": 6, 
            "scaled_points": 0.0, 
            "points": 0, 
            "is_open": true, 
            "examiners": [
                63
            ]
        }
    }, 
    {
        "pk": 59, 
        "model": "core.assignmentgroup", 
        "fields": {
            "status": 0, 
            "is_passing_grade": false, 
            "name": null, 
            "parentnode": 6, 
            "scaled_points": 0.0, 
            "points": 0, 
            "is_open": true, 
            "examiners": [
                62
            ]
        }
    }, 
    {
        "pk": 60, 
        "model": "core.assignmentgroup", 
        "fields": {
            "status": 1, 
            "is_passing_grade": false, 
            "name": null, 
            "parentnode": 6, 
            "scaled_points": 0.0, 
            "points": 0, 
            "is_open": true, 
            "examiners": [
                63
            ]
        }
    }, 
    {
        "pk": 61, 
        "model": "core.assignmentgroup", 
        "fields": {
            "status": 1, 
            "is_passing_grade": false, 
            "name": null, 
            "parentnode": 7, 
            "scaled_points": 0.0, 
            "points": 0, 
            "is_open": true, 
            "examiners": [
                62
            ]
        }
    }, 
    {
        "pk": 62, 
        "model": "core.assignmentgroup", 
        "fields": {
            "status": 0, 
            "is_passing_grade": false, 
            "name": null, 
            "parentnode": 7, 
            "scaled_points": 0.0, 
            "points": 0, 
            "is_open": true, 
            "examiners": [
                63
            ]
        }
    }, 
    {
        "pk": 63, 
        "model": "core.assignmentgroup", 
        "fields": {
            "status": 1, 
            "is_passing_grade": false, 
            "name": null, 
            "parentnode": 7, 
            "scaled_points": 0.0, 
            "points": 0, 
            "is_open": true, 
            "examiners": [
                62
            ]
        }
    }, 
    {
        "pk": 64, 
        "model": "core.assignmentgroup", 
        "fields": {
            "status": 1, 
            "is_passing_grade": false, 
            "name": null, 
            "parentnode": 7, 
            "scaled_points": 0.0, 
            "points": 0, 
            "is_open": true, 
            "examiners": [
                63
            ]
        }
    }, 
    {
        "pk": 65, 
        "model": "core.assignmentgroup", 
        "fields": {
            "status": 0, 
            "is_passing_grade": false, 
            "name": null, 
            "parentnode": 7, 
            "scaled_points": 0.0, 
            "points": 0, 
            "is_open": true, 
            "examiners": [
                62
            ]
        }
    }, 
    {
        "pk": 66, 
        "model": "core.assignmentgroup", 
        "fields": {
            "status": 0, 
            "is_passing_grade": false, 
            "name": null, 
            "parentnode": 7, 
            "scaled_points": 0.0, 
            "points": 0, 
            "is_open": true, 
            "examiners": [
                63
            ]
        }
    }, 
    {
        "pk": 67, 
        "model": "core.assignmentgroup", 
        "fields": {
            "status": 1, 
            "is_passing_grade": false, 
            "name": null, 
            "parentnode": 7, 
            "scaled_points": 0.0, 
            "points": 0, 
            "is_open": true, 
            "examiners": [
                62
            ]
        }
    }, 
    {
        "pk": 68, 
        "model": "core.assignmentgroup", 
        "fields": {
            "status": 0, 
            "is_passing_grade": false, 
            "name": null, 
            "parentnode": 7, 
            "scaled_points": 0.0, 
            "points": 0, 
            "is_open": true, 
            "examiners": [
                63
            ]
        }
    }, 
    {
        "pk": 61, 
        "model": "core.deadline", 
        "fields": {
            "text": null, 
            "deadline": "2010-11-15 16:22:19", 
            "assignment_group": 61
        }
    }, 
    {
        "pk": 62, 
        "model": "core.deadline", 
        "fields": {
            "text": null, 
            "deadline": "2010-11-15 16:22:19", 
            "assignment_group": 62
        }
    }, 
    {
        "pk": 63, 
        "model": "core.deadline", 
        "fields": {
            "text": null, 
            "deadline": "2010-11-15 16:22:19", 
            "assignment_group": 63
        }
    }, 
    {
        "pk": 64, 
        "model": "core.deadline", 
        "fields": {
            "text": null, 
            "deadline": "2010-11-15 16:22:19", 
            "assignment_group": 64
        }
    }, 
    {
        "pk": 65, 
        "model": "core.deadline", 
        "fields": {
            "text": null, 
            "deadline": "2010-11-15 16:22:19", 
            "assignment_group": 65
        }
    }, 
    {
        "pk": 66, 
        "model": "core.deadline", 
        "fields": {
            "text": null, 
            "deadline": "2010-11-15 16:22:19", 
            "assignment_group": 66
        }
    }, 
    {
        "pk": 67, 
        "model": "core.deadline", 
        "fields": {
            "text": null, 
            "deadline": "2010-11-15 16:22:19", 
            "assignment_group": 67
        }
    }, 
    {
        "pk": 68, 
        "model": "core.deadline", 
        "fields": {
            "text": null, 
            "deadline": "2010-11-15 16:22:19", 
            "assignment_group": 68
        }
    }, 
    {
        "pk": 41, 
        "model": "core.deadline", 
        "fields": {
            "text": null, 
            "deadline": "2010-11-15 16:22:12", 
            "assignment_group": 41
        }
    }, 
    {
        "pk": 42, 
        "model": "core.deadline", 
        "fields": {
            "text": null, 
            "deadline": "2010-11-15 16:22:12", 
            "assignment_group": 42
        }
    }, 
    {
        "pk": 43, 
        "model": "core.deadline", 
        "fields": {
            "text": null, 
            "deadline": "2010-11-15 16:22:12", 
            "assignment_group": 43
        }
    }, 
    {
        "pk": 44, 
        "model": "core.deadline", 
        "fields": {
            "text": null, 
            "deadline": "2010-11-15 16:22:12", 
            "assignment_group": 44
        }
    }, 
    {
        "pk": 45, 
        "model": "core.deadline", 
        "fields": {
            "text": null, 
            "deadline": "2010-11-15 16:22:12", 
            "assignment_group": 45
        }
    }, 
    {
        "pk": 46, 
        "model": "core.deadline", 
        "fields": {
            "text": null, 
            "deadline": "2010-11-15 16:22:12", 
            "assignment_group": 46
        }
    }, 
    {
        "pk": 47, 
        "model": "core.deadline", 
        "fields": {
            "text": null, 
            "deadline": "2010-11-15 16:22:12", 
            "assignment_group": 47
        }
    }, 
    {
        "pk": 48, 
        "model": "core.deadline", 
        "fields": {
            "text": null, 
            "deadline": "2010-11-15 16:22:12", 
            "assignment_group": 48
        }
    }, 
    {
        "pk": 49, 
        "model": "core.deadline", 
        "fields": {
            "text": null, 
            "deadline": "2010-11-15 16:22:12", 
            "assignment_group": 49
        }
    }, 
    {
        "pk": 50, 
        "model": "core.deadline", 
        "fields": {
            "text": null, 
            "deadline": "2010-11-15 16:22:12", 
            "assignment_group": 50
        }
    }, 
    {
        "pk": 51, 
        "model": "core.deadline", 
        "fields": {
            "text": null, 
            "deadline": "2010-11-11 16:22:16", 
            "assignment_group": 51
        }
    }, 
    {
        "pk": 52, 
        "model": "core.deadline", 
        "fields": {
            "text": null, 
            "deadline": "2010-11-11 16:22:16", 
            "assignment_group": 52
        }
    }, 
    {
        "pk": 53, 
        "model": "core.deadline", 
        "fields": {
            "text": null, 
            "deadline": "2010-11-11 16:22:16", 
            "assignment_group": 53
        }
    }, 
    {
        "pk": 54, 
        "model": "core.deadline", 
        "fields": {
            "text": null, 
            "deadline": "2010-11-11 16:22:16", 
            "assignment_group": 54
        }
    }, 
    {
        "pk": 55, 
        "model": "core.deadline", 
        "fields": {
            "text": null, 
            "deadline": "2010-11-11 16:22:16", 
            "assignment_group": 55
        }
    }, 
    {
        "pk": 56, 
        "model": "core.deadline", 
        "fields": {
            "text": null, 
            "deadline": "2010-11-11 16:22:16", 
            "assignment_group": 56
        }
    }, 
    {
        "pk": 57, 
        "model": "core.deadline", 
        "fields": {
            "text": null, 
            "deadline": "2010-11-11 16:22:16", 
            "assignment_group": 57
        }
    }, 
    {
        "pk": 58, 
        "model": "core.deadline", 
        "fields": {
            "text": null, 
            "deadline": "2010-11-11 16:22:16", 
            "assignment_group": 58
        }
    }, 
    {
        "pk": 59, 
        "model": "core.deadline", 
        "fields": {
            "text": null, 
            "deadline": "2010-11-11 16:22:16", 
            "assignment_group": 59
        }
    }, 
    {
        "pk": 60, 
        "model": "core.deadline", 
        "fields": {
            "text": null, 
            "deadline": "2010-11-11 16:22:16", 
            "assignment_group": 60
        }
    }, 
    {
        "pk": 31, 
        "model": "core.deadline", 
        "fields": {
            "text": null, 
            "deadline": "2010-11-11 16:22:10", 
            "assignment_group": 31
        }
    }, 
    {
        "pk": 32, 
        "model": "core.deadline", 
        "fields": {
            "text": null, 
            "deadline": "2010-11-11 16:22:10", 
            "assignment_group": 32
        }
    }, 
    {
        "pk": 33, 
        "model": "core.deadline", 
        "fields": {
            "text": null, 
            "deadline": "2010-11-11 16:22:10", 
            "assignment_group": 33
        }
    }, 
    {
        "pk": 34, 
        "model": "core.deadline", 
        "fields": {
            "text": null, 
            "deadline": "2010-11-11 16:22:10", 
            "assignment_group": 34
        }
    }, 
    {
        "pk": 35, 
        "model": "core.deadline", 
        "fields": {
            "text": null, 
            "deadline": "2010-11-11 16:22:10", 
            "assignment_group": 35
        }
    }, 
    {
        "pk": 36, 
        "model": "core.deadline", 
        "fields": {
            "text": null, 
            "deadline": "2010-11-11 16:22:10", 
            "assignment_group": 36
        }
    }, 
    {
        "pk": 37, 
        "model": "core.deadline", 
        "fields": {
            "text": null, 
            "deadline": "2010-11-11 16:22:10", 
            "assignment_group": 37
        }
    }, 
    {
        "pk": 38, 
        "model": "core.deadline", 
        "fields": {
            "text": null, 
            "deadline": "2010-11-11 16:22:10", 
            "assignment_group": 38
        }
    }, 
    {
        "pk": 39, 
        "model": "core.deadline", 
        "fields": {
            "text": null, 
            "deadline": "2010-11-11 16:22:10", 
            "assignment_group": 39
        }
    }, 
    {
        "pk": 40, 
        "model": "core.deadline", 
        "fields": {
            "text": null, 
            "deadline": "2010-11-11 16:22:10", 
            "assignment_group": 40
        }
    }, 
    {
        "pk": 21, 
        "model": "core.deadline", 
        "fields": {
            "text": null, 
            "deadline": "2010-11-05 16:22:08", 
            "assignment_group": 21
        }
    }, 
    {
        "pk": 22, 
        "model": "core.deadline", 
        "fields": {
            "text": null, 
            "deadline": "2010-11-05 16:22:08", 
            "assignment_group": 22
        }
    }, 
    {
        "pk": 23, 
        "model": "core.deadline", 
        "fields": {
            "text": null, 
            "deadline": "2010-11-05 16:22:08", 
            "assignment_group": 23
        }
    }, 
    {
        "pk": 24, 
        "model": "core.deadline", 
        "fields": {
            "text": null, 
            "deadline": "2010-11-05 16:22:08", 
            "assignment_group": 24
        }
    }, 
    {
        "pk": 25, 
        "model": "core.deadline", 
        "fields": {
            "text": null, 
            "deadline": "2010-11-05 16:22:08", 
            "assignment_group": 25
        }
    }, 
    {
        "pk": 26, 
        "model": "core.deadline", 
        "fields": {
            "text": null, 
            "deadline": "2010-11-05 16:22:08", 
            "assignment_group": 26
        }
    }, 
    {
        "pk": 27, 
        "model": "core.deadline", 
        "fields": {
            "text": null, 
            "deadline": "2010-11-05 16:22:08", 
            "assignment_group": 27
        }
    }, 
    {
        "pk": 28, 
        "model": "core.deadline", 
        "fields": {
            "text": null, 
            "deadline": "2010-11-05 16:22:08", 
            "assignment_group": 28
        }
    }, 
    {
        "pk": 29, 
        "model": "core.deadline", 
        "fields": {
            "text": null, 
            "deadline": "2010-11-05 16:22:08", 
            "assignment_group": 29
        }
    }, 
    {
        "pk": 30, 
        "model": "core.deadline", 
        "fields": {
            "text": null, 
            "deadline": "2010-11-05 16:22:08", 
            "assignment_group": 30
        }
    }, 
    {
        "pk": 11, 
        "model": "core.deadline", 
        "fields": {
            "text": null, 
            "deadline": "2010-10-25 16:22:07", 
            "assignment_group": 11
        }
    }, 
    {
        "pk": 12, 
        "model": "core.deadline", 
        "fields": {
            "text": null, 
            "deadline": "2010-10-25 16:22:07", 
            "assignment_group": 12
        }
    }, 
    {
        "pk": 13, 
        "model": "core.deadline", 
        "fields": {
            "text": null, 
            "deadline": "2010-10-25 16:22:07", 
            "assignment_group": 13
        }
    }, 
    {
        "pk": 14, 
        "model": "core.deadline", 
        "fields": {
            "text": null, 
            "deadline": "2010-10-25 16:22:07", 
            "assignment_group": 14
        }
    }, 
    {
        "pk": 15, 
        "model": "core.deadline", 
        "fields": {
            "text": null, 
            "deadline": "2010-10-25 16:22:07", 
            "assignment_group": 15
        }
    }, 
    {
        "pk": 16, 
        "model": "core.deadline", 
        "fields": {
            "text": null, 
            "deadline": "2010-10-25 16:22:07", 
            "assignment_group": 16
        }
    }, 
    {
        "pk": 17, 
        "model": "core.deadline", 
        "fields": {
            "text": null, 
            "deadline": "2010-10-25 16:22:07", 
            "assignment_group": 17
        }
    }, 
    {
        "pk": 18, 
        "model": "core.deadline", 
        "fields": {
            "text": null, 
            "deadline": "2010-10-25 16:22:07", 
            "assignment_group": 18
        }
    }, 
    {
        "pk": 19, 
        "model": "core.deadline", 
        "fields": {
            "text": null, 
            "deadline": "2010-10-25 16:22:07", 
            "assignment_group": 19
        }
    }, 
    {
        "pk": 20, 
        "model": "core.deadline", 
        "fields": {
            "text": null, 
            "deadline": "2010-10-25 16:22:07", 
            "assignment_group": 20
        }
    }, 
    {
        "pk": 1, 
        "model": "core.deadline", 
        "fields": {
            "text": null, 
            "deadline": "2010-10-15 16:22:05", 
            "assignment_group": 1
        }
    }, 
    {
        "pk": 2, 
        "model": "core.deadline", 
        "fields": {
            "text": null, 
            "deadline": "2010-10-15 16:22:05", 
            "assignment_group": 2
        }
    }, 
    {
        "pk": 3, 
        "model": "core.deadline", 
        "fields": {
            "text": null, 
            "deadline": "2010-10-15 16:22:05", 
            "assignment_group": 3
        }
    }, 
    {
        "pk": 4, 
        "model": "core.deadline", 
        "fields": {
            "text": null, 
            "deadline": "2010-10-15 16:22:05", 
            "assignment_group": 4
        }
    }, 
    {
        "pk": 5, 
        "model": "core.deadline", 
        "fields": {
            "text": null, 
            "deadline": "2010-10-15 16:22:05", 
            "assignment_group": 5
        }
    }, 
    {
        "pk": 6, 
        "model": "core.deadline", 
        "fields": {
            "text": null, 
            "deadline": "2010-10-15 16:22:05", 
            "assignment_group": 6
        }
    }, 
    {
        "pk": 7, 
        "model": "core.deadline", 
        "fields": {
            "text": null, 
            "deadline": "2010-10-15 16:22:05", 
            "assignment_group": 7
        }
    }, 
    {
        "pk": 8, 
        "model": "core.deadline", 
        "fields": {
            "text": null, 
            "deadline": "2010-10-15 16:22:05", 
            "assignment_group": 8
        }
    }, 
    {
        "pk": 9, 
        "model": "core.deadline", 
        "fields": {
            "text": null, 
            "deadline": "2010-10-15 16:22:05", 
            "assignment_group": 9
        }
    }, 
    {
        "pk": 10, 
        "model": "core.deadline", 
        "fields": {
            "text": null, 
            "deadline": "2010-10-15 16:22:05", 
            "assignment_group": 10
        }
    }, 
    {
        "pk": 81, 
        "model": "core.delivery", 
        "fields": {
            "delivered_by": 67, 
            "successful": true, 
            "time_of_delivery": "2010-11-14 02:08:20", 
            "number": 2, 
            "assignment_group": 64
        }
    }, 
    {
        "pk": 79, 
        "model": "core.delivery", 
        "fields": {
            "delivered_by": 66, 
            "successful": true, 
            "time_of_delivery": "2010-11-14 00:29:20", 
            "number": 1, 
            "assignment_group": 63
        }
    }, 
    {
        "pk": 80, 
        "model": "core.delivery", 
        "fields": {
            "delivered_by": 67, 
            "successful": true, 
            "time_of_delivery": "2010-11-13 23:21:20", 
            "number": 1, 
            "assignment_group": 64
        }
    }, 
    {
        "pk": 56, 
        "model": "core.delivery", 
        "fields": {
            "delivered_by": 59, 
            "successful": true, 
            "time_of_delivery": "2010-11-13 21:19:15", 
            "number": 1, 
            "assignment_group": 48
        }
    }, 
    {
        "pk": 54, 
        "model": "core.delivery", 
        "fields": {
            "delivered_by": 57, 
            "successful": true, 
            "time_of_delivery": "2010-11-13 21:10:14", 
            "number": 1, 
            "assignment_group": 46
        }
    }, 
    {
        "pk": 53, 
        "model": "core.delivery", 
        "fields": {
            "delivered_by": 56, 
            "successful": true, 
            "time_of_delivery": "2010-11-13 20:42:13", 
            "number": 1, 
            "assignment_group": 45
        }
    }, 
    {
        "pk": 55, 
        "model": "core.delivery", 
        "fields": {
            "delivered_by": 58, 
            "successful": true, 
            "time_of_delivery": "2010-11-13 18:06:14", 
            "number": 1, 
            "assignment_group": 47
        }
    }, 
    {
        "pk": 52, 
        "model": "core.delivery", 
        "fields": {
            "delivered_by": 53, 
            "successful": true, 
            "time_of_delivery": "2010-11-13 18:04:12", 
            "number": 1, 
            "assignment_group": 42
        }
    }, 
    {
        "pk": 82, 
        "model": "core.delivery", 
        "fields": {
            "delivered_by": 70, 
            "successful": true, 
            "time_of_delivery": "2010-11-13 17:25:20", 
            "number": 1, 
            "assignment_group": 67
        }
    }, 
    {
        "pk": 78, 
        "model": "core.delivery", 
        "fields": {
            "delivered_by": 64, 
            "successful": true, 
            "time_of_delivery": "2010-11-13 14:53:20", 
            "number": 1, 
            "assignment_group": 61
        }
    }, 
    {
        "pk": 46, 
        "model": "core.delivery", 
        "fields": {
            "delivered_by": 56, 
            "successful": true, 
            "time_of_delivery": "2010-11-11 19:18:10", 
            "number": 4, 
            "assignment_group": 35
        }
    }, 
    {
        "pk": 77, 
        "model": "core.delivery", 
        "fields": {
            "delivered_by": 73, 
            "successful": true, 
            "time_of_delivery": "2010-11-11 17:17:16", 
            "number": 2, 
            "assignment_group": 60
        }
    }, 
    {
        "pk": 45, 
        "model": "core.delivery", 
        "fields": {
            "delivered_by": 56, 
            "successful": true, 
            "time_of_delivery": "2010-11-11 16:39:10", 
            "number": 3, 
            "assignment_group": 35
        }
    }, 
    {
        "pk": 76, 
        "model": "core.delivery", 
        "fields": {
            "delivered_by": 73, 
            "successful": true, 
            "time_of_delivery": "2010-11-11 16:31:16", 
            "number": 1, 
            "assignment_group": 60
        }
    }, 
    {
        "pk": 40, 
        "model": "core.delivery", 
        "fields": {
            "delivered_by": 53, 
            "successful": true, 
            "time_of_delivery": "2010-11-11 16:30:10", 
            "number": 1, 
            "assignment_group": 32
        }
    }, 
    {
        "pk": 39, 
        "model": "core.delivery", 
        "fields": {
            "delivered_by": 52, 
            "successful": true, 
            "time_of_delivery": "2010-11-11 16:28:10", 
            "number": 1, 
            "assignment_group": 31
        }
    }, 
    {
        "pk": 57, 
        "model": "core.delivery", 
        "fields": {
            "delivered_by": 64, 
            "successful": true, 
            "time_of_delivery": "2010-11-11 16:13:16", 
            "number": 1, 
            "assignment_group": 51
        }
    }, 
    {
        "pk": 44, 
        "model": "core.delivery", 
        "fields": {
            "delivered_by": 56, 
            "successful": true, 
            "time_of_delivery": "2010-11-11 15:50:10", 
            "number": 2, 
            "assignment_group": 35
        }
    }, 
    {
        "pk": 42, 
        "model": "core.delivery", 
        "fields": {
            "delivered_by": 55, 
            "successful": true, 
            "time_of_delivery": "2010-11-11 15:48:10", 
            "number": 1, 
            "assignment_group": 34
        }
    }, 
    {
        "pk": 43, 
        "model": "core.delivery", 
        "fields": {
            "delivered_by": 56, 
            "successful": true, 
            "time_of_delivery": "2010-11-11 14:41:10", 
            "number": 1, 
            "assignment_group": 35
        }
    }, 
    {
        "pk": 47, 
        "model": "core.delivery", 
        "fields": {
            "delivered_by": 57, 
            "successful": true, 
            "time_of_delivery": "2010-11-11 12:22:10", 
            "number": 1, 
            "assignment_group": 36
        }
    }, 
    {
        "pk": 41, 
        "model": "core.delivery", 
        "fields": {
            "delivered_by": 54, 
            "successful": true, 
            "time_of_delivery": "2010-11-11 12:20:10", 
            "number": 1, 
            "assignment_group": 33
        }
    }, 
    {
        "pk": 74, 
        "model": "core.delivery", 
        "fields": {
            "delivered_by": 70, 
            "successful": true, 
            "time_of_delivery": "2010-11-11 12:05:16", 
            "number": 4, 
            "assignment_group": 57
        }
    }, 
    {
        "pk": 68, 
        "model": "core.delivery", 
        "fields": {
            "delivered_by": 67, 
            "successful": true, 
            "time_of_delivery": "2010-11-11 11:16:16", 
            "number": 5, 
            "assignment_group": 54
        }
    }, 
    {
        "pk": 63, 
        "model": "core.delivery", 
        "fields": {
            "delivered_by": 66, 
            "successful": true, 
            "time_of_delivery": "2010-11-11 11:12:16", 
            "number": 5, 
            "assignment_group": 53
        }
    }, 
    {
        "pk": 49, 
        "model": "core.delivery", 
        "fields": {
            "delivered_by": 59, 
            "successful": true, 
            "time_of_delivery": "2010-11-11 10:21:10", 
            "number": 1, 
            "assignment_group": 38
        }
    }, 
    {
        "pk": 70, 
        "model": "core.delivery", 
        "fields": {
            "delivered_by": 69, 
            "successful": true, 
            "time_of_delivery": "2010-11-11 10:18:16", 
            "number": 1, 
            "assignment_group": 56
        }
    }, 
    {
        "pk": 48, 
        "model": "core.delivery", 
        "fields": {
            "delivered_by": 58, 
            "successful": true, 
            "time_of_delivery": "2010-11-11 09:58:10", 
            "number": 1, 
            "assignment_group": 37
        }
    }, 
    {
        "pk": 62, 
        "model": "core.delivery", 
        "fields": {
            "delivered_by": 66, 
            "successful": true, 
            "time_of_delivery": "2010-11-11 09:45:16", 
            "number": 4, 
            "assignment_group": 53
        }
    }, 
    {
        "pk": 73, 
        "model": "core.delivery", 
        "fields": {
            "delivered_by": 70, 
            "successful": true, 
            "time_of_delivery": "2010-11-11 09:28:16", 
            "number": 3, 
            "assignment_group": 57
        }
    }, 
    {
        "pk": 51, 
        "model": "core.delivery", 
        "fields": {
            "delivered_by": 61, 
            "successful": true, 
            "time_of_delivery": "2010-11-11 09:08:10", 
            "number": 1, 
            "assignment_group": 40
        }
    }, 
    {
        "pk": 67, 
        "model": "core.delivery", 
        "fields": {
            "delivered_by": 67, 
            "successful": true, 
            "time_of_delivery": "2010-11-11 08:23:16", 
            "number": 4, 
            "assignment_group": 54
        }
    }, 
    {
        "pk": 50, 
        "model": "core.delivery", 
        "fields": {
            "delivered_by": 60, 
            "successful": true, 
            "time_of_delivery": "2010-11-11 08:05:10", 
            "number": 1, 
            "assignment_group": 39
        }
    }, 
    {
        "pk": 61, 
        "model": "core.delivery", 
        "fields": {
            "delivered_by": 66, 
            "successful": true, 
            "time_of_delivery": "2010-11-11 07:57:16", 
            "number": 3, 
            "assignment_group": 53
        }
    }, 
    {
        "pk": 60, 
        "model": "core.delivery", 
        "fields": {
            "delivered_by": 66, 
            "successful": true, 
            "time_of_delivery": "2010-11-11 07:55:16", 
            "number": 2, 
            "assignment_group": 53
        }
    }, 
    {
        "pk": 59, 
        "model": "core.delivery", 
        "fields": {
            "delivered_by": 66, 
            "successful": true, 
            "time_of_delivery": "2010-11-11 07:53:16", 
            "number": 1, 
            "assignment_group": 53
        }
    }, 
    {
        "pk": 72, 
        "model": "core.delivery", 
        "fields": {
            "delivered_by": 70, 
            "successful": true, 
            "time_of_delivery": "2010-11-11 07:38:16", 
            "number": 2, 
            "assignment_group": 57
        }
    }, 
    {
        "pk": 66, 
        "model": "core.delivery", 
        "fields": {
            "delivered_by": 67, 
            "successful": true, 
            "time_of_delivery": "2010-11-11 06:08:16", 
            "number": 3, 
            "assignment_group": 54
        }
    }, 
    {
        "pk": 69, 
        "model": "core.delivery", 
        "fields": {
            "delivered_by": 68, 
            "successful": true, 
            "time_of_delivery": "2010-11-11 05:18:16", 
            "number": 1, 
            "assignment_group": 55
        }
    }, 
    {
        "pk": 71, 
        "model": "core.delivery", 
        "fields": {
            "delivered_by": 70, 
            "successful": true, 
            "time_of_delivery": "2010-11-11 05:10:16", 
            "number": 1, 
            "assignment_group": 57
        }
    }, 
    {
        "pk": 65, 
        "model": "core.delivery", 
        "fields": {
            "delivered_by": 67, 
            "successful": true, 
            "time_of_delivery": "2010-11-11 04:32:16", 
            "number": 2, 
            "assignment_group": 54
        }
    }, 
    {
        "pk": 75, 
        "model": "core.delivery", 
        "fields": {
            "delivered_by": 71, 
            "successful": true, 
            "time_of_delivery": "2010-11-11 02:34:16", 
            "number": 1, 
            "assignment_group": 58
        }
    }, 
    {
        "pk": 64, 
        "model": "core.delivery", 
        "fields": {
            "delivered_by": 67, 
            "successful": true, 
            "time_of_delivery": "2010-11-11 02:33:16", 
            "number": 1, 
            "assignment_group": 54
        }
    }, 
    {
        "pk": 58, 
        "model": "core.delivery", 
        "fields": {
            "delivered_by": 65, 
            "successful": true, 
            "time_of_delivery": "2010-11-11 01:30:16", 
            "number": 1, 
            "assignment_group": 52
        }
    }, 
    {
        "pk": 29, 
        "model": "core.delivery", 
        "fields": {
            "delivered_by": 56, 
            "successful": true, 
            "time_of_delivery": "2010-11-05 19:41:08", 
            "number": 4, 
            "assignment_group": 25
        }
    }, 
    {
        "pk": 28, 
        "model": "core.delivery", 
        "fields": {
            "delivered_by": 56, 
            "successful": true, 
            "time_of_delivery": "2010-11-05 19:08:08", 
            "number": 3, 
            "assignment_group": 25
        }
    }, 
    {
        "pk": 27, 
        "model": "core.delivery", 
        "fields": {
            "delivered_by": 56, 
            "successful": true, 
            "time_of_delivery": "2010-11-05 18:14:08", 
            "number": 2, 
            "assignment_group": 25
        }
    }, 
    {
        "pk": 32, 
        "model": "core.delivery", 
        "fields": {
            "delivered_by": 59, 
            "successful": true, 
            "time_of_delivery": "2010-11-05 16:28:08", 
            "number": 1, 
            "assignment_group": 28
        }
    }, 
    {
        "pk": 26, 
        "model": "core.delivery", 
        "fields": {
            "delivered_by": 56, 
            "successful": true, 
            "time_of_delivery": "2010-11-05 16:18:08", 
            "number": 1, 
            "assignment_group": 25
        }
    }, 
    {
        "pk": 33, 
        "model": "core.delivery", 
        "fields": {
            "delivered_by": 60, 
            "successful": true, 
            "time_of_delivery": "2010-11-05 11:34:08", 
            "number": 1, 
            "assignment_group": 29
        }
    }, 
    {
        "pk": 18, 
        "model": "core.delivery", 
        "fields": {
            "delivered_by": 52, 
            "successful": true, 
            "time_of_delivery": "2010-11-05 10:43:08", 
            "number": 1, 
            "assignment_group": 21
        }
    }, 
    {
        "pk": 30, 
        "model": "core.delivery", 
        "fields": {
            "delivered_by": 57, 
            "successful": true, 
            "time_of_delivery": "2010-11-05 10:27:08", 
            "number": 1, 
            "assignment_group": 26
        }
    }, 
    {
        "pk": 24, 
        "model": "core.delivery", 
        "fields": {
            "delivered_by": 54, 
            "successful": true, 
            "time_of_delivery": "2010-11-05 09:29:08", 
            "number": 5, 
            "assignment_group": 23
        }
    }, 
    {
        "pk": 23, 
        "model": "core.delivery", 
        "fields": {
            "delivered_by": 54, 
            "successful": true, 
            "time_of_delivery": "2010-11-05 09:00:08", 
            "number": 4, 
            "assignment_group": 23
        }
    }, 
    {
        "pk": 22, 
        "model": "core.delivery", 
        "fields": {
            "delivered_by": 54, 
            "successful": true, 
            "time_of_delivery": "2010-11-05 08:48:08", 
            "number": 3, 
            "assignment_group": 23
        }
    }, 
    {
        "pk": 19, 
        "model": "core.delivery", 
        "fields": {
            "delivered_by": 53, 
            "successful": true, 
            "time_of_delivery": "2010-11-05 07:23:08", 
            "number": 1, 
            "assignment_group": 22
        }
    }, 
    {
        "pk": 38, 
        "model": "core.delivery", 
        "fields": {
            "delivered_by": 61, 
            "successful": true, 
            "time_of_delivery": "2010-11-05 07:08:08", 
            "number": 5, 
            "assignment_group": 30
        }
    }, 
    {
        "pk": 21, 
        "model": "core.delivery", 
        "fields": {
            "delivered_by": 54, 
            "successful": true, 
            "time_of_delivery": "2010-11-05 06:33:08", 
            "number": 2, 
            "assignment_group": 23
        }
    }, 
    {
        "pk": 37, 
        "model": "core.delivery", 
        "fields": {
            "delivered_by": 61, 
            "successful": true, 
            "time_of_delivery": "2010-11-05 05:56:08", 
            "number": 4, 
            "assignment_group": 30
        }
    }, 
    {
        "pk": 20, 
        "model": "core.delivery", 
        "fields": {
            "delivered_by": 54, 
            "successful": true, 
            "time_of_delivery": "2010-11-05 04:18:08", 
            "number": 1, 
            "assignment_group": 23
        }
    }, 
    {
        "pk": 31, 
        "model": "core.delivery", 
        "fields": {
            "delivered_by": 58, 
            "successful": true, 
            "time_of_delivery": "2010-11-05 04:07:08", 
            "number": 1, 
            "assignment_group": 27
        }
    }, 
    {
        "pk": 36, 
        "model": "core.delivery", 
        "fields": {
            "delivered_by": 61, 
            "successful": true, 
            "time_of_delivery": "2010-11-05 03:22:08", 
            "number": 3, 
            "assignment_group": 30
        }
    }, 
    {
        "pk": 35, 
        "model": "core.delivery", 
        "fields": {
            "delivered_by": 61, 
            "successful": true, 
            "time_of_delivery": "2010-11-05 01:08:08", 
            "number": 2, 
            "assignment_group": 30
        }
    }, 
    {
        "pk": 25, 
        "model": "core.delivery", 
        "fields": {
            "delivered_by": 55, 
            "successful": true, 
            "time_of_delivery": "2010-11-05 00:50:08", 
            "number": 1, 
            "assignment_group": 24
        }
    }, 
    {
        "pk": 34, 
        "model": "core.delivery", 
        "fields": {
            "delivered_by": 61, 
            "successful": true, 
            "time_of_delivery": "2010-11-05 00:33:08", 
            "number": 1, 
            "assignment_group": 30
        }
    }, 
    {
        "pk": 13, 
        "model": "core.delivery", 
        "fields": {
            "delivered_by": 54, 
            "successful": true, 
            "time_of_delivery": "2010-10-25 16:36:07", 
            "number": 1, 
            "assignment_group": 13
        }
    }, 
    {
        "pk": 12, 
        "model": "core.delivery", 
        "fields": {
            "delivered_by": 53, 
            "successful": true, 
            "time_of_delivery": "2010-10-25 12:55:07", 
            "number": 1, 
            "assignment_group": 12
        }
    }, 
    {
        "pk": 15, 
        "model": "core.delivery", 
        "fields": {
            "delivered_by": 58, 
            "successful": true, 
            "time_of_delivery": "2010-10-25 10:35:07", 
            "number": 1, 
            "assignment_group": 17
        }
    }, 
    {
        "pk": 17, 
        "model": "core.delivery", 
        "fields": {
            "delivered_by": 61, 
            "successful": true, 
            "time_of_delivery": "2010-10-25 10:03:07", 
            "number": 1, 
            "assignment_group": 20
        }
    }, 
    {
        "pk": 16, 
        "model": "core.delivery", 
        "fields": {
            "delivered_by": 59, 
            "successful": true, 
            "time_of_delivery": "2010-10-25 07:39:07", 
            "number": 1, 
            "assignment_group": 18
        }
    }, 
    {
        "pk": 14, 
        "model": "core.delivery", 
        "fields": {
            "delivered_by": 56, 
            "successful": true, 
            "time_of_delivery": "2010-10-25 06:42:07", 
            "number": 1, 
            "assignment_group": 15
        }
    }, 
    {
        "pk": 11, 
        "model": "core.delivery", 
        "fields": {
            "delivered_by": 52, 
            "successful": true, 
            "time_of_delivery": "2010-10-25 04:26:07", 
            "number": 1, 
            "assignment_group": 11
        }
    }, 
    {
        "pk": 7, 
        "model": "core.delivery", 
        "fields": {
            "delivered_by": 58, 
            "successful": true, 
            "time_of_delivery": "2010-10-15 16:37:05", 
            "number": 1, 
            "assignment_group": 7
        }
    }, 
    {
        "pk": 9, 
        "model": "core.delivery", 
        "fields": {
            "delivered_by": 60, 
            "successful": true, 
            "time_of_delivery": "2010-10-15 13:31:05", 
            "number": 1, 
            "assignment_group": 9
        }
    }, 
    {
        "pk": 5, 
        "model": "core.delivery", 
        "fields": {
            "delivered_by": 55, 
            "successful": true, 
            "time_of_delivery": "2010-10-15 12:17:05", 
            "number": 1, 
            "assignment_group": 4
        }
    }, 
    {
        "pk": 2, 
        "model": "core.delivery", 
        "fields": {
            "delivered_by": 53, 
            "successful": true, 
            "time_of_delivery": "2010-10-15 11:13:05", 
            "number": 1, 
            "assignment_group": 2
        }
    }, 
    {
        "pk": 4, 
        "model": "core.delivery", 
        "fields": {
            "delivered_by": 54, 
            "successful": true, 
            "time_of_delivery": "2010-10-15 10:00:05", 
            "number": 2, 
            "assignment_group": 3
        }
    }, 
    {
        "pk": 6, 
        "model": "core.delivery", 
        "fields": {
            "delivered_by": 57, 
            "successful": true, 
            "time_of_delivery": "2010-10-15 09:13:05", 
            "number": 1, 
            "assignment_group": 6
        }
    }, 
    {
        "pk": 3, 
        "model": "core.delivery", 
        "fields": {
            "delivered_by": 54, 
            "successful": true, 
            "time_of_delivery": "2010-10-15 09:08:05", 
            "number": 1, 
            "assignment_group": 3
        }
    }, 
    {
        "pk": 8, 
        "model": "core.delivery", 
        "fields": {
            "delivered_by": 59, 
            "successful": true, 
            "time_of_delivery": "2010-10-15 06:54:05", 
            "number": 1, 
            "assignment_group": 8
        }
    }, 
    {
        "pk": 1, 
        "model": "core.delivery", 
        "fields": {
            "delivered_by": 52, 
            "successful": true, 
            "time_of_delivery": "2010-10-15 02:14:05", 
            "number": 1, 
            "assignment_group": 1
        }
    }, 
    {
        "pk": 10, 
        "model": "core.delivery", 
        "fields": {
            "delivered_by": 61, 
            "successful": true, 
            "time_of_delivery": "2010-10-15 00:25:05", 
            "number": 1, 
            "assignment_group": 10
        }
    }, 
    {
        "pk": 1, 
        "model": "core.feedback", 
        "fields": {
            "format": "('rst', 'ReStructured Text')", 
            "text": "Some text here:)", 
            "last_modified_by": 62, 
            "delivery": 1, 
            "last_modified": "2010-11-14 16:22:05", 
            "object_id": 1, 
            "content_type": [
                "grade_rstschema", 
                "rstschemagrade"
            ], 
            "published": true
        }
    }, 
    {
        "pk": 2, 
        "model": "core.feedback", 
        "fields": {
            "format": "('rst', 'ReStructured Text')", 
            "text": "Some text here:)", 
            "last_modified_by": 63, 
            "delivery": 2, 
            "last_modified": "2010-11-14 16:22:05", 
            "object_id": 2, 
            "content_type": [
                "grade_rstschema", 
                "rstschemagrade"
            ], 
            "published": true
        }
    }, 
    {
        "pk": 3, 
        "model": "core.feedback", 
        "fields": {
            "format": "('rst', 'ReStructured Text')", 
            "text": "Some text here:)", 
            "last_modified_by": 62, 
            "delivery": 4, 
            "last_modified": "2010-11-14 16:22:05", 
            "object_id": 3, 
            "content_type": [
                "grade_rstschema", 
                "rstschemagrade"
            ], 
            "published": true
        }
    }, 
    {
        "pk": 4, 
        "model": "core.feedback", 
        "fields": {
            "format": "('rst', 'ReStructured Text')", 
            "text": "Some text here:)", 
            "last_modified_by": 63, 
            "delivery": 5, 
            "last_modified": "2010-11-14 16:22:06", 
            "object_id": 4, 
            "content_type": [
                "grade_rstschema", 
                "rstschemagrade"
            ], 
            "published": true
        }
    }, 
    {
        "pk": 5, 
        "model": "core.feedback", 
        "fields": {
            "format": "('rst', 'ReStructured Text')", 
            "text": "Some text here:)", 
            "last_modified_by": 63, 
            "delivery": 6, 
            "last_modified": "2010-11-14 16:22:06", 
            "object_id": 5, 
            "content_type": [
                "grade_rstschema", 
                "rstschemagrade"
            ], 
            "published": true
        }
    }, 
    {
        "pk": 6, 
        "model": "core.feedback", 
        "fields": {
            "format": "('rst', 'ReStructured Text')", 
            "text": "Some text here:)", 
            "last_modified_by": 62, 
            "delivery": 7, 
            "last_modified": "2010-11-14 16:22:06", 
            "object_id": 6, 
            "content_type": [
                "grade_rstschema", 
                "rstschemagrade"
            ], 
            "published": true
        }
    }, 
    {
        "pk": 7, 
        "model": "core.feedback", 
        "fields": {
            "format": "('rst', 'ReStructured Text')", 
            "text": "Some text here:)", 
            "last_modified_by": 63, 
            "delivery": 8, 
            "last_modified": "2010-11-14 16:22:06", 
            "object_id": 7, 
            "content_type": [
                "grade_rstschema", 
                "rstschemagrade"
            ], 
            "published": true
        }
    }, 
    {
        "pk": 8, 
        "model": "core.feedback", 
        "fields": {
            "format": "('rst', 'ReStructured Text')", 
            "text": "Some text here:)", 
            "last_modified_by": 62, 
            "delivery": 9, 
            "last_modified": "2010-11-14 16:22:06", 
            "object_id": 8, 
            "content_type": [
                "grade_rstschema", 
                "rstschemagrade"
            ], 
            "published": true
        }
    }, 
    {
        "pk": 9, 
        "model": "core.feedback", 
        "fields": {
            "format": "('rst', 'ReStructured Text')", 
            "text": "Some text here:)", 
            "last_modified_by": 63, 
            "delivery": 10, 
            "last_modified": "2010-11-14 16:22:06", 
            "object_id": 9, 
            "content_type": [
                "grade_rstschema", 
                "rstschemagrade"
            ], 
            "published": true
        }
    }, 
    {
        "pk": 10, 
        "model": "core.feedback", 
        "fields": {
            "format": "('rst', 'ReStructured Text')", 
            "text": "Some text here:)", 
            "last_modified_by": 62, 
            "delivery": 11, 
            "last_modified": "2010-11-14 16:22:07", 
            "object_id": 10, 
            "content_type": [
                "grade_rstschema", 
                "rstschemagrade"
            ], 
            "published": true
        }
    }, 
    {
        "pk": 11, 
        "model": "core.feedback", 
        "fields": {
            "format": "('rst', 'ReStructured Text')", 
            "text": "Some text here:)", 
            "last_modified_by": 63, 
            "delivery": 12, 
            "last_modified": "2010-11-14 16:22:07", 
            "object_id": 11, 
            "content_type": [
                "grade_rstschema", 
                "rstschemagrade"
            ], 
            "published": true
        }
    }, 
    {
        "pk": 12, 
        "model": "core.feedback", 
        "fields": {
            "format": "('rst', 'ReStructured Text')", 
            "text": "Some text here:)", 
            "last_modified_by": 62, 
            "delivery": 13, 
            "last_modified": "2010-11-14 16:22:07", 
            "object_id": 12, 
            "content_type": [
                "grade_rstschema", 
                "rstschemagrade"
            ], 
            "published": true
        }
    }, 
    {
        "pk": 13, 
        "model": "core.feedback", 
        "fields": {
            "format": "('rst', 'ReStructured Text')", 
            "text": "Some text here:)", 
            "last_modified_by": 62, 
            "delivery": 14, 
            "last_modified": "2010-11-14 16:22:07", 
            "object_id": 13, 
            "content_type": [
                "grade_rstschema", 
                "rstschemagrade"
            ], 
            "published": true
        }
    }, 
    {
        "pk": 14, 
        "model": "core.feedback", 
        "fields": {
            "format": "('rst', 'ReStructured Text')", 
            "text": "Some text here:)", 
            "last_modified_by": 62, 
            "delivery": 15, 
            "last_modified": "2010-11-14 16:22:07", 
            "object_id": 14, 
            "content_type": [
                "grade_rstschema", 
                "rstschemagrade"
            ], 
            "published": true
        }
    }, 
    {
        "pk": 15, 
        "model": "core.feedback", 
        "fields": {
            "format": "('rst', 'ReStructured Text')", 
            "text": "Some text here:)", 
            "last_modified_by": 63, 
            "delivery": 16, 
            "last_modified": "2010-11-14 16:22:07", 
            "object_id": 15, 
            "content_type": [
                "grade_rstschema", 
                "rstschemagrade"
            ], 
            "published": true
        }
    }, 
    {
        "pk": 16, 
        "model": "core.feedback", 
        "fields": {
            "format": "('rst', 'ReStructured Text')", 
            "text": "Some text here:)", 
            "last_modified_by": 62, 
            "delivery": 18, 
            "last_modified": "2010-11-14 16:22:08", 
            "object_id": 16, 
            "content_type": [
                "grade_rstschema", 
                "rstschemagrade"
            ], 
            "published": true
        }
    }, 
    {
        "pk": 17, 
        "model": "core.feedback", 
        "fields": {
            "format": "('rst', 'ReStructured Text')", 
            "text": "Some text here:)", 
            "last_modified_by": 63, 
            "delivery": 19, 
            "last_modified": "2010-11-14 16:22:08", 
            "object_id": 17, 
            "content_type": [
                "grade_rstschema", 
                "rstschemagrade"
            ], 
            "published": true
        }
    }, 
    {
        "pk": 18, 
        "model": "core.feedback", 
        "fields": {
            "format": "('rst', 'ReStructured Text')", 
            "text": "Some text here:)", 
            "last_modified_by": 62, 
            "delivery": 24, 
            "last_modified": "2010-11-14 16:22:09", 
            "object_id": 18, 
            "content_type": [
                "grade_rstschema", 
                "rstschemagrade"
            ], 
            "published": true
        }
    }, 
    {
        "pk": 19, 
        "model": "core.feedback", 
        "fields": {
            "format": "('rst', 'ReStructured Text')", 
            "text": "Some text here:)", 
            "last_modified_by": 63, 
            "delivery": 25, 
            "last_modified": "2010-11-14 16:22:09", 
            "object_id": 19, 
            "content_type": [
                "grade_rstschema", 
                "rstschemagrade"
            ], 
            "published": true
        }
    }, 
    {
        "pk": 20, 
        "model": "core.feedback", 
        "fields": {
            "format": "('rst', 'ReStructured Text')", 
            "text": "Some text here:)", 
            "last_modified_by": 62, 
            "delivery": 29, 
            "last_modified": "2010-11-14 16:22:09", 
            "object_id": 20, 
            "content_type": [
                "grade_rstschema", 
                "rstschemagrade"
            ], 
            "published": true
        }
    }, 
    {
        "pk": 21, 
        "model": "core.feedback", 
        "fields": {
            "format": "('rst', 'ReStructured Text')", 
            "text": "Some text here:)", 
            "last_modified_by": 63, 
            "delivery": 30, 
            "last_modified": "2010-11-14 16:22:09", 
            "object_id": 21, 
            "content_type": [
                "grade_rstschema", 
                "rstschemagrade"
            ], 
            "published": true
        }
    }, 
    {
        "pk": 22, 
        "model": "core.feedback", 
        "fields": {
            "format": "('rst', 'ReStructured Text')", 
            "text": "Some text here:)", 
            "last_modified_by": 62, 
            "delivery": 31, 
            "last_modified": "2010-11-14 16:22:09", 
            "object_id": 22, 
            "content_type": [
                "grade_rstschema", 
                "rstschemagrade"
            ], 
            "published": true
        }
    }, 
    {
        "pk": 23, 
        "model": "core.feedback", 
        "fields": {
            "format": "('rst', 'ReStructured Text')", 
            "text": "Some text here:)", 
            "last_modified_by": 63, 
            "delivery": 38, 
            "last_modified": "2010-11-14 16:22:10", 
            "object_id": 23, 
            "content_type": [
                "grade_rstschema", 
                "rstschemagrade"
            ], 
            "published": false
        }
    }, 
    {
        "pk": 24, 
        "model": "core.feedback", 
        "fields": {
            "format": "('rst', 'ReStructured Text')", 
            "text": "Some text here:)", 
            "last_modified_by": 62, 
            "delivery": 39, 
            "last_modified": "2010-11-14 16:22:10", 
            "object_id": 24, 
            "content_type": [
                "grade_rstschema", 
                "rstschemagrade"
            ], 
            "published": true
        }
    }, 
    {
        "pk": 25, 
        "model": "core.feedback", 
        "fields": {
            "format": "('rst', 'ReStructured Text')", 
            "text": "Some text here:)", 
            "last_modified_by": 62, 
            "delivery": 41, 
            "last_modified": "2010-11-14 16:22:11", 
            "object_id": 25, 
            "content_type": [
                "grade_rstschema", 
                "rstschemagrade"
            ], 
            "published": false
        }
    }, 
    {
        "pk": 26, 
        "model": "core.feedback", 
        "fields": {
            "format": "('rst', 'ReStructured Text')", 
            "text": "Some text here:)", 
            "last_modified_by": 63, 
            "delivery": 47, 
            "last_modified": "2010-11-14 16:22:11", 
            "object_id": 26, 
            "content_type": [
                "grade_rstschema", 
                "rstschemagrade"
            ], 
            "published": false
        }
    }, 
    {
        "pk": 27, 
        "model": "core.feedback", 
        "fields": {
            "format": "('rst', 'ReStructured Text')", 
            "text": "Some text here:)", 
            "last_modified_by": 62, 
            "delivery": 48, 
            "last_modified": "2010-11-14 16:22:11", 
            "object_id": 27, 
            "content_type": [
                "grade_rstschema", 
                "rstschemagrade"
            ], 
            "published": true
        }
    }, 
    {
        "pk": 28, 
        "model": "core.feedback", 
        "fields": {
            "format": "('rst', 'ReStructured Text')", 
            "text": "Some text here:)", 
            "last_modified_by": 62, 
            "delivery": 50, 
            "last_modified": "2010-11-14 16:22:11", 
            "object_id": 28, 
            "content_type": [
                "grade_rstschema", 
                "rstschemagrade"
            ], 
            "published": false
        }
    }, 
    {
        "pk": 29, 
        "model": "core.feedback", 
        "fields": {
            "format": "('rst', 'ReStructured Text')", 
            "text": "Some text here:)", 
            "last_modified_by": 62, 
            "delivery": 57, 
            "last_modified": "2010-11-14 16:22:17", 
            "object_id": 29, 
            "content_type": [
                "grade_approved", 
                "approvedgrade"
            ], 
            "published": true
        }
    }, 
    {
        "pk": 30, 
        "model": "core.feedback", 
        "fields": {
            "format": "('rst', 'ReStructured Text')", 
            "text": "Some text here:)", 
            "last_modified_by": 63, 
            "delivery": 58, 
            "last_modified": "2010-11-14 16:22:17", 
            "object_id": 30, 
            "content_type": [
                "grade_approved", 
                "approvedgrade"
            ], 
            "published": false
        }
    }, 
    {
        "pk": 31, 
        "model": "core.feedback", 
        "fields": {
            "format": "('rst', 'ReStructured Text')", 
            "text": "Some text here:)", 
            "last_modified_by": 63, 
            "delivery": 68, 
            "last_modified": "2010-11-14 16:22:18", 
            "object_id": 31, 
            "content_type": [
                "grade_approved", 
                "approvedgrade"
            ], 
            "published": true
        }
    }, 
    {
        "pk": 32, 
        "model": "core.feedback", 
        "fields": {
            "format": "('rst', 'ReStructured Text')", 
            "text": "Some text here:)", 
            "last_modified_by": 62, 
            "delivery": 69, 
            "last_modified": "2010-11-14 16:22:18", 
            "object_id": 32, 
            "content_type": [
                "grade_approved", 
                "approvedgrade"
            ], 
            "published": true
        }
    }, 
    {
        "pk": 33, 
        "model": "core.feedback", 
        "fields": {
            "format": "('rst', 'ReStructured Text')", 
            "text": "Some text here:)", 
            "last_modified_by": 62, 
            "delivery": 74, 
            "last_modified": "2010-11-14 16:22:19", 
            "object_id": 33, 
            "content_type": [
                "grade_approved", 
                "approvedgrade"
            ], 
            "published": true
        }
    }, 
    {
        "pk": 3, 
        "model": "core.filemeta", 
        "fields": {
            "delivery": 1, 
            "size": 41, 
            "filename": "helloworld.java"
        }
    }, 
    {
        "pk": 6, 
        "model": "core.filemeta", 
        "fields": {
            "delivery": 2, 
            "size": 41, 
            "filename": "helloworld.java"
        }
    }, 
    {
        "pk": 9, 
        "model": "core.filemeta", 
        "fields": {
            "delivery": 3, 
            "size": 41, 
            "filename": "helloworld.java"
        }
    }, 
    {
        "pk": 12, 
        "model": "core.filemeta", 
        "fields": {
            "delivery": 4, 
            "size": 41, 
            "filename": "helloworld.java"
        }
    }, 
    {
        "pk": 15, 
        "model": "core.filemeta", 
        "fields": {
            "delivery": 5, 
            "size": 41, 
            "filename": "helloworld.java"
        }
    }, 
    {
        "pk": 18, 
        "model": "core.filemeta", 
        "fields": {
            "delivery": 6, 
            "size": 41, 
            "filename": "helloworld.java"
        }
    }, 
    {
        "pk": 21, 
        "model": "core.filemeta", 
        "fields": {
            "delivery": 7, 
            "size": 41, 
            "filename": "helloworld.java"
        }
    }, 
    {
        "pk": 24, 
        "model": "core.filemeta", 
        "fields": {
            "delivery": 8, 
            "size": 41, 
            "filename": "helloworld.java"
        }
    }, 
    {
        "pk": 27, 
        "model": "core.filemeta", 
        "fields": {
            "delivery": 9, 
            "size": 41, 
            "filename": "helloworld.java"
        }
    }, 
    {
        "pk": 30, 
        "model": "core.filemeta", 
        "fields": {
            "delivery": 10, 
            "size": 41, 
            "filename": "helloworld.java"
        }
    }, 
    {
        "pk": 33, 
        "model": "core.filemeta", 
        "fields": {
            "delivery": 11, 
            "size": 41, 
            "filename": "helloworld.java"
        }
    }, 
    {
        "pk": 36, 
        "model": "core.filemeta", 
        "fields": {
            "delivery": 12, 
            "size": 41, 
            "filename": "helloworld.java"
        }
    }, 
    {
        "pk": 39, 
        "model": "core.filemeta", 
        "fields": {
            "delivery": 13, 
            "size": 41, 
            "filename": "helloworld.java"
        }
    }, 
    {
        "pk": 42, 
        "model": "core.filemeta", 
        "fields": {
            "delivery": 14, 
            "size": 41, 
            "filename": "helloworld.java"
        }
    }, 
    {
        "pk": 45, 
        "model": "core.filemeta", 
        "fields": {
            "delivery": 15, 
            "size": 41, 
            "filename": "helloworld.java"
        }
    }, 
    {
        "pk": 48, 
        "model": "core.filemeta", 
        "fields": {
            "delivery": 16, 
            "size": 41, 
            "filename": "helloworld.java"
        }
    }, 
    {
        "pk": 51, 
        "model": "core.filemeta", 
        "fields": {
            "delivery": 17, 
            "size": 41, 
            "filename": "helloworld.java"
        }
    }, 
    {
        "pk": 54, 
        "model": "core.filemeta", 
        "fields": {
            "delivery": 18, 
            "size": 41, 
            "filename": "helloworld.java"
        }
    }, 
    {
        "pk": 57, 
        "model": "core.filemeta", 
        "fields": {
            "delivery": 19, 
            "size": 41, 
            "filename": "helloworld.java"
        }
    }, 
    {
        "pk": 60, 
        "model": "core.filemeta", 
        "fields": {
            "delivery": 20, 
            "size": 41, 
            "filename": "helloworld.java"
        }
    }, 
    {
        "pk": 63, 
        "model": "core.filemeta", 
        "fields": {
            "delivery": 21, 
            "size": 41, 
            "filename": "helloworld.java"
        }
    }, 
    {
        "pk": 66, 
        "model": "core.filemeta", 
        "fields": {
            "delivery": 22, 
            "size": 41, 
            "filename": "helloworld.java"
        }
    }, 
    {
        "pk": 69, 
        "model": "core.filemeta", 
        "fields": {
            "delivery": 23, 
            "size": 41, 
            "filename": "helloworld.java"
        }
    }, 
    {
        "pk": 72, 
        "model": "core.filemeta", 
        "fields": {
            "delivery": 24, 
            "size": 41, 
            "filename": "helloworld.java"
        }
    }, 
    {
        "pk": 75, 
        "model": "core.filemeta", 
        "fields": {
            "delivery": 25, 
            "size": 41, 
            "filename": "helloworld.java"
        }
    }, 
    {
        "pk": 78, 
        "model": "core.filemeta", 
        "fields": {
            "delivery": 26, 
            "size": 41, 
            "filename": "helloworld.java"
        }
    }, 
    {
        "pk": 81, 
        "model": "core.filemeta", 
        "fields": {
            "delivery": 27, 
            "size": 41, 
            "filename": "helloworld.java"
        }
    }, 
    {
        "pk": 84, 
        "model": "core.filemeta", 
        "fields": {
            "delivery": 28, 
            "size": 41, 
            "filename": "helloworld.java"
        }
    }, 
    {
        "pk": 87, 
        "model": "core.filemeta", 
        "fields": {
            "delivery": 29, 
            "size": 41, 
            "filename": "helloworld.java"
        }
    }, 
    {
        "pk": 90, 
        "model": "core.filemeta", 
        "fields": {
            "delivery": 30, 
            "size": 41, 
            "filename": "helloworld.java"
        }
    }, 
    {
        "pk": 93, 
        "model": "core.filemeta", 
        "fields": {
            "delivery": 31, 
            "size": 41, 
            "filename": "helloworld.java"
        }
    }, 
    {
        "pk": 96, 
        "model": "core.filemeta", 
        "fields": {
            "delivery": 32, 
            "size": 41, 
            "filename": "helloworld.java"
        }
    }, 
    {
        "pk": 99, 
        "model": "core.filemeta", 
        "fields": {
            "delivery": 33, 
            "size": 41, 
            "filename": "helloworld.java"
        }
    }, 
    {
        "pk": 102, 
        "model": "core.filemeta", 
        "fields": {
            "delivery": 34, 
            "size": 41, 
            "filename": "helloworld.java"
        }
    }, 
    {
        "pk": 105, 
        "model": "core.filemeta", 
        "fields": {
            "delivery": 35, 
            "size": 41, 
            "filename": "helloworld.java"
        }
    }, 
    {
        "pk": 108, 
        "model": "core.filemeta", 
        "fields": {
            "delivery": 36, 
            "size": 41, 
            "filename": "helloworld.java"
        }
    }, 
    {
        "pk": 111, 
        "model": "core.filemeta", 
        "fields": {
            "delivery": 37, 
            "size": 41, 
            "filename": "helloworld.java"
        }
    }, 
    {
        "pk": 114, 
        "model": "core.filemeta", 
        "fields": {
            "delivery": 38, 
            "size": 41, 
            "filename": "helloworld.java"
        }
    }, 
    {
        "pk": 117, 
        "model": "core.filemeta", 
        "fields": {
            "delivery": 39, 
            "size": 41, 
            "filename": "helloworld.java"
        }
    }, 
    {
        "pk": 120, 
        "model": "core.filemeta", 
        "fields": {
            "delivery": 40, 
            "size": 41, 
            "filename": "helloworld.java"
        }
    }, 
    {
        "pk": 123, 
        "model": "core.filemeta", 
        "fields": {
            "delivery": 41, 
            "size": 41, 
            "filename": "helloworld.java"
        }
    }, 
    {
        "pk": 126, 
        "model": "core.filemeta", 
        "fields": {
            "delivery": 42, 
            "size": 41, 
            "filename": "helloworld.java"
        }
    }, 
    {
        "pk": 129, 
        "model": "core.filemeta", 
        "fields": {
            "delivery": 43, 
            "size": 41, 
            "filename": "helloworld.java"
        }
    }, 
    {
        "pk": 132, 
        "model": "core.filemeta", 
        "fields": {
            "delivery": 44, 
            "size": 41, 
            "filename": "helloworld.java"
        }
    }, 
    {
        "pk": 135, 
        "model": "core.filemeta", 
        "fields": {
            "delivery": 45, 
            "size": 41, 
            "filename": "helloworld.java"
        }
    }, 
    {
        "pk": 138, 
        "model": "core.filemeta", 
        "fields": {
            "delivery": 46, 
            "size": 41, 
            "filename": "helloworld.java"
        }
    }, 
    {
        "pk": 141, 
        "model": "core.filemeta", 
        "fields": {
            "delivery": 47, 
            "size": 41, 
            "filename": "helloworld.java"
        }
    }, 
    {
        "pk": 144, 
        "model": "core.filemeta", 
        "fields": {
            "delivery": 48, 
            "size": 41, 
            "filename": "helloworld.java"
        }
    }, 
    {
        "pk": 147, 
        "model": "core.filemeta", 
        "fields": {
            "delivery": 49, 
            "size": 41, 
            "filename": "helloworld.java"
        }
    }, 
    {
        "pk": 150, 
        "model": "core.filemeta", 
        "fields": {
            "delivery": 50, 
            "size": 41, 
            "filename": "helloworld.java"
        }
    }, 
    {
        "pk": 153, 
        "model": "core.filemeta", 
        "fields": {
            "delivery": 51, 
            "size": 41, 
            "filename": "helloworld.java"
        }
    }, 
    {
        "pk": 156, 
        "model": "core.filemeta", 
        "fields": {
            "delivery": 52, 
            "size": 41, 
            "filename": "helloworld.java"
        }
    }, 
    {
        "pk": 159, 
        "model": "core.filemeta", 
        "fields": {
            "delivery": 53, 
            "size": 41, 
            "filename": "helloworld.java"
        }
    }, 
    {
        "pk": 162, 
        "model": "core.filemeta", 
        "fields": {
            "delivery": 54, 
            "size": 41, 
            "filename": "helloworld.java"
        }
    }, 
    {
        "pk": 165, 
        "model": "core.filemeta", 
        "fields": {
            "delivery": 55, 
            "size": 41, 
            "filename": "helloworld.java"
        }
    }, 
    {
        "pk": 168, 
        "model": "core.filemeta", 
        "fields": {
            "delivery": 56, 
            "size": 41, 
            "filename": "helloworld.java"
        }
    }, 
    {
        "pk": 171, 
        "model": "core.filemeta", 
        "fields": {
            "delivery": 57, 
            "size": 41, 
            "filename": "helloworld.java"
        }
    }, 
    {
        "pk": 174, 
        "model": "core.filemeta", 
        "fields": {
            "delivery": 58, 
            "size": 41, 
            "filename": "helloworld.java"
        }
    }, 
    {
        "pk": 177, 
        "model": "core.filemeta", 
        "fields": {
            "delivery": 59, 
            "size": 41, 
            "filename": "helloworld.java"
        }
    }, 
    {
        "pk": 180, 
        "model": "core.filemeta", 
        "fields": {
            "delivery": 60, 
            "size": 41, 
            "filename": "helloworld.java"
        }
    }, 
    {
        "pk": 183, 
        "model": "core.filemeta", 
        "fields": {
            "delivery": 61, 
            "size": 41, 
            "filename": "helloworld.java"
        }
    }, 
    {
        "pk": 186, 
        "model": "core.filemeta", 
        "fields": {
            "delivery": 62, 
            "size": 41, 
            "filename": "helloworld.java"
        }
    }, 
    {
        "pk": 189, 
        "model": "core.filemeta", 
        "fields": {
            "delivery": 63, 
            "size": 41, 
            "filename": "helloworld.java"
        }
    }, 
    {
        "pk": 192, 
        "model": "core.filemeta", 
        "fields": {
            "delivery": 64, 
            "size": 41, 
            "filename": "helloworld.java"
        }
    }, 
    {
        "pk": 195, 
        "model": "core.filemeta", 
        "fields": {
            "delivery": 65, 
            "size": 41, 
            "filename": "helloworld.java"
        }
    }, 
    {
        "pk": 198, 
        "model": "core.filemeta", 
        "fields": {
            "delivery": 66, 
            "size": 41, 
            "filename": "helloworld.java"
        }
    }, 
    {
        "pk": 201, 
        "model": "core.filemeta", 
        "fields": {
            "delivery": 67, 
            "size": 41, 
            "filename": "helloworld.java"
        }
    }, 
    {
        "pk": 204, 
        "model": "core.filemeta", 
        "fields": {
            "delivery": 68, 
            "size": 41, 
            "filename": "helloworld.java"
        }
    }, 
    {
        "pk": 207, 
        "model": "core.filemeta", 
        "fields": {
            "delivery": 69, 
            "size": 41, 
            "filename": "helloworld.java"
        }
    }, 
    {
        "pk": 210, 
        "model": "core.filemeta", 
        "fields": {
            "delivery": 70, 
            "size": 41, 
            "filename": "helloworld.java"
        }
    }, 
    {
        "pk": 213, 
        "model": "core.filemeta", 
        "fields": {
            "delivery": 71, 
            "size": 41, 
            "filename": "helloworld.java"
        }
    }, 
    {
        "pk": 216, 
        "model": "core.filemeta", 
        "fields": {
            "delivery": 72, 
            "size": 41, 
            "filename": "helloworld.java"
        }
    }, 
    {
        "pk": 219, 
        "model": "core.filemeta", 
        "fields": {
            "delivery": 73, 
            "size": 41, 
            "filename": "helloworld.java"
        }
    }, 
    {
        "pk": 222, 
        "model": "core.filemeta", 
        "fields": {
            "delivery": 74, 
            "size": 41, 
            "filename": "helloworld.java"
        }
    }, 
    {
        "pk": 225, 
        "model": "core.filemeta", 
        "fields": {
            "delivery": 75, 
            "size": 41, 
            "filename": "helloworld.java"
        }
    }, 
    {
        "pk": 228, 
        "model": "core.filemeta", 
        "fields": {
            "delivery": 76, 
            "size": 41, 
            "filename": "helloworld.java"
        }
    }, 
    {
        "pk": 231, 
        "model": "core.filemeta", 
        "fields": {
            "delivery": 77, 
            "size": 41, 
            "filename": "helloworld.java"
        }
    }, 
    {
        "pk": 234, 
        "model": "core.filemeta", 
        "fields": {
            "delivery": 78, 
            "size": 41, 
            "filename": "helloworld.java"
        }
    }, 
    {
        "pk": 237, 
        "model": "core.filemeta", 
        "fields": {
            "delivery": 79, 
            "size": 41, 
            "filename": "helloworld.java"
        }
    }, 
    {
        "pk": 240, 
        "model": "core.filemeta", 
        "fields": {
            "delivery": 80, 
            "size": 41, 
            "filename": "helloworld.java"
        }
    }, 
    {
        "pk": 243, 
        "model": "core.filemeta", 
        "fields": {
            "delivery": 81, 
            "size": 41, 
            "filename": "helloworld.java"
        }
    }, 
    {
        "pk": 246, 
        "model": "core.filemeta", 
        "fields": {
            "delivery": 82, 
            "size": 41, 
            "filename": "helloworld.java"
        }
    }, 
    {
        "pk": 2, 
        "model": "core.filemeta", 
        "fields": {
            "delivery": 1, 
            "size": 19, 
            "filename": "helloworld.py"
        }
    }, 
    {
        "pk": 5, 
        "model": "core.filemeta", 
        "fields": {
            "delivery": 2, 
            "size": 19, 
            "filename": "helloworld.py"
        }
    }, 
    {
        "pk": 8, 
        "model": "core.filemeta", 
        "fields": {
            "delivery": 3, 
            "size": 19, 
            "filename": "helloworld.py"
        }
    }, 
    {
        "pk": 11, 
        "model": "core.filemeta", 
        "fields": {
            "delivery": 4, 
            "size": 19, 
            "filename": "helloworld.py"
        }
    }, 
    {
        "pk": 14, 
        "model": "core.filemeta", 
        "fields": {
            "delivery": 5, 
            "size": 19, 
            "filename": "helloworld.py"
        }
    }, 
    {
        "pk": 17, 
        "model": "core.filemeta", 
        "fields": {
            "delivery": 6, 
            "size": 19, 
            "filename": "helloworld.py"
        }
    }, 
    {
        "pk": 20, 
        "model": "core.filemeta", 
        "fields": {
            "delivery": 7, 
            "size": 19, 
            "filename": "helloworld.py"
        }
    }, 
    {
        "pk": 23, 
        "model": "core.filemeta", 
        "fields": {
            "delivery": 8, 
            "size": 19, 
            "filename": "helloworld.py"
        }
    }, 
    {
        "pk": 26, 
        "model": "core.filemeta", 
        "fields": {
            "delivery": 9, 
            "size": 19, 
            "filename": "helloworld.py"
        }
    }, 
    {
        "pk": 29, 
        "model": "core.filemeta", 
        "fields": {
            "delivery": 10, 
            "size": 19, 
            "filename": "helloworld.py"
        }
    }, 
    {
        "pk": 32, 
        "model": "core.filemeta", 
        "fields": {
            "delivery": 11, 
            "size": 19, 
            "filename": "helloworld.py"
        }
    }, 
    {
        "pk": 35, 
        "model": "core.filemeta", 
        "fields": {
            "delivery": 12, 
            "size": 19, 
            "filename": "helloworld.py"
        }
    }, 
    {
        "pk": 38, 
        "model": "core.filemeta", 
        "fields": {
            "delivery": 13, 
            "size": 19, 
            "filename": "helloworld.py"
        }
    }, 
    {
        "pk": 41, 
        "model": "core.filemeta", 
        "fields": {
            "delivery": 14, 
            "size": 19, 
            "filename": "helloworld.py"
        }
    }, 
    {
        "pk": 44, 
        "model": "core.filemeta", 
        "fields": {
            "delivery": 15, 
            "size": 19, 
            "filename": "helloworld.py"
        }
    }, 
    {
        "pk": 47, 
        "model": "core.filemeta", 
        "fields": {
            "delivery": 16, 
            "size": 19, 
            "filename": "helloworld.py"
        }
    }, 
    {
        "pk": 50, 
        "model": "core.filemeta", 
        "fields": {
            "delivery": 17, 
            "size": 19, 
            "filename": "helloworld.py"
        }
    }, 
    {
        "pk": 53, 
        "model": "core.filemeta", 
        "fields": {
            "delivery": 18, 
            "size": 19, 
            "filename": "helloworld.py"
        }
    }, 
    {
        "pk": 56, 
        "model": "core.filemeta", 
        "fields": {
            "delivery": 19, 
            "size": 19, 
            "filename": "helloworld.py"
        }
    }, 
    {
        "pk": 59, 
        "model": "core.filemeta", 
        "fields": {
            "delivery": 20, 
            "size": 19, 
            "filename": "helloworld.py"
        }
    }, 
    {
        "pk": 62, 
        "model": "core.filemeta", 
        "fields": {
            "delivery": 21, 
            "size": 19, 
            "filename": "helloworld.py"
        }
    }, 
    {
        "pk": 65, 
        "model": "core.filemeta", 
        "fields": {
            "delivery": 22, 
            "size": 19, 
            "filename": "helloworld.py"
        }
    }, 
    {
        "pk": 68, 
        "model": "core.filemeta", 
        "fields": {
            "delivery": 23, 
            "size": 19, 
            "filename": "helloworld.py"
        }
    }, 
    {
        "pk": 71, 
        "model": "core.filemeta", 
        "fields": {
            "delivery": 24, 
            "size": 19, 
            "filename": "helloworld.py"
        }
    }, 
    {
        "pk": 74, 
        "model": "core.filemeta", 
        "fields": {
            "delivery": 25, 
            "size": 19, 
            "filename": "helloworld.py"
        }
    }, 
    {
        "pk": 77, 
        "model": "core.filemeta", 
        "fields": {
            "delivery": 26, 
            "size": 19, 
            "filename": "helloworld.py"
        }
    }, 
    {
        "pk": 80, 
        "model": "core.filemeta", 
        "fields": {
            "delivery": 27, 
            "size": 19, 
            "filename": "helloworld.py"
        }
    }, 
    {
        "pk": 83, 
        "model": "core.filemeta", 
        "fields": {
            "delivery": 28, 
            "size": 19, 
            "filename": "helloworld.py"
        }
    }, 
    {
        "pk": 86, 
        "model": "core.filemeta", 
        "fields": {
            "delivery": 29, 
            "size": 19, 
            "filename": "helloworld.py"
        }
    }, 
    {
        "pk": 89, 
        "model": "core.filemeta", 
        "fields": {
            "delivery": 30, 
            "size": 19, 
            "filename": "helloworld.py"
        }
    }, 
    {
        "pk": 92, 
        "model": "core.filemeta", 
        "fields": {
            "delivery": 31, 
            "size": 19, 
            "filename": "helloworld.py"
        }
    }, 
    {
        "pk": 95, 
        "model": "core.filemeta", 
        "fields": {
            "delivery": 32, 
            "size": 19, 
            "filename": "helloworld.py"
        }
    }, 
    {
        "pk": 98, 
        "model": "core.filemeta", 
        "fields": {
            "delivery": 33, 
            "size": 19, 
            "filename": "helloworld.py"
        }
    }, 
    {
        "pk": 101, 
        "model": "core.filemeta", 
        "fields": {
            "delivery": 34, 
            "size": 19, 
            "filename": "helloworld.py"
        }
    }, 
    {
        "pk": 104, 
        "model": "core.filemeta", 
        "fields": {
            "delivery": 35, 
            "size": 19, 
            "filename": "helloworld.py"
        }
    }, 
    {
        "pk": 107, 
        "model": "core.filemeta", 
        "fields": {
            "delivery": 36, 
            "size": 19, 
            "filename": "helloworld.py"
        }
    }, 
    {
        "pk": 110, 
        "model": "core.filemeta", 
        "fields": {
            "delivery": 37, 
            "size": 19, 
            "filename": "helloworld.py"
        }
    }, 
    {
        "pk": 113, 
        "model": "core.filemeta", 
        "fields": {
            "delivery": 38, 
            "size": 19, 
            "filename": "helloworld.py"
        }
    }, 
    {
        "pk": 116, 
        "model": "core.filemeta", 
        "fields": {
            "delivery": 39, 
            "size": 19, 
            "filename": "helloworld.py"
        }
    }, 
    {
        "pk": 119, 
        "model": "core.filemeta", 
        "fields": {
            "delivery": 40, 
            "size": 19, 
            "filename": "helloworld.py"
        }
    }, 
    {
        "pk": 122, 
        "model": "core.filemeta", 
        "fields": {
            "delivery": 41, 
            "size": 19, 
            "filename": "helloworld.py"
        }
    }, 
    {
        "pk": 125, 
        "model": "core.filemeta", 
        "fields": {
            "delivery": 42, 
            "size": 19, 
            "filename": "helloworld.py"
        }
    }, 
    {
        "pk": 128, 
        "model": "core.filemeta", 
        "fields": {
            "delivery": 43, 
            "size": 19, 
            "filename": "helloworld.py"
        }
    }, 
    {
        "pk": 131, 
        "model": "core.filemeta", 
        "fields": {
            "delivery": 44, 
            "size": 19, 
            "filename": "helloworld.py"
        }
    }, 
    {
        "pk": 134, 
        "model": "core.filemeta", 
        "fields": {
            "delivery": 45, 
            "size": 19, 
            "filename": "helloworld.py"
        }
    }, 
    {
        "pk": 137, 
        "model": "core.filemeta", 
        "fields": {
            "delivery": 46, 
            "size": 19, 
            "filename": "helloworld.py"
        }
    }, 
    {
        "pk": 140, 
        "model": "core.filemeta", 
        "fields": {
            "delivery": 47, 
            "size": 19, 
            "filename": "helloworld.py"
        }
    }, 
    {
        "pk": 143, 
        "model": "core.filemeta", 
        "fields": {
            "delivery": 48, 
            "size": 19, 
            "filename": "helloworld.py"
        }
    }, 
    {
        "pk": 146, 
        "model": "core.filemeta", 
        "fields": {
            "delivery": 49, 
            "size": 19, 
            "filename": "helloworld.py"
        }
    }, 
    {
        "pk": 149, 
        "model": "core.filemeta", 
        "fields": {
            "delivery": 50, 
            "size": 19, 
            "filename": "helloworld.py"
        }
    }, 
    {
        "pk": 152, 
        "model": "core.filemeta", 
        "fields": {
            "delivery": 51, 
            "size": 19, 
            "filename": "helloworld.py"
        }
    }, 
    {
        "pk": 155, 
        "model": "core.filemeta", 
        "fields": {
            "delivery": 52, 
            "size": 19, 
            "filename": "helloworld.py"
        }
    }, 
    {
        "pk": 158, 
        "model": "core.filemeta", 
        "fields": {
            "delivery": 53, 
            "size": 19, 
            "filename": "helloworld.py"
        }
    }, 
    {
        "pk": 161, 
        "model": "core.filemeta", 
        "fields": {
            "delivery": 54, 
            "size": 19, 
            "filename": "helloworld.py"
        }
    }, 
    {
        "pk": 164, 
        "model": "core.filemeta", 
        "fields": {
            "delivery": 55, 
            "size": 19, 
            "filename": "helloworld.py"
        }
    }, 
    {
        "pk": 167, 
        "model": "core.filemeta", 
        "fields": {
            "delivery": 56, 
            "size": 19, 
            "filename": "helloworld.py"
        }
    }, 
    {
        "pk": 170, 
        "model": "core.filemeta", 
        "fields": {
            "delivery": 57, 
            "size": 19, 
            "filename": "helloworld.py"
        }
    }, 
    {
        "pk": 173, 
        "model": "core.filemeta", 
        "fields": {
            "delivery": 58, 
            "size": 19, 
            "filename": "helloworld.py"
        }
    }, 
    {
        "pk": 176, 
        "model": "core.filemeta", 
        "fields": {
            "delivery": 59, 
            "size": 19, 
            "filename": "helloworld.py"
        }
    }, 
    {
        "pk": 179, 
        "model": "core.filemeta", 
        "fields": {
            "delivery": 60, 
            "size": 19, 
            "filename": "helloworld.py"
        }
    }, 
    {
        "pk": 182, 
        "model": "core.filemeta", 
        "fields": {
            "delivery": 61, 
            "size": 19, 
            "filename": "helloworld.py"
        }
    }, 
    {
        "pk": 185, 
        "model": "core.filemeta", 
        "fields": {
            "delivery": 62, 
            "size": 19, 
            "filename": "helloworld.py"
        }
    }, 
    {
        "pk": 188, 
        "model": "core.filemeta", 
        "fields": {
            "delivery": 63, 
            "size": 19, 
            "filename": "helloworld.py"
        }
    }, 
    {
        "pk": 191, 
        "model": "core.filemeta", 
        "fields": {
            "delivery": 64, 
            "size": 19, 
            "filename": "helloworld.py"
        }
    }, 
    {
        "pk": 194, 
        "model": "core.filemeta", 
        "fields": {
            "delivery": 65, 
            "size": 19, 
            "filename": "helloworld.py"
        }
    }, 
    {
        "pk": 197, 
        "model": "core.filemeta", 
        "fields": {
            "delivery": 66, 
            "size": 19, 
            "filename": "helloworld.py"
        }
    }, 
    {
        "pk": 200, 
        "model": "core.filemeta", 
        "fields": {
            "delivery": 67, 
            "size": 19, 
            "filename": "helloworld.py"
        }
    }, 
    {
        "pk": 203, 
        "model": "core.filemeta", 
        "fields": {
            "delivery": 68, 
            "size": 19, 
            "filename": "helloworld.py"
        }
    }, 
    {
        "pk": 206, 
        "model": "core.filemeta", 
        "fields": {
            "delivery": 69, 
            "size": 19, 
            "filename": "helloworld.py"
        }
    }, 
    {
        "pk": 209, 
        "model": "core.filemeta", 
        "fields": {
            "delivery": 70, 
            "size": 19, 
            "filename": "helloworld.py"
        }
    }, 
    {
        "pk": 212, 
        "model": "core.filemeta", 
        "fields": {
            "delivery": 71, 
            "size": 19, 
            "filename": "helloworld.py"
        }
    }, 
    {
        "pk": 215, 
        "model": "core.filemeta", 
        "fields": {
            "delivery": 72, 
            "size": 19, 
            "filename": "helloworld.py"
        }
    }, 
    {
        "pk": 218, 
        "model": "core.filemeta", 
        "fields": {
            "delivery": 73, 
            "size": 19, 
            "filename": "helloworld.py"
        }
    }, 
    {
        "pk": 221, 
        "model": "core.filemeta", 
        "fields": {
            "delivery": 74, 
            "size": 19, 
            "filename": "helloworld.py"
        }
    }, 
    {
        "pk": 224, 
        "model": "core.filemeta", 
        "fields": {
            "delivery": 75, 
            "size": 19, 
            "filename": "helloworld.py"
        }
    }, 
    {
        "pk": 227, 
        "model": "core.filemeta", 
        "fields": {
            "delivery": 76, 
            "size": 19, 
            "filename": "helloworld.py"
        }
    }, 
    {
        "pk": 230, 
        "model": "core.filemeta", 
        "fields": {
            "delivery": 77, 
            "size": 19, 
            "filename": "helloworld.py"
        }
    }, 
    {
        "pk": 233, 
        "model": "core.filemeta", 
        "fields": {
            "delivery": 78, 
            "size": 19, 
            "filename": "helloworld.py"
        }
    }, 
    {
        "pk": 236, 
        "model": "core.filemeta", 
        "fields": {
            "delivery": 79, 
            "size": 19, 
            "filename": "helloworld.py"
        }
    }, 
    {
        "pk": 239, 
        "model": "core.filemeta", 
        "fields": {
            "delivery": 80, 
            "size": 19, 
            "filename": "helloworld.py"
        }
    }, 
    {
        "pk": 242, 
        "model": "core.filemeta", 
        "fields": {
            "delivery": 81, 
            "size": 19, 
            "filename": "helloworld.py"
        }
    }, 
    {
        "pk": 245, 
        "model": "core.filemeta", 
        "fields": {
            "delivery": 82, 
            "size": 19, 
            "filename": "helloworld.py"
        }
    }, 
    {
        "pk": 1, 
        "model": "core.filemeta", 
        "fields": {
            "delivery": 1, 
            "size": 17, 
            "filename": "helloworld.txt"
        }
    }, 
    {
        "pk": 4, 
        "model": "core.filemeta", 
        "fields": {
            "delivery": 2, 
            "size": 17, 
            "filename": "helloworld.txt"
        }
    }, 
    {
        "pk": 7, 
        "model": "core.filemeta", 
        "fields": {
            "delivery": 3, 
            "size": 17, 
            "filename": "helloworld.txt"
        }
    }, 
    {
        "pk": 10, 
        "model": "core.filemeta", 
        "fields": {
            "delivery": 4, 
            "size": 17, 
            "filename": "helloworld.txt"
        }
    }, 
    {
        "pk": 13, 
        "model": "core.filemeta", 
        "fields": {
            "delivery": 5, 
            "size": 17, 
            "filename": "helloworld.txt"
        }
    }, 
    {
        "pk": 16, 
        "model": "core.filemeta", 
        "fields": {
            "delivery": 6, 
            "size": 17, 
            "filename": "helloworld.txt"
        }
    }, 
    {
        "pk": 19, 
        "model": "core.filemeta", 
        "fields": {
            "delivery": 7, 
            "size": 17, 
            "filename": "helloworld.txt"
        }
    }, 
    {
        "pk": 22, 
        "model": "core.filemeta", 
        "fields": {
            "delivery": 8, 
            "size": 17, 
            "filename": "helloworld.txt"
        }
    }, 
    {
        "pk": 25, 
        "model": "core.filemeta", 
        "fields": {
            "delivery": 9, 
            "size": 17, 
            "filename": "helloworld.txt"
        }
    }, 
    {
        "pk": 28, 
        "model": "core.filemeta", 
        "fields": {
            "delivery": 10, 
            "size": 17, 
            "filename": "helloworld.txt"
        }
    }, 
    {
        "pk": 31, 
        "model": "core.filemeta", 
        "fields": {
            "delivery": 11, 
            "size": 17, 
            "filename": "helloworld.txt"
        }
    }, 
    {
        "pk": 34, 
        "model": "core.filemeta", 
        "fields": {
            "delivery": 12, 
            "size": 17, 
            "filename": "helloworld.txt"
        }
    }, 
    {
        "pk": 37, 
        "model": "core.filemeta", 
        "fields": {
            "delivery": 13, 
            "size": 17, 
            "filename": "helloworld.txt"
        }
    }, 
    {
        "pk": 40, 
        "model": "core.filemeta", 
        "fields": {
            "delivery": 14, 
            "size": 17, 
            "filename": "helloworld.txt"
        }
    }, 
    {
        "pk": 43, 
        "model": "core.filemeta", 
        "fields": {
            "delivery": 15, 
            "size": 17, 
            "filename": "helloworld.txt"
        }
    }, 
    {
        "pk": 46, 
        "model": "core.filemeta", 
        "fields": {
            "delivery": 16, 
            "size": 17, 
            "filename": "helloworld.txt"
        }
    }, 
    {
        "pk": 49, 
        "model": "core.filemeta", 
        "fields": {
            "delivery": 17, 
            "size": 17, 
            "filename": "helloworld.txt"
        }
    }, 
    {
        "pk": 52, 
        "model": "core.filemeta", 
        "fields": {
            "delivery": 18, 
            "size": 17, 
            "filename": "helloworld.txt"
        }
    }, 
    {
        "pk": 55, 
        "model": "core.filemeta", 
        "fields": {
            "delivery": 19, 
            "size": 17, 
            "filename": "helloworld.txt"
        }
    }, 
    {
        "pk": 58, 
        "model": "core.filemeta", 
        "fields": {
            "delivery": 20, 
            "size": 17, 
            "filename": "helloworld.txt"
        }
    }, 
    {
        "pk": 61, 
        "model": "core.filemeta", 
        "fields": {
            "delivery": 21, 
            "size": 17, 
            "filename": "helloworld.txt"
        }
    }, 
    {
        "pk": 64, 
        "model": "core.filemeta", 
        "fields": {
            "delivery": 22, 
            "size": 17, 
            "filename": "helloworld.txt"
        }
    }, 
    {
        "pk": 67, 
        "model": "core.filemeta", 
        "fields": {
            "delivery": 23, 
            "size": 17, 
            "filename": "helloworld.txt"
        }
    }, 
    {
        "pk": 70, 
        "model": "core.filemeta", 
        "fields": {
            "delivery": 24, 
            "size": 17, 
            "filename": "helloworld.txt"
        }
    }, 
    {
        "pk": 73, 
        "model": "core.filemeta", 
        "fields": {
            "delivery": 25, 
            "size": 17, 
            "filename": "helloworld.txt"
        }
    }, 
    {
        "pk": 76, 
        "model": "core.filemeta", 
        "fields": {
            "delivery": 26, 
            "size": 17, 
            "filename": "helloworld.txt"
        }
    }, 
    {
        "pk": 79, 
        "model": "core.filemeta", 
        "fields": {
            "delivery": 27, 
            "size": 17, 
            "filename": "helloworld.txt"
        }
    }, 
    {
        "pk": 82, 
        "model": "core.filemeta", 
        "fields": {
            "delivery": 28, 
            "size": 17, 
            "filename": "helloworld.txt"
        }
    }, 
    {
        "pk": 85, 
        "model": "core.filemeta", 
        "fields": {
            "delivery": 29, 
            "size": 17, 
            "filename": "helloworld.txt"
        }
    }, 
    {
        "pk": 88, 
        "model": "core.filemeta", 
        "fields": {
            "delivery": 30, 
            "size": 17, 
            "filename": "helloworld.txt"
        }
    }, 
    {
        "pk": 91, 
        "model": "core.filemeta", 
        "fields": {
            "delivery": 31, 
            "size": 17, 
            "filename": "helloworld.txt"
        }
    }, 
    {
        "pk": 94, 
        "model": "core.filemeta", 
        "fields": {
            "delivery": 32, 
            "size": 17, 
            "filename": "helloworld.txt"
        }
    }, 
    {
        "pk": 97, 
        "model": "core.filemeta", 
        "fields": {
            "delivery": 33, 
            "size": 17, 
            "filename": "helloworld.txt"
        }
    }, 
    {
        "pk": 100, 
        "model": "core.filemeta", 
        "fields": {
            "delivery": 34, 
            "size": 17, 
            "filename": "helloworld.txt"
        }
    }, 
    {
        "pk": 103, 
        "model": "core.filemeta", 
        "fields": {
            "delivery": 35, 
            "size": 17, 
            "filename": "helloworld.txt"
        }
    }, 
    {
        "pk": 106, 
        "model": "core.filemeta", 
        "fields": {
            "delivery": 36, 
            "size": 17, 
            "filename": "helloworld.txt"
        }
    }, 
    {
        "pk": 109, 
        "model": "core.filemeta", 
        "fields": {
            "delivery": 37, 
            "size": 17, 
            "filename": "helloworld.txt"
        }
    }, 
    {
        "pk": 112, 
        "model": "core.filemeta", 
        "fields": {
            "delivery": 38, 
            "size": 17, 
            "filename": "helloworld.txt"
        }
    }, 
    {
        "pk": 115, 
        "model": "core.filemeta", 
        "fields": {
            "delivery": 39, 
            "size": 17, 
            "filename": "helloworld.txt"
        }
    }, 
    {
        "pk": 118, 
        "model": "core.filemeta", 
        "fields": {
            "delivery": 40, 
            "size": 17, 
            "filename": "helloworld.txt"
        }
    }, 
    {
        "pk": 121, 
        "model": "core.filemeta", 
        "fields": {
            "delivery": 41, 
            "size": 17, 
            "filename": "helloworld.txt"
        }
    }, 
    {
        "pk": 124, 
        "model": "core.filemeta", 
        "fields": {
            "delivery": 42, 
            "size": 17, 
            "filename": "helloworld.txt"
        }
    }, 
    {
        "pk": 127, 
        "model": "core.filemeta", 
        "fields": {
            "delivery": 43, 
            "size": 17, 
            "filename": "helloworld.txt"
        }
    }, 
    {
        "pk": 130, 
        "model": "core.filemeta", 
        "fields": {
            "delivery": 44, 
            "size": 17, 
            "filename": "helloworld.txt"
        }
    }, 
    {
        "pk": 133, 
        "model": "core.filemeta", 
        "fields": {
            "delivery": 45, 
            "size": 17, 
            "filename": "helloworld.txt"
        }
    }, 
    {
        "pk": 136, 
        "model": "core.filemeta", 
        "fields": {
            "delivery": 46, 
            "size": 17, 
            "filename": "helloworld.txt"
        }
    }, 
    {
        "pk": 139, 
        "model": "core.filemeta", 
        "fields": {
            "delivery": 47, 
            "size": 17, 
            "filename": "helloworld.txt"
        }
    }, 
    {
        "pk": 142, 
        "model": "core.filemeta", 
        "fields": {
            "delivery": 48, 
            "size": 17, 
            "filename": "helloworld.txt"
        }
    }, 
    {
        "pk": 145, 
        "model": "core.filemeta", 
        "fields": {
            "delivery": 49, 
            "size": 17, 
            "filename": "helloworld.txt"
        }
    }, 
    {
        "pk": 148, 
        "model": "core.filemeta", 
        "fields": {
            "delivery": 50, 
            "size": 17, 
            "filename": "helloworld.txt"
        }
    }, 
    {
        "pk": 151, 
        "model": "core.filemeta", 
        "fields": {
            "delivery": 51, 
            "size": 17, 
            "filename": "helloworld.txt"
        }
    }, 
    {
        "pk": 154, 
        "model": "core.filemeta", 
        "fields": {
            "delivery": 52, 
            "size": 17, 
            "filename": "helloworld.txt"
        }
    }, 
    {
        "pk": 157, 
        "model": "core.filemeta", 
        "fields": {
            "delivery": 53, 
            "size": 17, 
            "filename": "helloworld.txt"
        }
    }, 
    {
        "pk": 160, 
        "model": "core.filemeta", 
        "fields": {
            "delivery": 54, 
            "size": 17, 
            "filename": "helloworld.txt"
        }
    }, 
    {
        "pk": 163, 
        "model": "core.filemeta", 
        "fields": {
            "delivery": 55, 
            "size": 17, 
            "filename": "helloworld.txt"
        }
    }, 
    {
        "pk": 166, 
        "model": "core.filemeta", 
        "fields": {
            "delivery": 56, 
            "size": 17, 
            "filename": "helloworld.txt"
        }
    }, 
    {
        "pk": 169, 
        "model": "core.filemeta", 
        "fields": {
            "delivery": 57, 
            "size": 17, 
            "filename": "helloworld.txt"
        }
    }, 
    {
        "pk": 172, 
        "model": "core.filemeta", 
        "fields": {
            "delivery": 58, 
            "size": 17, 
            "filename": "helloworld.txt"
        }
    }, 
    {
        "pk": 175, 
        "model": "core.filemeta", 
        "fields": {
            "delivery": 59, 
            "size": 17, 
            "filename": "helloworld.txt"
        }
    }, 
    {
        "pk": 178, 
        "model": "core.filemeta", 
        "fields": {
            "delivery": 60, 
            "size": 17, 
            "filename": "helloworld.txt"
        }
    }, 
    {
        "pk": 181, 
        "model": "core.filemeta", 
        "fields": {
            "delivery": 61, 
            "size": 17, 
            "filename": "helloworld.txt"
        }
    }, 
    {
        "pk": 184, 
        "model": "core.filemeta", 
        "fields": {
            "delivery": 62, 
            "size": 17, 
            "filename": "helloworld.txt"
        }
    }, 
    {
        "pk": 187, 
        "model": "core.filemeta", 
        "fields": {
            "delivery": 63, 
            "size": 17, 
            "filename": "helloworld.txt"
        }
    }, 
    {
        "pk": 190, 
        "model": "core.filemeta", 
        "fields": {
            "delivery": 64, 
            "size": 17, 
            "filename": "helloworld.txt"
        }
    }, 
    {
        "pk": 193, 
        "model": "core.filemeta", 
        "fields": {
            "delivery": 65, 
            "size": 17, 
            "filename": "helloworld.txt"
        }
    }, 
    {
        "pk": 196, 
        "model": "core.filemeta", 
        "fields": {
            "delivery": 66, 
            "size": 17, 
            "filename": "helloworld.txt"
        }
    }, 
    {
        "pk": 199, 
        "model": "core.filemeta", 
        "fields": {
            "delivery": 67, 
            "size": 17, 
            "filename": "helloworld.txt"
        }
    }, 
    {
        "pk": 202, 
        "model": "core.filemeta", 
        "fields": {
            "delivery": 68, 
            "size": 17, 
            "filename": "helloworld.txt"
        }
    }, 
    {
        "pk": 205, 
        "model": "core.filemeta", 
        "fields": {
            "delivery": 69, 
            "size": 17, 
            "filename": "helloworld.txt"
        }
    }, 
    {
        "pk": 208, 
        "model": "core.filemeta", 
        "fields": {
            "delivery": 70, 
            "size": 17, 
            "filename": "helloworld.txt"
        }
    }, 
    {
        "pk": 211, 
        "model": "core.filemeta", 
        "fields": {
            "delivery": 71, 
            "size": 17, 
            "filename": "helloworld.txt"
        }
    }, 
    {
        "pk": 214, 
        "model": "core.filemeta", 
        "fields": {
            "delivery": 72, 
            "size": 17, 
            "filename": "helloworld.txt"
        }
    }, 
    {
        "pk": 217, 
        "model": "core.filemeta", 
        "fields": {
            "delivery": 73, 
            "size": 17, 
            "filename": "helloworld.txt"
        }
    }, 
    {
        "pk": 220, 
        "model": "core.filemeta", 
        "fields": {
            "delivery": 74, 
            "size": 17, 
            "filename": "helloworld.txt"
        }
    }, 
    {
        "pk": 223, 
        "model": "core.filemeta", 
        "fields": {
            "delivery": 75, 
            "size": 17, 
            "filename": "helloworld.txt"
        }
    }, 
    {
        "pk": 226, 
        "model": "core.filemeta", 
        "fields": {
            "delivery": 76, 
            "size": 17, 
            "filename": "helloworld.txt"
        }
    }, 
    {
        "pk": 229, 
        "model": "core.filemeta", 
        "fields": {
            "delivery": 77, 
            "size": 17, 
            "filename": "helloworld.txt"
        }
    }, 
    {
        "pk": 232, 
        "model": "core.filemeta", 
        "fields": {
            "delivery": 78, 
            "size": 17, 
            "filename": "helloworld.txt"
        }
    }, 
    {
        "pk": 235, 
        "model": "core.filemeta", 
        "fields": {
            "delivery": 79, 
            "size": 17, 
            "filename": "helloworld.txt"
        }
    }, 
    {
        "pk": 238, 
        "model": "core.filemeta", 
        "fields": {
            "delivery": 80, 
            "size": 17, 
            "filename": "helloworld.txt"
        }
    }, 
    {
        "pk": 241, 
        "model": "core.filemeta", 
        "fields": {
            "delivery": 81, 
            "size": 17, 
            "filename": "helloworld.txt"
        }
    }, 
    {
        "pk": 244, 
        "model": "core.filemeta", 
        "fields": {
            "delivery": 82, 
            "size": 17, 
            "filename": "helloworld.txt"
        }
    }, 
    {
        "pk": 9, 
        "model": "auth.permission", 
        "fields": {
            "codename": "add_logentry", 
            "name": "Can add log entry", 
            "content_type": [
                "admin", 
                "logentry"
            ]
        }
    }, 
    {
        "pk": 8, 
        "model": "auth.permission", 
        "fields": {
            "codename": "change_logentry", 
            "name": "Can change log entry", 
            "content_type": [
                "admin", 
                "logentry"
            ]
        }
    }, 
    {
        "pk": 7, 
        "model": "auth.permission", 
        "fields": {
            "codename": "delete_logentry", 
            "name": "Can delete log entry", 
            "content_type": [
                "admin", 
                "logentry"
            ]
        }
    }, 
    {
        "pk": 39, 
        "model": "auth.permission", 
        "fields": {
            "codename": "add_group", 
            "name": "Can add group", 
            "content_type": [
                "auth", 
                "group"
            ]
        }
    }, 
    {
        "pk": 41, 
        "model": "auth.permission", 
        "fields": {
            "codename": "change_group", 
            "name": "Can change group", 
            "content_type": [
                "auth", 
                "group"
            ]
        }
    }, 
    {
        "pk": 37, 
        "model": "auth.permission", 
        "fields": {
            "codename": "delete_group", 
            "name": "Can delete group", 
            "content_type": [
                "auth", 
                "group"
            ]
        }
    }, 
    {
        "pk": 35, 
        "model": "auth.permission", 
        "fields": {
            "codename": "add_message", 
            "name": "Can add message", 
            "content_type": [
                "auth", 
                "message"
            ]
        }
    }, 
    {
        "pk": 40, 
        "model": "auth.permission", 
        "fields": {
            "codename": "change_message", 
            "name": "Can change message", 
            "content_type": [
                "auth", 
                "message"
            ]
        }
    }, 
    {
        "pk": 34, 
        "model": "auth.permission", 
        "fields": {
            "codename": "delete_message", 
            "name": "Can delete message", 
            "content_type": [
                "auth", 
                "message"
            ]
        }
    }, 
    {
        "pk": 42, 
        "model": "auth.permission", 
        "fields": {
            "codename": "add_permission", 
            "name": "Can add permission", 
            "content_type": [
                "auth", 
                "permission"
            ]
        }
    }, 
    {
        "pk": 36, 
        "model": "auth.permission", 
        "fields": {
            "codename": "change_permission", 
            "name": "Can change permission", 
            "content_type": [
                "auth", 
                "permission"
            ]
        }
    }, 
    {
        "pk": 45, 
        "model": "auth.permission", 
        "fields": {
            "codename": "delete_permission", 
            "name": "Can delete permission", 
            "content_type": [
                "auth", 
                "permission"
            ]
        }
    }, 
    {
        "pk": 43, 
        "model": "auth.permission", 
        "fields": {
            "codename": "add_user", 
            "name": "Can add user", 
            "content_type": [
                "auth", 
                "user"
            ]
        }
    }, 
    {
        "pk": 38, 
        "model": "auth.permission", 
        "fields": {
            "codename": "change_user", 
            "name": "Can change user", 
            "content_type": [
                "auth", 
                "user"
            ]
        }
    }, 
    {
        "pk": 44, 
        "model": "auth.permission", 
        "fields": {
            "codename": "delete_user", 
            "name": "Can delete user", 
            "content_type": [
                "auth", 
                "user"
            ]
        }
    }, 
    {
        "pk": 46, 
        "model": "auth.permission", 
        "fields": {
            "codename": "add_contenttype", 
            "name": "Can add content type", 
            "content_type": [
                "contenttypes", 
                "contenttype"
            ]
        }
    }, 
    {
        "pk": 48, 
        "model": "auth.permission", 
        "fields": {
            "codename": "change_contenttype", 
            "name": "Can change content type", 
            "content_type": [
                "contenttypes", 
                "contenttype"
            ]
        }
    }, 
    {
        "pk": 47, 
        "model": "auth.permission", 
        "fields": {
            "codename": "delete_contenttype", 
            "name": "Can delete content type", 
            "content_type": [
                "contenttypes", 
                "contenttype"
            ]
        }
    }, 
    {
        "pk": 78, 
        "model": "auth.permission", 
        "fields": {
            "codename": "add_assignment", 
            "name": "Can add Assignment", 
            "content_type": [
                "core", 
                "assignment"
            ]
        }
    }, 
    {
        "pk": 65, 
        "model": "auth.permission", 
        "fields": {
            "codename": "change_assignment", 
            "name": "Can change Assignment", 
            "content_type": [
                "core", 
                "assignment"
            ]
        }
    }, 
    {
        "pk": 55, 
        "model": "auth.permission", 
        "fields": {
            "codename": "delete_assignment", 
            "name": "Can delete Assignment", 
            "content_type": [
                "core", 
                "assignment"
            ]
        }
    }, 
    {
        "pk": 80, 
        "model": "auth.permission", 
        "fields": {
            "codename": "add_assignmentgroup", 
            "name": "Can add assignment group", 
            "content_type": [
                "core", 
                "assignmentgroup"
            ]
        }
    }, 
    {
        "pk": 60, 
        "model": "auth.permission", 
        "fields": {
            "codename": "change_assignmentgroup", 
            "name": "Can change assignment group", 
            "content_type": [
                "core", 
                "assignmentgroup"
            ]
        }
    }, 
    {
        "pk": 75, 
        "model": "auth.permission", 
        "fields": {
            "codename": "delete_assignmentgroup", 
            "name": "Can delete assignment group", 
            "content_type": [
                "core", 
                "assignmentgroup"
            ]
        }
    }, 
    {
        "pk": 66, 
        "model": "auth.permission", 
        "fields": {
            "codename": "add_candidate", 
            "name": "Can add candidate", 
            "content_type": [
                "core", 
                "candidate"
            ]
        }
    }, 
    {
        "pk": 59, 
        "model": "auth.permission", 
        "fields": {
            "codename": "change_candidate", 
            "name": "Can change candidate", 
            "content_type": [
                "core", 
                "candidate"
            ]
        }
    }, 
    {
        "pk": 54, 
        "model": "auth.permission", 
        "fields": {
            "codename": "delete_candidate", 
            "name": "Can delete candidate", 
            "content_type": [
                "core", 
                "candidate"
            ]
        }
    }, 
    {
        "pk": 63, 
        "model": "auth.permission", 
        "fields": {
            "codename": "add_deadline", 
            "name": "Can add Deadline", 
            "content_type": [
                "core", 
                "deadline"
            ]
        }
    }, 
    {
        "pk": 52, 
        "model": "auth.permission", 
        "fields": {
            "codename": "change_deadline", 
            "name": "Can change Deadline", 
            "content_type": [
                "core", 
                "deadline"
            ]
        }
    }, 
    {
        "pk": 72, 
        "model": "auth.permission", 
        "fields": {
            "codename": "delete_deadline", 
            "name": "Can delete Deadline", 
            "content_type": [
                "core", 
                "deadline"
            ]
        }
    }, 
    {
        "pk": 57, 
        "model": "auth.permission", 
        "fields": {
            "codename": "add_delivery", 
            "name": "Can add Delivery", 
            "content_type": [
                "core", 
                "delivery"
            ]
        }
    }, 
    {
        "pk": 77, 
        "model": "auth.permission", 
        "fields": {
            "codename": "change_delivery", 
            "name": "Can change Delivery", 
            "content_type": [
                "core", 
                "delivery"
            ]
        }
    }, 
    {
        "pk": 67, 
        "model": "auth.permission", 
        "fields": {
            "codename": "delete_delivery", 
            "name": "Can delete Delivery", 
            "content_type": [
                "core", 
                "delivery"
            ]
        }
    }, 
    {
        "pk": 58, 
        "model": "auth.permission", 
        "fields": {
            "codename": "add_feedback", 
            "name": "Can add feedback", 
            "content_type": [
                "core", 
                "feedback"
            ]
        }
    }, 
    {
        "pk": 69, 
        "model": "auth.permission", 
        "fields": {
            "codename": "change_feedback", 
            "name": "Can change feedback", 
            "content_type": [
                "core", 
                "feedback"
            ]
        }
    }, 
    {
        "pk": 76, 
        "model": "auth.permission", 
        "fields": {
            "codename": "delete_feedback", 
            "name": "Can delete feedback", 
            "content_type": [
                "core", 
                "feedback"
            ]
        }
    }, 
    {
        "pk": 73, 
        "model": "auth.permission", 
        "fields": {
            "codename": "add_filemeta", 
            "name": "Can add FileMeta", 
            "content_type": [
                "core", 
                "filemeta"
            ]
        }
    }, 
    {
        "pk": 71, 
        "model": "auth.permission", 
        "fields": {
            "codename": "change_filemeta", 
            "name": "Can change FileMeta", 
            "content_type": [
                "core", 
                "filemeta"
            ]
        }
    }, 
    {
        "pk": 56, 
        "model": "auth.permission", 
        "fields": {
            "codename": "delete_filemeta", 
            "name": "Can delete FileMeta", 
            "content_type": [
                "core", 
                "filemeta"
            ]
        }
    }, 
    {
        "pk": 50, 
        "model": "auth.permission", 
        "fields": {
            "codename": "add_grademodel", 
            "name": "Can add grade model", 
            "content_type": [
                "core", 
                "grademodel"
            ]
        }
    }, 
    {
        "pk": 49, 
        "model": "auth.permission", 
        "fields": {
            "codename": "change_grademodel", 
            "name": "Can change grade model", 
            "content_type": [
                "core", 
                "grademodel"
            ]
        }
    }, 
    {
        "pk": 62, 
        "model": "auth.permission", 
        "fields": {
            "codename": "delete_grademodel", 
            "name": "Can delete grade model", 
            "content_type": [
                "core", 
                "grademodel"
            ]
        }
    }, 
    {
        "pk": 61, 
        "model": "auth.permission", 
        "fields": {
            "codename": "add_node", 
            "name": "Can add Node", 
            "content_type": [
                "core", 
                "node"
            ]
        }
    }, 
    {
        "pk": 68, 
        "model": "auth.permission", 
        "fields": {
            "codename": "change_node", 
            "name": "Can change Node", 
            "content_type": [
                "core", 
                "node"
            ]
        }
    }, 
    {
        "pk": 64, 
        "model": "auth.permission", 
        "fields": {
            "codename": "delete_node", 
            "name": "Can delete Node", 
            "content_type": [
                "core", 
                "node"
            ]
        }
    }, 
    {
        "pk": 70, 
        "model": "auth.permission", 
        "fields": {
            "codename": "add_period", 
            "name": "Can add Period", 
            "content_type": [
                "core", 
                "period"
            ]
        }
    }, 
    {
        "pk": 81, 
        "model": "auth.permission", 
        "fields": {
            "codename": "change_period", 
            "name": "Can change Period", 
            "content_type": [
                "core", 
                "period"
            ]
        }
    }, 
    {
        "pk": 51, 
        "model": "auth.permission", 
        "fields": {
            "codename": "delete_period", 
            "name": "Can delete Period", 
            "content_type": [
                "core", 
                "period"
            ]
        }
    }, 
    {
        "pk": 74, 
        "model": "auth.permission", 
        "fields": {
            "codename": "add_subject", 
            "name": "Can add Subject", 
            "content_type": [
                "core", 
                "subject"
            ]
        }
    }, 
    {
        "pk": 79, 
        "model": "auth.permission", 
        "fields": {
            "codename": "change_subject", 
            "name": "Can change Subject", 
            "content_type": [
                "core", 
                "subject"
            ]
        }
    }, 
    {
        "pk": 53, 
        "model": "auth.permission", 
        "fields": {
            "codename": "delete_subject", 
            "name": "Can delete Subject", 
            "content_type": [
                "core", 
                "subject"
            ]
        }
    }, 
    {
        "pk": 10, 
        "model": "auth.permission", 
        "fields": {
            "codename": "add_approvedgrade", 
            "name": "Can add approved grade", 
            "content_type": [
                "grade_approved", 
                "approvedgrade"
            ]
        }
    }, 
    {
        "pk": 11, 
        "model": "auth.permission", 
        "fields": {
            "codename": "change_approvedgrade", 
            "name": "Can change approved grade", 
            "content_type": [
                "grade_approved", 
                "approvedgrade"
            ]
        }
    }, 
    {
        "pk": 12, 
        "model": "auth.permission", 
        "fields": {
            "codename": "delete_approvedgrade", 
            "name": "Can delete approved grade", 
            "content_type": [
                "grade_approved", 
                "approvedgrade"
            ]
        }
    }, 
    {
        "pk": 14, 
        "model": "auth.permission", 
        "fields": {
            "codename": "add_charfieldgrade", 
            "name": "Can add char field grade", 
            "content_type": [
                "grade_default", 
                "charfieldgrade"
            ]
        }
    }, 
    {
        "pk": 15, 
        "model": "auth.permission", 
        "fields": {
            "codename": "change_charfieldgrade", 
            "name": "Can change char field grade", 
            "content_type": [
                "grade_default", 
                "charfieldgrade"
            ]
        }
    }, 
    {
        "pk": 13, 
        "model": "auth.permission", 
        "fields": {
            "codename": "delete_charfieldgrade", 
            "name": "Can delete char field grade", 
            "content_type": [
                "grade_default", 
                "charfieldgrade"
            ]
        }
    }, 
    {
        "pk": 31, 
        "model": "auth.permission", 
        "fields": {
            "codename": "add_rstschemadefinition", 
            "name": "Can add rst schema definition", 
            "content_type": [
                "grade_rstschema", 
                "rstschemadefinition"
            ]
        }
    }, 
    {
        "pk": 29, 
        "model": "auth.permission", 
        "fields": {
            "codename": "change_rstschemadefinition", 
            "name": "Can change rst schema definition", 
            "content_type": [
                "grade_rstschema", 
                "rstschemadefinition"
            ]
        }
    }, 
    {
        "pk": 32, 
        "model": "auth.permission", 
        "fields": {
            "codename": "delete_rstschemadefinition", 
            "name": "Can delete rst schema definition", 
            "content_type": [
                "grade_rstschema", 
                "rstschemadefinition"
            ]
        }
    }, 
    {
        "pk": 28, 
        "model": "auth.permission", 
        "fields": {
            "codename": "add_rstschemagrade", 
            "name": "Can add rst schema grade", 
            "content_type": [
                "grade_rstschema", 
                "rstschemagrade"
            ]
        }
    }, 
    {
        "pk": 30, 
        "model": "auth.permission", 
        "fields": {
            "codename": "change_rstschemagrade", 
            "name": "Can change rst schema grade", 
            "content_type": [
                "grade_rstschema", 
                "rstschemagrade"
            ]
        }
    }, 
    {
        "pk": 33, 
        "model": "auth.permission", 
        "fields": {
            "codename": "delete_rstschemagrade", 
            "name": "Can delete rst schema grade", 
            "content_type": [
                "grade_rstschema", 
                "rstschemagrade"
            ]
        }
    }, 
    {
        "pk": 26, 
        "model": "auth.permission", 
        "fields": {
            "codename": "add_entry", 
            "name": "Can add entry", 
            "content_type": [
                "grade_schema", 
                "entry"
            ]
        }
    }, 
    {
        "pk": 17, 
        "model": "auth.permission", 
        "fields": {
            "codename": "change_entry", 
            "name": "Can change entry", 
            "content_type": [
                "grade_schema", 
                "entry"
            ]
        }
    }, 
    {
        "pk": 19, 
        "model": "auth.permission", 
        "fields": {
            "codename": "delete_entry", 
            "name": "Can delete entry", 
            "content_type": [
                "grade_schema", 
                "entry"
            ]
        }
    }, 
    {
        "pk": 20, 
        "model": "auth.permission", 
        "fields": {
            "codename": "add_result", 
            "name": "Can add result", 
            "content_type": [
                "grade_schema", 
                "result"
            ]
        }
    }, 
    {
        "pk": 24, 
        "model": "auth.permission", 
        "fields": {
            "codename": "change_result", 
            "name": "Can change result", 
            "content_type": [
                "grade_schema", 
                "result"
            ]
        }
    }, 
    {
        "pk": 16, 
        "model": "auth.permission", 
        "fields": {
            "codename": "delete_result", 
            "name": "Can delete result", 
            "content_type": [
                "grade_schema", 
                "result"
            ]
        }
    }, 
    {
        "pk": 27, 
        "model": "auth.permission", 
        "fields": {
            "codename": "add_schemagrade", 
            "name": "Can add schema grade", 
            "content_type": [
                "grade_schema", 
                "schemagrade"
            ]
        }
    }, 
    {
        "pk": 22, 
        "model": "auth.permission", 
        "fields": {
            "codename": "change_schemagrade", 
            "name": "Can change schema grade", 
            "content_type": [
                "grade_schema", 
                "schemagrade"
            ]
        }
    }, 
    {
        "pk": 25, 
        "model": "auth.permission", 
        "fields": {
            "codename": "delete_schemagrade", 
            "name": "Can delete schema grade", 
            "content_type": [
                "grade_schema", 
                "schemagrade"
            ]
        }
    }, 
    {
        "pk": 23, 
        "model": "auth.permission", 
        "fields": {
            "codename": "add_schemagraderesults", 
            "name": "Can add schema grade results", 
            "content_type": [
                "grade_schema", 
                "schemagraderesults"
            ]
        }
    }, 
    {
        "pk": 18, 
        "model": "auth.permission", 
        "fields": {
            "codename": "change_schemagraderesults", 
            "name": "Can change schema grade results", 
            "content_type": [
                "grade_schema", 
                "schemagraderesults"
            ]
        }
    }, 
    {
        "pk": 21, 
        "model": "auth.permission", 
        "fields": {
            "codename": "delete_schemagraderesults", 
            "name": "Can delete schema grade results", 
            "content_type": [
                "grade_schema", 
                "schemagraderesults"
            ]
        }
    }, 
    {
        "pk": 3, 
        "model": "auth.permission", 
        "fields": {
            "codename": "add_session", 
            "name": "Can add session", 
            "content_type": [
                "sessions", 
                "session"
            ]
        }
    }, 
    {
        "pk": 2, 
        "model": "auth.permission", 
        "fields": {
            "codename": "change_session", 
            "name": "Can change session", 
            "content_type": [
                "sessions", 
                "session"
            ]
        }
    }, 
    {
        "pk": 1, 
        "model": "auth.permission", 
        "fields": {
            "codename": "delete_session", 
            "name": "Can delete session", 
            "content_type": [
                "sessions", 
                "session"
            ]
        }
    }, 
    {
        "pk": 4, 
        "model": "auth.permission", 
        "fields": {
            "codename": "add_site", 
            "name": "Can add site", 
            "content_type": [
                "sites", 
                "site"
            ]
        }
    }, 
    {
        "pk": 6, 
        "model": "auth.permission", 
        "fields": {
            "codename": "change_site", 
            "name": "Can change site", 
            "content_type": [
                "sites", 
                "site"
            ]
        }
    }, 
    {
        "pk": 5, 
        "model": "auth.permission", 
        "fields": {
            "codename": "delete_site", 
            "name": "Can delete site", 
            "content_type": [
                "sites", 
                "site"
            ]
        }
    }, 
    {
        "pk": 1, 
        "model": "auth.user", 
        "fields": {
            "username": "grandma", 
            "first_name": "Elvira 'Grandma'", 
            "last_name": "Coot", 
            "is_active": true, 
            "is_superuser": true, 
            "is_staff": true, 
            "last_login": "2010-10-26 21:14:02", 
            "groups": [], 
            "user_permissions": [], 
            "password": "sha1$7b509$a73b4c9c803a2d5224c98f51f29630e77dce1ef4", 
            "email": "mail@example.com", 
            "date_joined": "2010-01-23 09:32:37"
        }
    }, 
    {
        "pk": 2, 
        "model": "auth.user", 
        "fields": {
            "username": "huey", 
            "first_name": "Huey", 
            "last_name": "Duck", 
            "is_active": true, 
            "is_superuser": false, 
            "is_staff": false, 
            "last_login": "2010-08-25 22:17:21", 
            "groups": [], 
            "user_permissions": [], 
            "password": "sha1$2c178$b02865f8883eb753cc6419cd95d7fe7f9a6bf9f5", 
            "email": "mail@example.com", 
            "date_joined": "2010-03-05 16:54:03"
        }
    }, 
    {
        "pk": 3, 
        "model": "auth.user", 
        "fields": {
            "username": "dewey", 
            "first_name": "Dewey", 
            "last_name": "Duck", 
            "is_active": true, 
            "is_superuser": false, 
            "is_staff": false, 
            "last_login": "2010-05-29 12:42:50", 
            "groups": [], 
            "user_permissions": [], 
            "password": "sha1$2c178$b02865f8883eb753cc6419cd95d7fe7f9a6bf9f5", 
            "email": "mail@example.com", 
            "date_joined": "2010-03-05 16:54:03"
        }
    }, 
    {
        "pk": 4, 
        "model": "auth.user", 
        "fields": {
            "username": "louie", 
            "first_name": "Louie", 
            "last_name": "Duck", 
            "is_active": true, 
            "is_superuser": false, 
            "is_staff": false, 
            "last_login": "2010-05-29 12:42:50", 
            "groups": [], 
            "user_permissions": [], 
            "password": "sha1$2c178$b02865f8883eb753cc6419cd95d7fe7f9a6bf9f5", 
            "email": "mail@example.com", 
            "date_joined": "2010-03-05 16:54:03"
        }
    }, 
    {
        "pk": 5, 
        "model": "auth.user", 
        "fields": {
            "username": "donald", 
            "first_name": "Donald", 
            "last_name": "Duck", 
            "is_active": true, 
            "is_superuser": false, 
            "is_staff": false, 
            "last_login": "2010-08-26 17:45:46", 
            "groups": [], 
            "user_permissions": [], 
            "password": "sha1$2c178$b02865f8883eb753cc6419cd95d7fe7f9a6bf9f5", 
            "email": "mail@example.com", 
            "date_joined": "2010-03-05 16:54:03"
        }
    }, 
    {
        "pk": 6, 
        "model": "auth.user", 
        "fields": {
            "username": "della", 
            "first_name": "Della", 
            "last_name": "Duck", 
            "is_active": true, 
            "is_superuser": false, 
            "is_staff": false, 
            "last_login": "2010-05-29 12:42:50", 
            "groups": [], 
            "user_permissions": [], 
            "password": "sha1$2c178$b02865f8883eb753cc6419cd95d7fe7f9a6bf9f5", 
            "email": "mail@example.com", 
            "date_joined": "2010-03-05 16:54:03"
        }
    }, 
    {
        "pk": 7, 
        "model": "auth.user", 
        "fields": {
            "username": "gladstone", 
            "first_name": "Gladstone", 
            "last_name": "Gander", 
            "is_active": true, 
            "is_superuser": false, 
            "is_staff": false, 
            "last_login": "2010-05-29 12:42:50", 
            "groups": [], 
            "user_permissions": [], 
            "password": "sha1$2c178$b02865f8883eb753cc6419cd95d7fe7f9a6bf9f5", 
            "email": "mail@example.com", 
            "date_joined": "2010-03-05 16:54:03"
        }
    }, 
    {
        "pk": 8, 
        "model": "auth.user", 
        "fields": {
            "username": "fethry", 
            "first_name": "Fethry", 
            "last_name": "Duck", 
            "is_active": true, 
            "is_superuser": false, 
            "is_staff": false, 
            "last_login": "2010-05-29 12:42:50", 
            "groups": [], 
            "user_permissions": [], 
            "password": "sha1$2c178$b02865f8883eb753cc6419cd95d7fe7f9a6bf9f5", 
            "email": "mail@example.com", 
            "date_joined": "2010-03-05 16:54:03"
        }
    }, 
    {
        "pk": 9, 
        "model": "auth.user", 
        "fields": {
            "username": "gus", 
            "first_name": "Gus", 
            "last_name": "Goose", 
            "is_active": true, 
            "is_superuser": false, 
            "is_staff": false, 
            "last_login": "2010-05-29 12:42:50", 
            "groups": [], 
            "user_permissions": [], 
            "password": "sha1$2c178$b02865f8883eb753cc6419cd95d7fe7f9a6bf9f5", 
            "email": "mail@example.com", 
            "date_joined": "2010-03-05 16:54:03"
        }
    }, 
    {
        "pk": 10, 
        "model": "auth.user", 
        "fields": {
            "username": "scrooge", 
            "first_name": "Scrooge", 
            "last_name": "McDuck", 
            "is_active": true, 
            "is_superuser": false, 
            "is_staff": false, 
            "last_login": "2010-05-29 12:42:50", 
            "groups": [], 
            "user_permissions": [], 
            "password": "sha1$2c178$b02865f8883eb753cc6419cd95d7fe7f9a6bf9f5", 
            "email": "mail@example.com", 
            "date_joined": "2010-03-05 16:54:03"
        }
    }, 
    {
        "pk": 11, 
        "model": "auth.user", 
        "fields": {
            "username": "matilda", 
            "first_name": "Matilda", 
            "last_name": "McDuck", 
            "is_active": true, 
            "is_superuser": false, 
            "is_staff": false, 
            "last_login": "2010-05-29 12:42:50", 
            "groups": [], 
            "user_permissions": [], 
            "password": "sha1$2c178$b02865f8883eb753cc6419cd95d7fe7f9a6bf9f5", 
            "email": "mail@example.com", 
            "date_joined": "2010-03-05 16:54:03"
        }
    }, 
    {
        "pk": 12, 
        "model": "auth.user", 
        "fields": {
            "username": "daisy", 
            "first_name": "Daisy", 
            "last_name": "Duck", 
            "is_active": true, 
            "is_superuser": false, 
            "is_staff": false, 
            "last_login": "2010-08-06 21:39:57", 
            "groups": [], 
            "user_permissions": [], 
            "password": "sha1$2c178$b02865f8883eb753cc6419cd95d7fe7f9a6bf9f5", 
            "email": "mail@example.com", 
            "date_joined": "2010-03-05 16:54:03"
        }
    }, 
    {
        "pk": 13, 
        "model": "auth.user", 
        "fields": {
            "username": "clarabelle", 
            "first_name": "Clarabelle", 
            "last_name": "Cow", 
            "is_active": true, 
            "is_superuser": false, 
            "is_staff": false, 
            "last_login": "2010-08-26 13:06:33", 
            "groups": [], 
            "user_permissions": [], 
            "password": "sha1$2c178$b02865f8883eb753cc6419cd95d7fe7f9a6bf9f5", 
            "email": "mail@example.com", 
            "date_joined": "2010-03-05 16:54:03"
        }
    }, 
    {
        "pk": 14, 
        "model": "auth.user", 
        "fields": {
            "username": "april", 
            "first_name": "April", 
            "last_name": "Duck", 
            "is_active": true, 
            "is_superuser": false, 
            "is_staff": false, 
            "last_login": "2010-08-05 18:26:29", 
            "groups": [], 
            "user_permissions": [], 
            "password": "sha1$2c178$b02865f8883eb753cc6419cd95d7fe7f9a6bf9f5", 
            "email": "mail@example.com", 
            "date_joined": "2010-03-05 16:54:03"
        }
    }, 
    {
        "pk": 15, 
        "model": "auth.user", 
        "fields": {
            "username": "may", 
            "first_name": "May", 
            "last_name": "Duck", 
            "is_active": true, 
            "is_superuser": false, 
            "is_staff": false, 
            "last_login": "2010-08-26 12:41:49", 
            "groups": [], 
            "user_permissions": [], 
            "password": "sha1$2c178$b02865f8883eb753cc6419cd95d7fe7f9a6bf9f5", 
            "email": "mail@example.com", 
            "date_joined": "2010-03-05 16:54:03"
        }
    }, 
    {
        "pk": 16, 
        "model": "auth.user", 
        "fields": {
            "username": "june", 
            "first_name": "June", 
            "last_name": "Duck", 
            "is_active": true, 
            "is_superuser": false, 
            "is_staff": false, 
            "last_login": "2010-10-19 02:11:52", 
            "groups": [], 
            "user_permissions": [], 
            "password": "sha1$2c178$b02865f8883eb753cc6419cd95d7fe7f9a6bf9f5", 
            "email": "mail@example.com", 
            "date_joined": "2010-03-05 16:54:03"
        }
    }, 
    {
        "pk": 17, 
        "model": "auth.user", 
        "fields": {
            "username": "pinocchio", 
            "first_name": "Pinocchio", 
            "last_name": "", 
            "is_active": true, 
            "is_superuser": false, 
            "is_staff": false, 
            "last_login": "2010-08-11 12:17:15", 
            "groups": [], 
            "user_permissions": [], 
            "password": "sha1$b6f97$4f19b2ce4979b4f2489966215755df6d120d66fd", 
            "email": "mail@example.com", 
            "date_joined": "2010-08-11 12:17:15"
        }
    }, 
    {
        "pk": 18, 
        "model": "auth.user", 
        "fields": {
            "username": "mowgli", 
            "first_name": "Mowgli", 
            "last_name": "", 
            "is_active": true, 
            "is_superuser": false, 
            "is_staff": false, 
            "last_login": "2010-08-11 12:17:42", 
            "groups": [], 
            "user_permissions": [], 
            "password": "sha1$1fda2$a6318c5175c77fe6b60442622e802f8144ef4fe3", 
            "email": "mail@example.com", 
            "date_joined": "2010-08-11 12:17:42"
        }
    }, 
    {
        "pk": 19, 
        "model": "auth.user", 
        "fields": {
            "username": "peterpan", 
            "first_name": "Peter", 
            "last_name": "Pan", 
            "is_active": true, 
            "is_superuser": false, 
            "is_staff": false, 
            "last_login": "2010-08-11 12:19:19", 
            "groups": [], 
            "user_permissions": [], 
            "password": "sha1$c85c2$cb6b4be3c25ec66087cb02fb3e98042f6162b71e", 
            "email": "mail@example.com", 
            "date_joined": "2010-08-11 12:19:19"
        }
    }, 
    {
        "pk": 20, 
        "model": "auth.user", 
        "fields": {
            "username": "wendy", 
            "first_name": "Wendy", 
            "last_name": "", 
            "is_active": true, 
            "is_superuser": false, 
            "is_staff": false, 
            "last_login": "2010-08-11 12:19:31", 
            "groups": [], 
            "user_permissions": [], 
            "password": "sha1$9a4ac$56bbd06b3f55155de56ad6472b83343c37663bd9", 
            "email": "mail@example.com", 
            "date_joined": "2010-08-11 12:19:31"
        }
    }, 
    {
        "pk": 21, 
        "model": "auth.user", 
        "fields": {
            "username": "simba", 
            "first_name": "Simba", 
            "last_name": "", 
            "is_active": true, 
            "is_superuser": false, 
            "is_staff": false, 
            "last_login": "2010-08-11 12:19:44", 
            "groups": [], 
            "user_permissions": [], 
            "password": "sha1$7271a$e6f99cf085377cd893543f58e95c7299270b2c05", 
            "email": "mail@example.com", 
            "date_joined": "2010-08-11 12:19:44"
        }
    }, 
    {
        "pk": 22, 
        "model": "auth.user", 
        "fields": {
            "username": "stud1", 
            "first_name": "", 
            "last_name": "", 
            "is_active": true, 
            "is_superuser": false, 
            "is_staff": false, 
            "last_login": "2010-08-25 20:56:03", 
            "groups": [], 
            "user_permissions": [], 
            "password": "sha1$242ef$6f4e1993398ca80258299579cf7a031bb9569b23", 
            "email": "", 
            "date_joined": "2010-08-25 20:56:03"
        }
    }, 
    {
        "pk": 23, 
        "model": "auth.user", 
        "fields": {
            "username": "stud2", 
            "first_name": "", 
            "last_name": "", 
            "is_active": true, 
            "is_superuser": false, 
            "is_staff": false, 
            "last_login": "2010-08-25 20:56:26", 
            "groups": [], 
            "user_permissions": [], 
            "password": "sha1$adb55$fb42a317ad674c47787cbc6e65f1b1fb26e26c0a", 
            "email": "", 
            "date_joined": "2010-08-25 20:56:26"
        }
    }, 
    {
        "pk": 24, 
        "model": "auth.user", 
        "fields": {
            "username": "stud3", 
            "first_name": "", 
            "last_name": "", 
            "is_active": true, 
            "is_superuser": false, 
            "is_staff": false, 
            "last_login": "2010-08-25 20:56:38", 
            "groups": [], 
            "user_permissions": [], 
            "password": "sha1$3b8d0$93da7a74ccd4db48dac25fab6267069a1e83d94f", 
            "email": "", 
            "date_joined": "2010-08-25 20:56:38"
        }
    }, 
    {
        "pk": 25, 
        "model": "auth.user", 
        "fields": {
            "username": "stud4", 
            "first_name": "", 
            "last_name": "", 
            "is_active": true, 
            "is_superuser": false, 
            "is_staff": false, 
            "last_login": "2010-08-25 20:56:54", 
            "groups": [], 
            "user_permissions": [], 
            "password": "sha1$e3edc$3656efd31b242fb3452095ab1851aec50b57aa8d", 
            "email": "", 
            "date_joined": "2010-08-25 20:56:54"
        }
    }, 
    {
        "pk": 26, 
        "model": "auth.user", 
        "fields": {
            "username": "stud5", 
            "first_name": "", 
            "last_name": "", 
            "is_active": true, 
            "is_superuser": false, 
            "is_staff": false, 
            "last_login": "2010-08-25 20:57:04", 
            "groups": [], 
            "user_permissions": [], 
            "password": "sha1$3f985$f62933f4b20bddb7abb8ab26fd4453df977f348d", 
            "email": "", 
            "date_joined": "2010-08-25 20:57:04"
        }
    }, 
    {
        "pk": 27, 
        "model": "auth.user", 
        "fields": {
            "username": "stud6", 
            "first_name": "", 
            "last_name": "", 
            "is_active": true, 
            "is_superuser": false, 
            "is_staff": false, 
            "last_login": "2010-08-25 20:57:14", 
            "groups": [], 
            "user_permissions": [], 
            "password": "sha1$9a0c4$716c5b86c3a7f3c4abefea627304906b6028ba50", 
            "email": "", 
            "date_joined": "2010-08-25 20:57:14"
        }
    }, 
    {
        "pk": 28, 
        "model": "auth.user", 
        "fields": {
            "username": "stud7", 
            "first_name": "", 
            "last_name": "", 
            "is_active": true, 
            "is_superuser": false, 
            "is_staff": false, 
            "last_login": "2010-08-25 20:57:23", 
            "groups": [], 
            "user_permissions": [], 
            "password": "sha1$48de8$dd3d119a67a6bf8ef19067fe1aa7e0a991c637fd", 
            "email": "", 
            "date_joined": "2010-08-25 20:57:23"
        }
    }, 
    {
        "pk": 29, 
        "model": "auth.user", 
        "fields": {
            "username": "stud8", 
            "first_name": "", 
            "last_name": "", 
            "is_active": true, 
            "is_superuser": false, 
            "is_staff": false, 
            "last_login": "2010-08-25 20:57:34", 
            "groups": [], 
            "user_permissions": [], 
            "password": "sha1$765d0$92c1017ab45f6d6f45773f93fa0b3d85dc51064f", 
            "email": "", 
            "date_joined": "2010-08-25 20:57:34"
        }
    }, 
    {
        "pk": 30, 
        "model": "auth.user", 
        "fields": {
            "username": "stud9", 
            "first_name": "", 
            "last_name": "", 
            "is_active": true, 
            "is_superuser": false, 
            "is_staff": false, 
            "last_login": "2010-08-25 20:57:44", 
            "groups": [], 
            "user_permissions": [], 
            "password": "sha1$2fb03$53b1eaebc5715b6c9a13b4deb52fdf5d8f652f4a", 
            "email": "", 
            "date_joined": "2010-08-25 20:57:44"
        }
    }, 
    {
        "pk": 31, 
        "model": "auth.user", 
        "fields": {
            "username": "stud10", 
            "first_name": "", 
            "last_name": "", 
            "is_active": true, 
            "is_superuser": false, 
            "is_staff": false, 
            "last_login": "2010-08-25 20:57:52", 
            "groups": [], 
            "user_permissions": [], 
            "password": "sha1$37f6d$a8ddc6f89a2f8b802df8755dafb53dd494fbde18", 
            "email": "", 
            "date_joined": "2010-08-25 20:57:52"
        }
    }, 
    {
        "pk": 32, 
        "model": "auth.user", 
        "fields": {
            "username": "stud11", 
            "first_name": "", 
            "last_name": "", 
            "is_active": true, 
            "is_superuser": false, 
            "is_staff": false, 
            "last_login": "2010-08-25 20:58:02", 
            "groups": [], 
            "user_permissions": [], 
            "password": "sha1$7e99b$88cecd7d118ec7d3f7b6156cf27442ce81bf87fe", 
            "email": "", 
            "date_joined": "2010-08-25 20:58:02"
        }
    }, 
    {
        "pk": 33, 
        "model": "auth.user", 
        "fields": {
            "username": "stud12", 
            "first_name": "", 
            "last_name": "", 
            "is_active": true, 
            "is_superuser": false, 
            "is_staff": false, 
            "last_login": "2010-08-25 20:58:11", 
            "groups": [], 
            "user_permissions": [], 
            "password": "sha1$11223$5d2a8cb212d037a0fc893f498fbb84e7c2c267bc", 
            "email": "", 
            "date_joined": "2010-08-25 20:58:11"
        }
    }, 
    {
        "pk": 34, 
        "model": "auth.user", 
        "fields": {
            "username": "stud13", 
            "first_name": "", 
            "last_name": "", 
            "is_active": true, 
            "is_superuser": false, 
            "is_staff": false, 
            "last_login": "2010-08-25 20:58:20", 
            "groups": [], 
            "user_permissions": [], 
            "password": "sha1$ac661$385d3668aca45eafaf33afccd1b98a2026264699", 
            "email": "", 
            "date_joined": "2010-08-25 20:58:20"
        }
    }, 
    {
        "pk": 35, 
        "model": "auth.user", 
        "fields": {
            "username": "stud14", 
            "first_name": "", 
            "last_name": "", 
            "is_active": true, 
            "is_superuser": false, 
            "is_staff": false, 
            "last_login": "2010-08-25 20:58:29", 
            "groups": [], 
            "user_permissions": [], 
            "password": "sha1$7687c$c80bc01cbaffda09fdcfc2cbbbad372ed02075c8", 
            "email": "", 
            "date_joined": "2010-08-25 20:58:29"
        }
    }, 
    {
        "pk": 36, 
        "model": "auth.user", 
        "fields": {
            "username": "stud15", 
            "first_name": "", 
            "last_name": "", 
            "is_active": true, 
            "is_superuser": false, 
            "is_staff": false, 
            "last_login": "2010-08-25 20:58:39", 
            "groups": [], 
            "user_permissions": [], 
            "password": "sha1$9a267$e2c9be5ac4cd0bfc4a3d290c0b3abc844d1d6cef", 
            "email": "", 
            "date_joined": "2010-08-25 20:58:39"
        }
    }, 
    {
        "pk": 37, 
        "model": "auth.user", 
        "fields": {
            "username": "stud16", 
            "first_name": "", 
            "last_name": "", 
            "is_active": true, 
            "is_superuser": false, 
            "is_staff": false, 
            "last_login": "2010-08-25 20:58:48", 
            "groups": [], 
            "user_permissions": [], 
            "password": "sha1$10ead$f3a7a64fdfa7bee89dba6a78ad63623265275e6a", 
            "email": "", 
            "date_joined": "2010-08-25 20:58:48"
        }
    }, 
    {
        "pk": 38, 
        "model": "auth.user", 
        "fields": {
            "username": "stud17", 
            "first_name": "", 
            "last_name": "", 
            "is_active": true, 
            "is_superuser": false, 
            "is_staff": false, 
            "last_login": "2010-08-25 20:58:56", 
            "groups": [], 
            "user_permissions": [], 
            "password": "sha1$1b195$c8c05529dbe02ae68b7cd3b04ec861acf0e72382", 
            "email": "", 
            "date_joined": "2010-08-25 20:58:56"
        }
    }, 
    {
        "pk": 39, 
        "model": "auth.user", 
        "fields": {
            "username": "stud19", 
            "first_name": "", 
            "last_name": "", 
            "is_active": true, 
            "is_superuser": false, 
            "is_staff": false, 
            "last_login": "2010-08-25 20:59:05", 
            "groups": [], 
            "user_permissions": [], 
            "password": "sha1$e1219$ca1ef0f378814c856105de0d1525171d2ae025bf", 
            "email": "", 
            "date_joined": "2010-08-25 20:59:05"
        }
    }, 
    {
        "pk": 40, 
        "model": "auth.user", 
        "fields": {
            "username": "stud20", 
            "first_name": "", 
            "last_name": "", 
            "is_active": true, 
            "is_superuser": false, 
            "is_staff": false, 
            "last_login": "2010-08-25 20:59:14", 
            "groups": [], 
            "user_permissions": [], 
            "password": "sha1$50a95$3b000bccfc241cdebd18ffab23ceb574b10c7cca", 
            "email": "", 
            "date_joined": "2010-08-25 20:59:14"
        }
    }, 
    {
        "pk": 41, 
        "model": "auth.user", 
        "fields": {
            "username": "stud18", 
            "first_name": "", 
            "last_name": "", 
            "is_active": true, 
            "is_superuser": false, 
            "is_staff": false, 
            "last_login": "2010-08-25 20:59:52", 
            "groups": [], 
            "user_permissions": [], 
            "password": "sha1$7a7c2$7ea7c0af0d4db08ac711e0e10a2a50860c945d79", 
            "email": "", 
            "date_joined": "2010-08-25 20:59:52"
        }
    }, 
    {
        "pk": 42, 
        "model": "auth.user", 
        "fields": {
            "username": "stud21", 
            "first_name": "", 
            "last_name": "", 
            "is_active": true, 
            "is_superuser": false, 
            "is_staff": false, 
            "last_login": "2010-08-26 16:30:22", 
            "groups": [], 
            "user_permissions": [], 
            "password": "sha1$e77ca$cc04f6d2841d5cdb044ce821ea2e47a41519df94", 
            "email": "", 
            "date_joined": "2010-08-26 16:30:22"
        }
    }, 
    {
        "pk": 43, 
        "model": "auth.user", 
        "fields": {
            "username": "stud22", 
            "first_name": "", 
            "last_name": "", 
            "is_active": true, 
            "is_superuser": false, 
            "is_staff": false, 
            "last_login": "2010-08-26 16:30:32", 
            "groups": [], 
            "user_permissions": [], 
            "password": "sha1$f61fb$19c457f5ac0aaba2b7d8465b3b92488232e21e6c", 
            "email": "", 
            "date_joined": "2010-08-26 16:30:32"
        }
    }, 
    {
        "pk": 44, 
        "model": "auth.user", 
        "fields": {
            "username": "stud23", 
            "first_name": "", 
            "last_name": "", 
            "is_active": true, 
            "is_superuser": false, 
            "is_staff": false, 
            "last_login": "2010-08-26 16:30:41", 
            "groups": [], 
            "user_permissions": [], 
            "password": "sha1$c87b4$012e90541338517e12cd608e27c3883021ff9677", 
            "email": "", 
            "date_joined": "2010-08-26 16:30:41"
        }
    }, 
    {
        "pk": 45, 
        "model": "auth.user", 
        "fields": {
            "username": "stud24", 
            "first_name": "", 
            "last_name": "", 
            "is_active": true, 
            "is_superuser": false, 
            "is_staff": false, 
            "last_login": "2010-08-26 16:30:53", 
            "groups": [], 
            "user_permissions": [], 
            "password": "sha1$7e398$c2896d1348b6d50d6e4598024874f0f66f35a9e9", 
            "email": "", 
            "date_joined": "2010-08-26 16:30:53"
        }
    }, 
    {
        "pk": 46, 
        "model": "auth.user", 
        "fields": {
            "username": "stud25", 
            "first_name": "", 
            "last_name": "", 
            "is_active": true, 
            "is_superuser": false, 
            "is_staff": false, 
            "last_login": "2010-08-26 16:31:02", 
            "groups": [], 
            "user_permissions": [], 
            "password": "sha1$23adf$0bfd65024e08cec0782b531d4c997ea373c1d829", 
            "email": "", 
            "date_joined": "2010-08-26 16:31:02"
        }
    }, 
    {
        "pk": 47, 
        "model": "auth.user", 
        "fields": {
            "username": "stud26", 
            "first_name": "", 
            "last_name": "", 
            "is_active": true, 
            "is_superuser": false, 
            "is_staff": false, 
            "last_login": "2010-08-26 16:31:11", 
            "groups": [], 
            "user_permissions": [], 
            "password": "sha1$70d6f$05c62254c69c928c5f72a01ae8aead74bcddd0ee", 
            "email": "", 
            "date_joined": "2010-08-26 16:31:11"
        }
    }, 
    {
        "pk": 48, 
        "model": "auth.user", 
        "fields": {
            "username": "stud27", 
            "first_name": "", 
            "last_name": "", 
            "is_active": true, 
            "is_superuser": false, 
            "is_staff": false, 
            "last_login": "2010-08-26 16:31:21", 
            "groups": [], 
            "user_permissions": [], 
            "password": "sha1$212fe$9adab07b5ae49ade3bd3dd9184354f8550df503f", 
            "email": "", 
            "date_joined": "2010-08-26 16:31:21"
        }
    }, 
    {
        "pk": 49, 
        "model": "auth.user", 
        "fields": {
            "username": "stud28", 
            "first_name": "", 
            "last_name": "", 
            "is_active": true, 
            "is_superuser": false, 
            "is_staff": false, 
            "last_login": "2010-08-26 16:31:29", 
            "groups": [], 
            "user_permissions": [], 
            "password": "sha1$2012d$915b3dc0e9b4bc05b5f370577a818feabfa56d54", 
            "email": "", 
            "date_joined": "2010-08-26 16:31:29"
        }
    }, 
    {
        "pk": 50, 
        "model": "auth.user", 
        "fields": {
            "username": "stud29", 
            "first_name": "", 
            "last_name": "", 
            "is_active": true, 
            "is_superuser": false, 
            "is_staff": false, 
            "last_login": "2010-08-26 16:31:49", 
            "groups": [], 
            "user_permissions": [], 
            "password": "sha1$cb15d$42b708f3a09ddc2cf846d84234622ec56741713b", 
            "email": "", 
            "date_joined": "2010-08-26 16:31:49"
        }
    }, 
    {
        "pk": 51, 
        "model": "auth.user", 
        "fields": {
            "username": "stud30", 
            "first_name": "", 
            "last_name": "", 
            "is_active": true, 
            "is_superuser": false, 
            "is_staff": false, 
            "last_login": "2010-08-26 16:32:02", 
            "groups": [], 
            "user_permissions": [], 
            "password": "sha1$914c8$21bdef351a2e08182e3f1a9c620191b0ca346d82", 
            "email": "", 
            "date_joined": "2010-08-26 16:32:02"
        }
    }, 
    {
        "pk": 52, 
        "model": "auth.user", 
        "fields": {
            "username": "student0", 
            "first_name": "", 
            "last_name": "", 
            "is_active": true, 
            "is_superuser": false, 
            "is_staff": false, 
            "last_login": "2010-11-14 16:22:05", 
            "groups": [], 
            "user_permissions": [], 
            "password": "sha1$40789$30affe07d20f7d2628bd72fa8b1609c9c16835d4", 
            "email": "", 
            "date_joined": "2010-11-14 16:22:05"
        }
    }, 
    {
        "pk": 53, 
        "model": "auth.user", 
        "fields": {
            "username": "student1", 
            "first_name": "", 
            "last_name": "", 
            "is_active": true, 
            "is_superuser": false, 
            "is_staff": false, 
            "last_login": "2010-11-14 16:22:05", 
            "groups": [], 
            "user_permissions": [], 
            "password": "sha1$0ada0$8bb78f42e1b9e10e6be78245b9900bd655352304", 
            "email": "", 
            "date_joined": "2010-11-14 16:22:05"
        }
    }, 
    {
        "pk": 54, 
        "model": "auth.user", 
        "fields": {
            "username": "student2", 
            "first_name": "", 
            "last_name": "", 
            "is_active": true, 
            "is_superuser": false, 
            "is_staff": false, 
            "last_login": "2010-11-14 16:22:05", 
            "groups": [], 
            "user_permissions": [], 
            "password": "sha1$f56af$1feb6de0bf20d4ef7460d8ecf68e701cd41b913c", 
            "email": "", 
            "date_joined": "2010-11-14 16:22:05"
        }
    }, 
    {
        "pk": 55, 
        "model": "auth.user", 
        "fields": {
            "username": "student3", 
            "first_name": "", 
            "last_name": "", 
            "is_active": true, 
            "is_superuser": false, 
            "is_staff": false, 
            "last_login": "2010-11-14 16:22:05", 
            "groups": [], 
            "user_permissions": [], 
            "password": "sha1$acd7d$167fd926960f45b39dcac12aff1999adf0489f27", 
            "email": "", 
            "date_joined": "2010-11-14 16:22:05"
        }
    }, 
    {
        "pk": 56, 
        "model": "auth.user", 
        "fields": {
            "username": "student4", 
            "first_name": "", 
            "last_name": "", 
            "is_active": true, 
            "is_superuser": false, 
            "is_staff": false, 
            "last_login": "2010-11-14 16:22:05", 
            "groups": [], 
            "user_permissions": [], 
            "password": "sha1$9e5fc$89bd1146bc7023c50610b9e7717531743352f67e", 
            "email": "", 
            "date_joined": "2010-11-14 16:22:05"
        }
    }, 
    {
        "pk": 57, 
        "model": "auth.user", 
        "fields": {
            "username": "student5", 
            "first_name": "", 
            "last_name": "", 
            "is_active": true, 
            "is_superuser": false, 
            "is_staff": false, 
            "last_login": "2010-11-14 16:22:05", 
            "groups": [], 
            "user_permissions": [], 
            "password": "sha1$781af$01fe829a4e8d46aba896e462192185f6225048ae", 
            "email": "", 
            "date_joined": "2010-11-14 16:22:05"
        }
    }, 
    {
        "pk": 58, 
        "model": "auth.user", 
        "fields": {
            "username": "student6", 
            "first_name": "", 
            "last_name": "", 
            "is_active": true, 
            "is_superuser": false, 
            "is_staff": false, 
            "last_login": "2010-11-14 16:22:05", 
            "groups": [], 
            "user_permissions": [], 
            "password": "sha1$a5a99$1edb0d0f88778eed1f0c80bcdd8e7790baf3b130", 
            "email": "", 
            "date_joined": "2010-11-14 16:22:05"
        }
    }, 
    {
        "pk": 59, 
        "model": "auth.user", 
        "fields": {
            "username": "student7", 
            "first_name": "", 
            "last_name": "", 
            "is_active": true, 
            "is_superuser": false, 
            "is_staff": false, 
            "last_login": "2010-11-14 16:22:05", 
            "groups": [], 
            "user_permissions": [], 
            "password": "sha1$e24ac$0d97f2fe01db561d4768807fad53abc97bab0623", 
            "email": "", 
            "date_joined": "2010-11-14 16:22:05"
        }
    }, 
    {
        "pk": 60, 
        "model": "auth.user", 
        "fields": {
            "username": "student8", 
            "first_name": "", 
            "last_name": "", 
            "is_active": true, 
            "is_superuser": false, 
            "is_staff": false, 
            "last_login": "2010-11-14 16:22:05", 
            "groups": [], 
            "user_permissions": [], 
            "password": "sha1$3db4b$4403d90c9b5e51b452b4ff517ae7eea217e49adc", 
            "email": "", 
            "date_joined": "2010-11-14 16:22:05"
        }
    }, 
    {
        "pk": 61, 
        "model": "auth.user", 
        "fields": {
            "username": "student9", 
            "first_name": "", 
            "last_name": "", 
            "is_active": true, 
            "is_superuser": false, 
            "is_staff": false, 
            "last_login": "2010-11-14 16:22:05", 
            "groups": [], 
            "user_permissions": [], 
            "password": "sha1$4d309$be7315fff84cfc5b9560b816691e7dd15f1face0", 
            "email": "", 
            "date_joined": "2010-11-14 16:22:05"
        }
    }, 
    {
        "pk": 62, 
        "model": "auth.user", 
        "fields": {
            "username": "examiner0", 
            "first_name": "", 
            "last_name": "", 
            "is_active": true, 
            "is_superuser": false, 
            "is_staff": false, 
            "last_login": "2010-11-14 16:22:05", 
            "groups": [], 
            "user_permissions": [], 
            "password": "sha1$76383$ec48c9029a40560b1b74913a85d248e5edf2cc4b", 
            "email": "", 
            "date_joined": "2010-11-14 16:22:05"
        }
    }, 
    {
        "pk": 63, 
        "model": "auth.user", 
        "fields": {
            "username": "examiner1", 
            "first_name": "", 
            "last_name": "", 
            "is_active": true, 
            "is_superuser": false, 
            "is_staff": false, 
            "last_login": "2010-11-14 16:22:05", 
            "groups": [], 
            "user_permissions": [], 
            "password": "sha1$719e4$8b3d00dce0e62a800f71f11126f98ffc363b834d", 
            "email": "", 
            "date_joined": "2010-11-14 16:22:05"
        }
    }, 
    {
        "pk": 64, 
        "model": "auth.user", 
        "fields": {
            "username": "projstud0", 
            "first_name": "", 
            "last_name": "", 
            "is_active": true, 
            "is_superuser": false, 
            "is_staff": false, 
            "last_login": "2010-11-14 16:22:16", 
            "groups": [], 
            "user_permissions": [], 
            "password": "sha1$8e425$6c639b6aae0291435fa37b6d4e7de7c2ff738f54", 
            "email": "", 
            "date_joined": "2010-11-14 16:22:16"
        }
    }, 
    {
        "pk": 65, 
        "model": "auth.user", 
        "fields": {
            "username": "projstud1", 
            "first_name": "", 
            "last_name": "", 
            "is_active": true, 
            "is_superuser": false, 
            "is_staff": false, 
            "last_login": "2010-11-14 16:22:16", 
            "groups": [], 
            "user_permissions": [], 
            "password": "sha1$bee7b$8be14891e6e3e4bcd15f5891422fc9ab3446657e", 
            "email": "", 
            "date_joined": "2010-11-14 16:22:16"
        }
    }, 
    {
        "pk": 66, 
        "model": "auth.user", 
        "fields": {
            "username": "projstud2", 
            "first_name": "", 
            "last_name": "", 
            "is_active": true, 
            "is_superuser": false, 
            "is_staff": false, 
            "last_login": "2010-11-14 16:22:16", 
            "groups": [], 
            "user_permissions": [], 
            "password": "sha1$a9ca2$64c8d1f4c15b2dad359235b9da082f7f83aa1ff9", 
            "email": "", 
            "date_joined": "2010-11-14 16:22:16"
        }
    }, 
    {
        "pk": 67, 
        "model": "auth.user", 
        "fields": {
            "username": "projstud3", 
            "first_name": "", 
            "last_name": "", 
            "is_active": true, 
            "is_superuser": false, 
            "is_staff": false, 
            "last_login": "2010-11-14 16:22:16", 
            "groups": [], 
            "user_permissions": [], 
            "password": "sha1$42157$f130a62870991381c4cc4d6b40fc9c412412f5b7", 
            "email": "", 
            "date_joined": "2010-11-14 16:22:16"
        }
    }, 
    {
        "pk": 68, 
        "model": "auth.user", 
        "fields": {
            "username": "projstud4", 
            "first_name": "", 
            "last_name": "", 
            "is_active": true, 
            "is_superuser": false, 
            "is_staff": false, 
            "last_login": "2010-11-14 16:22:16", 
            "groups": [], 
            "user_permissions": [], 
            "password": "sha1$5b734$05e3c73fd1d56d264c4db0d309ab223920e12699", 
            "email": "", 
            "date_joined": "2010-11-14 16:22:16"
        }
    }, 
    {
        "pk": 69, 
        "model": "auth.user", 
        "fields": {
            "username": "projstud5", 
            "first_name": "", 
            "last_name": "", 
            "is_active": true, 
            "is_superuser": false, 
            "is_staff": false, 
            "last_login": "2010-11-14 16:22:16", 
            "groups": [], 
            "user_permissions": [], 
            "password": "sha1$dbc30$0cc7dcb6ff37e52fc72acb904032091b983acd60", 
            "email": "", 
            "date_joined": "2010-11-14 16:22:16"
        }
    }, 
    {
        "pk": 70, 
        "model": "auth.user", 
        "fields": {
            "username": "projstud6", 
            "first_name": "", 
            "last_name": "", 
            "is_active": true, 
            "is_superuser": false, 
            "is_staff": false, 
            "last_login": "2010-11-14 16:22:16", 
            "groups": [], 
            "user_permissions": [], 
            "password": "sha1$514b5$b3962560849a3d1448f7126277debcf73c7a4e97", 
            "email": "", 
            "date_joined": "2010-11-14 16:22:16"
        }
    }, 
    {
        "pk": 71, 
        "model": "auth.user", 
        "fields": {
            "username": "projstud7", 
            "first_name": "", 
            "last_name": "", 
            "is_active": true, 
            "is_superuser": false, 
            "is_staff": false, 
            "last_login": "2010-11-14 16:22:16", 
            "groups": [], 
            "user_permissions": [], 
            "password": "sha1$4646e$f1334e493130eee6589a3b51b95af0023abea5e9", 
            "email": "", 
            "date_joined": "2010-11-14 16:22:16"
        }
    }, 
    {
        "pk": 72, 
        "model": "auth.user", 
        "fields": {
            "username": "projstud8", 
            "first_name": "", 
            "last_name": "", 
            "is_active": true, 
            "is_superuser": false, 
            "is_staff": false, 
            "last_login": "2010-11-14 16:22:16", 
            "groups": [], 
            "user_permissions": [], 
            "password": "sha1$dd543$9960d5b52a2c336b3716173ccc5efccfb10321ee", 
            "email": "", 
            "date_joined": "2010-11-14 16:22:16"
        }
    }, 
    {
        "pk": 73, 
        "model": "auth.user", 
        "fields": {
            "username": "projstud9", 
            "first_name": "", 
            "last_name": "", 
            "is_active": true, 
            "is_superuser": false, 
            "is_staff": false, 
            "last_login": "2010-11-14 16:22:16", 
            "groups": [], 
            "user_permissions": [], 
            "password": "sha1$167dd$df7aa4d43f2096d8df635161b919c3a952061254", 
            "email": "", 
            "date_joined": "2010-11-14 16:22:16"
        }
    }
]