[
  {
    "pk": 1, 
    "model": "sites.site", 
    "fields": {
      "domain": "example.com", 
      "name": "example.com"
    }
  }, 
  {
    "pk": 69, 
    "model": "grade_approved.approvedgrade", 
    "fields": {
      "approved": false
    }
  }, 
  {
    "pk": 70, 
    "model": "grade_approved.approvedgrade", 
    "fields": {
      "approved": false
    }
  }, 
  {
    "pk": 71, 
    "model": "grade_approved.approvedgrade", 
    "fields": {
      "approved": false
    }
  }, 
  {
    "pk": 72, 
    "model": "grade_approved.approvedgrade", 
    "fields": {
      "approved": false
    }
  }, 
  {
    "pk": 73, 
    "model": "grade_approved.approvedgrade", 
    "fields": {
      "approved": false
    }
  }, 
  {
    "pk": 74, 
    "model": "grade_approved.approvedgrade", 
    "fields": {
      "approved": false
    }
  }, 
  {
    "pk": 75, 
    "model": "grade_approved.approvedgrade", 
    "fields": {
      "approved": false
    }
  }, 
  {
    "pk": 76, 
    "model": "grade_approved.approvedgrade", 
    "fields": {
      "approved": true
    }
  }, 
  {
    "pk": 77, 
    "model": "grade_approved.approvedgrade", 
    "fields": {
      "approved": true
    }
  }, 
  {
    "pk": 78, 
    "model": "grade_approved.approvedgrade", 
    "fields": {
      "approved": true
    }
  }, 
  {
    "pk": 79, 
    "model": "grade_approved.approvedgrade", 
    "fields": {
      "approved": true
    }
  }, 
  {
    "pk": 1, 
    "model": "grade_rstschema.rstschemadefinition", 
    "fields": {
      "maxpoints": 14, 
      "grade_to_points_mapping": null, 
      "let_students_see_schema": true, 
      "schemadef": "This is a schema. The schema author can write more\nor less anything they want. They can make headings and organize questions if\nneeded.\n\nA heading\n#########\n\nIs the assignment usable?\n\n.. field:: no/yes\n\nA subheading\n============\n\nRate the overall quality:\n\n.. field:: 0-13\n"
    }
  }, 
  {
    "pk": 2, 
    "model": "grade_rstschema.rstschemadefinition", 
    "fields": {
      "maxpoints": 10, 
      "grade_to_points_mapping": null, 
      "let_students_see_schema": true, 
      "schemadef": "This is a schema. The schema author can write more\nor less anything they want. They can make headings and organize questions if\nneeded.\n\nA heading\n#########\n\nIs the assignment usable?\n\n.. field:: no/yes\n\nA subheading\n============\n\nRate the overall quality:\n\n.. field:: 0-9\n"
    }
  }, 
  {
    "pk": 3, 
    "model": "grade_rstschema.rstschemadefinition", 
    "fields": {
      "maxpoints": 9, 
      "grade_to_points_mapping": null, 
      "let_students_see_schema": true, 
      "schemadef": "This is a schema. The schema author can write more\nor less anything they want. They can make headings and organize questions if\nneeded.\n\nA heading\n#########\n\nIs the assignment usable?\n\n.. field:: no/yes\n\nA subheading\n============\n\nRate the overall quality:\n\n.. field:: 0-8\n"
    }
  }, 
  {
    "pk": 4, 
    "model": "grade_rstschema.rstschemadefinition", 
    "fields": {
      "maxpoints": 12, 
      "grade_to_points_mapping": null, 
      "let_students_see_schema": true, 
      "schemadef": "This is a schema. The schema author can write more\nor less anything they want. They can make headings and organize questions if\nneeded.\n\nA heading\n#########\n\nIs the assignment usable?\n\n.. field:: no/yes\n\nA subheading\n============\n\nRate the overall quality:\n\n.. field:: 0-11\n"
    }
  }, 
  {
    "pk": 5, 
    "model": "grade_rstschema.rstschemadefinition", 
    "fields": {
      "maxpoints": 11, 
      "grade_to_points_mapping": null, 
      "let_students_see_schema": true, 
      "schemadef": "This is a schema. The schema author can write more\nor less anything they want. They can make headings and organize questions if\nneeded.\n\nA heading\n#########\n\nIs the assignment usable?\n\n.. field:: no/yes\n\nA subheading\n============\n\nRate the overall quality:\n\n.. field:: 0-10\n"
    }
  }, 
  {
    "pk": 6, 
    "model": "grade_rstschema.rstschemadefinition", 
    "fields": {
      "maxpoints": 9, 
      "grade_to_points_mapping": null, 
      "let_students_see_schema": true, 
      "schemadef": "This is a schema. The schema author can write more\nor less anything they want. They can make headings and organize questions if\nneeded.\n\nA heading\n#########\n\nIs the assignment usable?\n\n.. field:: no/yes\n\nA subheading\n============\n\nRate the overall quality:\n\n.. field:: 0-8\n"
    }
  }, 
  {
    "pk": 7, 
    "model": "grade_rstschema.rstschemadefinition", 
    "fields": {
      "maxpoints": 8, 
      "grade_to_points_mapping": null, 
      "let_students_see_schema": true, 
      "schemadef": "This is a schema. The schema author can write more\nor less anything they want. They can make headings and organize questions if\nneeded.\n\nA heading\n#########\n\nIs the assignment usable?\n\n.. field:: no/yes\n\nA subheading\n============\n\nRate the overall quality:\n\n.. field:: 0-7\n"
    }
  }, 
  {
    "pk": 1, 
    "model": "grade_rstschema.rstschemagrade", 
    "fields": {
      "points": 14, 
      "schema": "This is a schema. The schema author can write more\nor less anything they want. They can make headings and organize questions if\nneeded.\n\nA heading\n#########\n\nIs the assignment usable? [no/yes]\n[[[ yes ]]]\n\nA subheading\n============\n\nRate the overall quality: [0-13]\n[[[ 13 ]]]\n"
    }
  }, 
  {
    "pk": 2, 
    "model": "grade_rstschema.rstschemagrade", 
    "fields": {
      "points": 13, 
      "schema": "This is a schema. The schema author can write more\nor less anything they want. They can make headings and organize questions if\nneeded.\n\nA heading\n#########\n\nIs the assignment usable? [no/yes]\n[[[ yes ]]]\n\nA subheading\n============\n\nRate the overall quality: [0-13]\n[[[ 12 ]]]\n"
    }
  }, 
  {
    "pk": 3, 
    "model": "grade_rstschema.rstschemagrade", 
    "fields": {
      "points": 12, 
      "schema": "This is a schema. The schema author can write more\nor less anything they want. They can make headings and organize questions if\nneeded.\n\nA heading\n#########\n\nIs the assignment usable? [no/yes]\n[[[ yes ]]]\n\nA subheading\n============\n\nRate the overall quality: [0-13]\n[[[ 11 ]]]\n"
    }
  }, 
  {
    "pk": 4, 
    "model": "grade_rstschema.rstschemagrade", 
    "fields": {
      "points": 11, 
      "schema": "This is a schema. The schema author can write more\nor less anything they want. They can make headings and organize questions if\nneeded.\n\nA heading\n#########\n\nIs the assignment usable? [no/yes]\n[[[ yes ]]]\n\nA subheading\n============\n\nRate the overall quality: [0-13]\n[[[ 10 ]]]\n"
    }
  }, 
  {
    "pk": 5, 
    "model": "grade_rstschema.rstschemagrade", 
    "fields": {
      "points": 10, 
      "schema": "This is a schema. The schema author can write more\nor less anything they want. They can make headings and organize questions if\nneeded.\n\nA heading\n#########\n\nIs the assignment usable? [no/yes]\n[[[ yes ]]]\n\nA subheading\n============\n\nRate the overall quality: [0-13]\n[[[ 9 ]]]\n"
    }
  }, 
  {
    "pk": 6, 
    "model": "grade_rstschema.rstschemagrade", 
    "fields": {
      "points": 9, 
      "schema": "This is a schema. The schema author can write more\nor less anything they want. They can make headings and organize questions if\nneeded.\n\nA heading\n#########\n\nIs the assignment usable? [no/yes]\n[[[ yes ]]]\n\nA subheading\n============\n\nRate the overall quality: [0-13]\n[[[ 8 ]]]\n"
    }
  }, 
  {
    "pk": 7, 
    "model": "grade_rstschema.rstschemagrade", 
    "fields": {
      "points": 9, 
      "schema": "This is a schema. The schema author can write more\nor less anything they want. They can make headings and organize questions if\nneeded.\n\nA heading\n#########\n\nIs the assignment usable? [no/yes]\n[[[ yes ]]]\n\nA subheading\n============\n\nRate the overall quality: [0-13]\n[[[ 8 ]]]\n"
    }
  }, 
  {
    "pk": 8, 
    "model": "grade_rstschema.rstschemagrade", 
    "fields": {
      "points": 6, 
      "schema": "This is a schema. The schema author can write more\nor less anything they want. They can make headings and organize questions if\nneeded.\n\nA heading\n#########\n\nIs the assignment usable? [no/yes]\n[[[ yes ]]]\n\nA subheading\n============\n\nRate the overall quality: [0-13]\n[[[ 5 ]]]\n"
    }
  }, 
  {
    "pk": 9, 
    "model": "grade_rstschema.rstschemagrade", 
    "fields": {
      "points": 6, 
      "schema": "This is a schema. The schema author can write more\nor less anything they want. They can make headings and organize questions if\nneeded.\n\nA heading\n#########\n\nIs the assignment usable? [no/yes]\n[[[ yes ]]]\n\nA subheading\n============\n\nRate the overall quality: [0-13]\n[[[ 5 ]]]\n"
    }
  }, 
  {
    "pk": 10, 
    "model": "grade_rstschema.rstschemagrade", 
    "fields": {
      "points": 4, 
      "schema": "This is a schema. The schema author can write more\nor less anything they want. They can make headings and organize questions if\nneeded.\n\nA heading\n#########\n\nIs the assignment usable? [no/yes]\n[[[ yes ]]]\n\nA subheading\n============\n\nRate the overall quality: [0-13]\n[[[ 3 ]]]\n"
    }
  }, 
  {
    "pk": 11, 
    "model": "grade_rstschema.rstschemagrade", 
    "fields": {
      "points": 2, 
      "schema": "This is a schema. The schema author can write more\nor less anything they want. They can make headings and organize questions if\nneeded.\n\nA heading\n#########\n\nIs the assignment usable? [no/yes]\n[[[ yes ]]]\n\nA subheading\n============\n\nRate the overall quality: [0-13]\n[[[ 1 ]]]\n"
    }
  }, 
  {
    "pk": 12, 
    "model": "grade_rstschema.rstschemagrade", 
    "fields": {
      "points": 10, 
      "schema": "This is a schema. The schema author can write more\nor less anything they want. They can make headings and organize questions if\nneeded.\n\nA heading\n#########\n\nIs the assignment usable? [no/yes]\n[[[ yes ]]]\n\nA subheading\n============\n\nRate the overall quality: [0-9]\n[[[ 9 ]]]\n"
    }
  }, 
  {
    "pk": 13, 
    "model": "grade_rstschema.rstschemagrade", 
    "fields": {
      "points": 9, 
      "schema": "This is a schema. The schema author can write more\nor less anything they want. They can make headings and organize questions if\nneeded.\n\nA heading\n#########\n\nIs the assignment usable? [no/yes]\n[[[ yes ]]]\n\nA subheading\n============\n\nRate the overall quality: [0-9]\n[[[ 8 ]]]\n"
    }
  }, 
  {
    "pk": 14, 
    "model": "grade_rstschema.rstschemagrade", 
    "fields": {
      "points": 9, 
      "schema": "This is a schema. The schema author can write more\nor less anything they want. They can make headings and organize questions if\nneeded.\n\nA heading\n#########\n\nIs the assignment usable? [no/yes]\n[[[ yes ]]]\n\nA subheading\n============\n\nRate the overall quality: [0-9]\n[[[ 8 ]]]\n"
    }
  }, 
  {
    "pk": 15, 
    "model": "grade_rstschema.rstschemagrade", 
    "fields": {
      "points": 8, 
      "schema": "This is a schema. The schema author can write more\nor less anything they want. They can make headings and organize questions if\nneeded.\n\nA heading\n#########\n\nIs the assignment usable? [no/yes]\n[[[ yes ]]]\n\nA subheading\n============\n\nRate the overall quality: [0-9]\n[[[ 7 ]]]\n"
    }
  }, 
  {
    "pk": 16, 
    "model": "grade_rstschema.rstschemagrade", 
    "fields": {
      "points": 7, 
      "schema": "This is a schema. The schema author can write more\nor less anything they want. They can make headings and organize questions if\nneeded.\n\nA heading\n#########\n\nIs the assignment usable? [no/yes]\n[[[ yes ]]]\n\nA subheading\n============\n\nRate the overall quality: [0-9]\n[[[ 6 ]]]\n"
    }
  }, 
  {
    "pk": 17, 
    "model": "grade_rstschema.rstschemagrade", 
    "fields": {
      "points": 6, 
      "schema": "This is a schema. The schema author can write more\nor less anything they want. They can make headings and organize questions if\nneeded.\n\nA heading\n#########\n\nIs the assignment usable? [no/yes]\n[[[ yes ]]]\n\nA subheading\n============\n\nRate the overall quality: [0-9]\n[[[ 5 ]]]\n"
    }
  }, 
  {
    "pk": 18, 
    "model": "grade_rstschema.rstschemagrade", 
    "fields": {
      "points": 6, 
      "schema": "This is a schema. The schema author can write more\nor less anything they want. They can make headings and organize questions if\nneeded.\n\nA heading\n#########\n\nIs the assignment usable? [no/yes]\n[[[ yes ]]]\n\nA subheading\n============\n\nRate the overall quality: [0-9]\n[[[ 5 ]]]\n"
    }
  }, 
  {
    "pk": 19, 
    "model": "grade_rstschema.rstschemagrade", 
    "fields": {
      "points": 5, 
      "schema": "This is a schema. The schema author can write more\nor less anything they want. They can make headings and organize questions if\nneeded.\n\nA heading\n#########\n\nIs the assignment usable? [no/yes]\n[[[ yes ]]]\n\nA subheading\n============\n\nRate the overall quality: [0-9]\n[[[ 4 ]]]\n"
    }
  }, 
  {
    "pk": 20, 
    "model": "grade_rstschema.rstschemagrade", 
    "fields": {
      "points": 4, 
      "schema": "This is a schema. The schema author can write more\nor less anything they want. They can make headings and organize questions if\nneeded.\n\nA heading\n#########\n\nIs the assignment usable? [no/yes]\n[[[ yes ]]]\n\nA subheading\n============\n\nRate the overall quality: [0-9]\n[[[ 3 ]]]\n"
    }
  }, 
  {
    "pk": 21, 
    "model": "grade_rstschema.rstschemagrade", 
    "fields": {
      "points": 3, 
      "schema": "This is a schema. The schema author can write more\nor less anything they want. They can make headings and organize questions if\nneeded.\n\nA heading\n#########\n\nIs the assignment usable? [no/yes]\n[[[ yes ]]]\n\nA subheading\n============\n\nRate the overall quality: [0-9]\n[[[ 2 ]]]\n"
    }
  }, 
  {
    "pk": 22, 
    "model": "grade_rstschema.rstschemagrade", 
    "fields": {
      "points": 9, 
      "schema": "This is a schema. The schema author can write more\nor less anything they want. They can make headings and organize questions if\nneeded.\n\nA heading\n#########\n\nIs the assignment usable? [no/yes]\n[[[ yes ]]]\n\nA subheading\n============\n\nRate the overall quality: [0-8]\n[[[ 8 ]]]\n"
    }
  }, 
  {
    "pk": 23, 
    "model": "grade_rstschema.rstschemagrade", 
    "fields": {
      "points": 8, 
      "schema": "This is a schema. The schema author can write more\nor less anything they want. They can make headings and organize questions if\nneeded.\n\nA heading\n#########\n\nIs the assignment usable? [no/yes]\n[[[ yes ]]]\n\nA subheading\n============\n\nRate the overall quality: [0-8]\n[[[ 7 ]]]\n"
    }
  }, 
  {
    "pk": 24, 
    "model": "grade_rstschema.rstschemagrade", 
    "fields": {
      "points": 8, 
      "schema": "This is a schema. The schema author can write more\nor less anything they want. They can make headings and organize questions if\nneeded.\n\nA heading\n#########\n\nIs the assignment usable? [no/yes]\n[[[ yes ]]]\n\nA subheading\n============\n\nRate the overall quality: [0-8]\n[[[ 7 ]]]\n"
    }
  }, 
  {
    "pk": 25, 
    "model": "grade_rstschema.rstschemagrade", 
    "fields": {
      "points": 7, 
      "schema": "This is a schema. The schema author can write more\nor less anything they want. They can make headings and organize questions if\nneeded.\n\nA heading\n#########\n\nIs the assignment usable? [no/yes]\n[[[ yes ]]]\n\nA subheading\n============\n\nRate the overall quality: [0-8]\n[[[ 6 ]]]\n"
    }
  }, 
  {
    "pk": 26, 
    "model": "grade_rstschema.rstschemagrade", 
    "fields": {
      "points": 6, 
      "schema": "This is a schema. The schema author can write more\nor less anything they want. They can make headings and organize questions if\nneeded.\n\nA heading\n#########\n\nIs the assignment usable? [no/yes]\n[[[ yes ]]]\n\nA subheading\n============\n\nRate the overall quality: [0-8]\n[[[ 5 ]]]\n"
    }
  }, 
  {
    "pk": 27, 
    "model": "grade_rstschema.rstschemagrade", 
    "fields": {
      "points": 4, 
      "schema": "This is a schema. The schema author can write more\nor less anything they want. They can make headings and organize questions if\nneeded.\n\nA heading\n#########\n\nIs the assignment usable? [no/yes]\n[[[ yes ]]]\n\nA subheading\n============\n\nRate the overall quality: [0-8]\n[[[ 3 ]]]\n"
    }
  }, 
  {
    "pk": 28, 
    "model": "grade_rstschema.rstschemagrade", 
    "fields": {
      "points": 3, 
      "schema": "This is a schema. The schema author can write more\nor less anything they want. They can make headings and organize questions if\nneeded.\n\nA heading\n#########\n\nIs the assignment usable? [no/yes]\n[[[ yes ]]]\n\nA subheading\n============\n\nRate the overall quality: [0-8]\n[[[ 2 ]]]\n"
    }
  }, 
  {
    "pk": 29, 
    "model": "grade_rstschema.rstschemagrade", 
    "fields": {
      "points": 3, 
      "schema": "This is a schema. The schema author can write more\nor less anything they want. They can make headings and organize questions if\nneeded.\n\nA heading\n#########\n\nIs the assignment usable? [no/yes]\n[[[ yes ]]]\n\nA subheading\n============\n\nRate the overall quality: [0-8]\n[[[ 2 ]]]\n"
    }
  }, 
  {
    "pk": 30, 
    "model": "grade_rstschema.rstschemagrade", 
    "fields": {
      "points": 2, 
      "schema": "This is a schema. The schema author can write more\nor less anything they want. They can make headings and organize questions if\nneeded.\n\nA heading\n#########\n\nIs the assignment usable? [no/yes]\n[[[ yes ]]]\n\nA subheading\n============\n\nRate the overall quality: [0-8]\n[[[ 1 ]]]\n"
    }
  }, 
  {
    "pk": 31, 
    "model": "grade_rstschema.rstschemagrade", 
    "fields": {
      "points": 3, 
      "schema": "This is a schema. The schema author can write more\nor less anything they want. They can make headings and organize questions if\nneeded.\n\nA heading\n#########\n\nIs the assignment usable? [no/yes]\n[[[ yes ]]]\n\nA subheading\n============\n\nRate the overall quality: [0-8]\n[[[ 2 ]]]\n"
    }
  }, 
  {
    "pk": 32, 
    "model": "grade_rstschema.rstschemagrade", 
    "fields": {
      "points": 12, 
      "schema": "This is a schema. The schema author can write more\nor less anything they want. They can make headings and organize questions if\nneeded.\n\nA heading\n#########\n\nIs the assignment usable? [no/yes]\n[[[ yes ]]]\n\nA subheading\n============\n\nRate the overall quality: [0-11]\n[[[ 11 ]]]\n"
    }
  }, 
  {
    "pk": 33, 
    "model": "grade_rstschema.rstschemagrade", 
    "fields": {
      "points": 10, 
      "schema": "This is a schema. The schema author can write more\nor less anything they want. They can make headings and organize questions if\nneeded.\n\nA heading\n#########\n\nIs the assignment usable? [no/yes]\n[[[ yes ]]]\n\nA subheading\n============\n\nRate the overall quality: [0-11]\n[[[ 9 ]]]\n"
    }
  }, 
  {
    "pk": 34, 
    "model": "grade_rstschema.rstschemagrade", 
    "fields": {
      "points": 5, 
      "schema": "This is a schema. The schema author can write more\nor less anything they want. They can make headings and organize questions if\nneeded.\n\nA heading\n#########\n\nIs the assignment usable? [no/yes]\n[[[ yes ]]]\n\nA subheading\n============\n\nRate the overall quality: [0-11]\n[[[ 4 ]]]\n"
    }
  }, 
  {
    "pk": 35, 
    "model": "grade_rstschema.rstschemagrade", 
    "fields": {
      "points": 3, 
      "schema": "This is a schema. The schema author can write more\nor less anything they want. They can make headings and organize questions if\nneeded.\n\nA heading\n#########\n\nIs the assignment usable? [no/yes]\n[[[ yes ]]]\n\nA subheading\n============\n\nRate the overall quality: [0-11]\n[[[ 2 ]]]\n"
    }
  }, 
  {
    "pk": 36, 
    "model": "grade_rstschema.rstschemagrade", 
    "fields": {
      "points": 3, 
      "schema": "This is a schema. The schema author can write more\nor less anything they want. They can make headings and organize questions if\nneeded.\n\nA heading\n#########\n\nIs the assignment usable? [no/yes]\n[[[ yes ]]]\n\nA subheading\n============\n\nRate the overall quality: [0-11]\n[[[ 2 ]]]\n"
    }
  }, 
  {
    "pk": 37, 
    "model": "grade_rstschema.rstschemagrade", 
    "fields": {
      "points": 3, 
      "schema": "This is a schema. The schema author can write more\nor less anything they want. They can make headings and organize questions if\nneeded.\n\nA heading\n#########\n\nIs the assignment usable? [no/yes]\n[[[ yes ]]]\n\nA subheading\n============\n\nRate the overall quality: [0-11]\n[[[ 2 ]]]\n"
    }
  }, 
  {
    "pk": 38, 
    "model": "grade_rstschema.rstschemagrade", 
    "fields": {
      "points": 11, 
      "schema": "This is a schema. The schema author can write more\nor less anything they want. They can make headings and organize questions if\nneeded.\n\nA heading\n#########\n\nIs the assignment usable? [no/yes]\n[[[ yes ]]]\n\nA subheading\n============\n\nRate the overall quality: [0-10]\n[[[ 10 ]]]\n"
    }
  }, 
  {
    "pk": 39, 
    "model": "grade_rstschema.rstschemagrade", 
    "fields": {
      "points": 10, 
      "schema": "This is a schema. The schema author can write more\nor less anything they want. They can make headings and organize questions if\nneeded.\n\nA heading\n#########\n\nIs the assignment usable? [no/yes]\n[[[ yes ]]]\n\nA subheading\n============\n\nRate the overall quality: [0-10]\n[[[ 9 ]]]\n"
    }
  }, 
  {
    "pk": 40, 
    "model": "grade_rstschema.rstschemagrade", 
    "fields": {
      "points": 10, 
      "schema": "This is a schema. The schema author can write more\nor less anything they want. They can make headings and organize questions if\nneeded.\n\nA heading\n#########\n\nIs the assignment usable? [no/yes]\n[[[ yes ]]]\n\nA subheading\n============\n\nRate the overall quality: [0-10]\n[[[ 9 ]]]\n"
    }
  }, 
  {
    "pk": 41, 
    "model": "grade_rstschema.rstschemagrade", 
    "fields": {
      "points": 9, 
      "schema": "This is a schema. The schema author can write more\nor less anything they want. They can make headings and organize questions if\nneeded.\n\nA heading\n#########\n\nIs the assignment usable? [no/yes]\n[[[ yes ]]]\n\nA subheading\n============\n\nRate the overall quality: [0-10]\n[[[ 8 ]]]\n"
    }
  }, 
  {
    "pk": 42, 
    "model": "grade_rstschema.rstschemagrade", 
    "fields": {
      "points": 8, 
      "schema": "This is a schema. The schema author can write more\nor less anything they want. They can make headings and organize questions if\nneeded.\n\nA heading\n#########\n\nIs the assignment usable? [no/yes]\n[[[ yes ]]]\n\nA subheading\n============\n\nRate the overall quality: [0-10]\n[[[ 7 ]]]\n"
    }
  }, 
  {
    "pk": 43, 
    "model": "grade_rstschema.rstschemagrade", 
    "fields": {
      "points": 7, 
      "schema": "This is a schema. The schema author can write more\nor less anything they want. They can make headings and organize questions if\nneeded.\n\nA heading\n#########\n\nIs the assignment usable? [no/yes]\n[[[ yes ]]]\n\nA subheading\n============\n\nRate the overall quality: [0-10]\n[[[ 6 ]]]\n"
    }
  }, 
  {
    "pk": 44, 
    "model": "grade_rstschema.rstschemagrade", 
    "fields": {
      "points": 6, 
      "schema": "This is a schema. The schema author can write more\nor less anything they want. They can make headings and organize questions if\nneeded.\n\nA heading\n#########\n\nIs the assignment usable? [no/yes]\n[[[ yes ]]]\n\nA subheading\n============\n\nRate the overall quality: [0-10]\n[[[ 5 ]]]\n"
    }
  }, 
  {
    "pk": 45, 
    "model": "grade_rstschema.rstschemagrade", 
    "fields": {
      "points": 5, 
      "schema": "This is a schema. The schema author can write more\nor less anything they want. They can make headings and organize questions if\nneeded.\n\nA heading\n#########\n\nIs the assignment usable? [no/yes]\n[[[ yes ]]]\n\nA subheading\n============\n\nRate the overall quality: [0-10]\n[[[ 4 ]]]\n"
    }
  }, 
  {
    "pk": 46, 
    "model": "grade_rstschema.rstschemagrade", 
    "fields": {
      "points": 4, 
      "schema": "This is a schema. The schema author can write more\nor less anything they want. They can make headings and organize questions if\nneeded.\n\nA heading\n#########\n\nIs the assignment usable? [no/yes]\n[[[ yes ]]]\n\nA subheading\n============\n\nRate the overall quality: [0-10]\n[[[ 3 ]]]\n"
    }
  }, 
  {
    "pk": 47, 
    "model": "grade_rstschema.rstschemagrade", 
    "fields": {
      "points": 3, 
      "schema": "This is a schema. The schema author can write more\nor less anything they want. They can make headings and organize questions if\nneeded.\n\nA heading\n#########\n\nIs the assignment usable? [no/yes]\n[[[ yes ]]]\n\nA subheading\n============\n\nRate the overall quality: [0-10]\n[[[ 2 ]]]\n"
    }
  }, 
  {
    "pk": 48, 
    "model": "grade_rstschema.rstschemagrade", 
    "fields": {
      "points": 3, 
      "schema": "This is a schema. The schema author can write more\nor less anything they want. They can make headings and organize questions if\nneeded.\n\nA heading\n#########\n\nIs the assignment usable? [no/yes]\n[[[ yes ]]]\n\nA subheading\n============\n\nRate the overall quality: [0-10]\n[[[ 2 ]]]\n"
    }
  }, 
  {
    "pk": 49, 
    "model": "grade_rstschema.rstschemagrade", 
    "fields": {
      "points": 2, 
      "schema": "This is a schema. The schema author can write more\nor less anything they want. They can make headings and organize questions if\nneeded.\n\nA heading\n#########\n\nIs the assignment usable? [no/yes]\n[[[ yes ]]]\n\nA subheading\n============\n\nRate the overall quality: [0-10]\n[[[ 1 ]]]\n"
    }
  }, 
  {
    "pk": 50, 
    "model": "grade_rstschema.rstschemagrade", 
    "fields": {
      "points": 9, 
      "schema": "This is a schema. The schema author can write more\nor less anything they want. They can make headings and organize questions if\nneeded.\n\nA heading\n#########\n\nIs the assignment usable? [no/yes]\n[[[ yes ]]]\n\nA subheading\n============\n\nRate the overall quality: [0-8]\n[[[ 8 ]]]\n"
    }
  }, 
  {
    "pk": 51, 
    "model": "grade_rstschema.rstschemagrade", 
    "fields": {
      "points": 8, 
      "schema": "This is a schema. The schema author can write more\nor less anything they want. They can make headings and organize questions if\nneeded.\n\nA heading\n#########\n\nIs the assignment usable? [no/yes]\n[[[ yes ]]]\n\nA subheading\n============\n\nRate the overall quality: [0-8]\n[[[ 7 ]]]\n"
    }
  }, 
  {
    "pk": 52, 
    "model": "grade_rstschema.rstschemagrade", 
    "fields": {
      "points": 8, 
      "schema": "This is a schema. The schema author can write more\nor less anything they want. They can make headings and organize questions if\nneeded.\n\nA heading\n#########\n\nIs the assignment usable? [no/yes]\n[[[ yes ]]]\n\nA subheading\n============\n\nRate the overall quality: [0-8]\n[[[ 7 ]]]\n"
    }
  }, 
  {
    "pk": 53, 
    "model": "grade_rstschema.rstschemagrade", 
    "fields": {
      "points": 7, 
      "schema": "This is a schema. The schema author can write more\nor less anything they want. They can make headings and organize questions if\nneeded.\n\nA heading\n#########\n\nIs the assignment usable? [no/yes]\n[[[ yes ]]]\n\nA subheading\n============\n\nRate the overall quality: [0-8]\n[[[ 6 ]]]\n"
    }
  }, 
  {
    "pk": 54, 
    "model": "grade_rstschema.rstschemagrade", 
    "fields": {
      "points": 7, 
      "schema": "This is a schema. The schema author can write more\nor less anything they want. They can make headings and organize questions if\nneeded.\n\nA heading\n#########\n\nIs the assignment usable? [no/yes]\n[[[ yes ]]]\n\nA subheading\n============\n\nRate the overall quality: [0-8]\n[[[ 6 ]]]\n"
    }
  }, 
  {
    "pk": 55, 
    "model": "grade_rstschema.rstschemagrade", 
    "fields": {
      "points": 5, 
      "schema": "This is a schema. The schema author can write more\nor less anything they want. They can make headings and organize questions if\nneeded.\n\nA heading\n#########\n\nIs the assignment usable? [no/yes]\n[[[ yes ]]]\n\nA subheading\n============\n\nRate the overall quality: [0-8]\n[[[ 4 ]]]\n"
    }
  }, 
  {
    "pk": 56, 
    "model": "grade_rstschema.rstschemagrade", 
    "fields": {
      "points": 5, 
      "schema": "This is a schema. The schema author can write more\nor less anything they want. They can make headings and organize questions if\nneeded.\n\nA heading\n#########\n\nIs the assignment usable? [no/yes]\n[[[ yes ]]]\n\nA subheading\n============\n\nRate the overall quality: [0-8]\n[[[ 4 ]]]\n"
    }
  }, 
  {
    "pk": 57, 
    "model": "grade_rstschema.rstschemagrade", 
    "fields": {
      "points": 4, 
      "schema": "This is a schema. The schema author can write more\nor less anything they want. They can make headings and organize questions if\nneeded.\n\nA heading\n#########\n\nIs the assignment usable? [no/yes]\n[[[ yes ]]]\n\nA subheading\n============\n\nRate the overall quality: [0-8]\n[[[ 3 ]]]\n"
    }
  }, 
  {
    "pk": 58, 
    "model": "grade_rstschema.rstschemagrade", 
    "fields": {
      "points": 3, 
      "schema": "This is a schema. The schema author can write more\nor less anything they want. They can make headings and organize questions if\nneeded.\n\nA heading\n#########\n\nIs the assignment usable? [no/yes]\n[[[ yes ]]]\n\nA subheading\n============\n\nRate the overall quality: [0-8]\n[[[ 2 ]]]\n"
    }
  }, 
  {
    "pk": 59, 
    "model": "grade_rstschema.rstschemagrade", 
    "fields": {
      "points": 3, 
      "schema": "This is a schema. The schema author can write more\nor less anything they want. They can make headings and organize questions if\nneeded.\n\nA heading\n#########\n\nIs the assignment usable? [no/yes]\n[[[ yes ]]]\n\nA subheading\n============\n\nRate the overall quality: [0-8]\n[[[ 2 ]]]\n"
    }
  }, 
  {
    "pk": 60, 
    "model": "grade_rstschema.rstschemagrade", 
    "fields": {
      "points": 2, 
      "schema": "This is a schema. The schema author can write more\nor less anything they want. They can make headings and organize questions if\nneeded.\n\nA heading\n#########\n\nIs the assignment usable? [no/yes]\n[[[ yes ]]]\n\nA subheading\n============\n\nRate the overall quality: [0-8]\n[[[ 1 ]]]\n"
    }
  }, 
  {
    "pk": 61, 
    "model": "grade_rstschema.rstschemagrade", 
    "fields": {
      "points": 3, 
      "schema": "This is a schema. The schema author can write more\nor less anything they want. They can make headings and organize questions if\nneeded.\n\nA heading\n#########\n\nIs the assignment usable? [no/yes]\n[[[ yes ]]]\n\nA subheading\n============\n\nRate the overall quality: [0-8]\n[[[ 2 ]]]\n"
    }
  }, 
  {
    "pk": 62, 
    "model": "grade_rstschema.rstschemagrade", 
    "fields": {
      "points": 8, 
      "schema": "This is a schema. The schema author can write more\nor less anything they want. They can make headings and organize questions if\nneeded.\n\nA heading\n#########\n\nIs the assignment usable? [no/yes]\n[[[ yes ]]]\n\nA subheading\n============\n\nRate the overall quality: [0-7]\n[[[ 7 ]]]\n"
    }
  }, 
  {
    "pk": 63, 
    "model": "grade_rstschema.rstschemagrade", 
    "fields": {
      "points": 7, 
      "schema": "This is a schema. The schema author can write more\nor less anything they want. They can make headings and organize questions if\nneeded.\n\nA heading\n#########\n\nIs the assignment usable? [no/yes]\n[[[ yes ]]]\n\nA subheading\n============\n\nRate the overall quality: [0-7]\n[[[ 6 ]]]\n"
    }
  }, 
  {
    "pk": 64, 
    "model": "grade_rstschema.rstschemagrade", 
    "fields": {
      "points": 6, 
      "schema": "This is a schema. The schema author can write more\nor less anything they want. They can make headings and organize questions if\nneeded.\n\nA heading\n#########\n\nIs the assignment usable? [no/yes]\n[[[ yes ]]]\n\nA subheading\n============\n\nRate the overall quality: [0-7]\n[[[ 5 ]]]\n"
    }
  }, 
  {
    "pk": 65, 
    "model": "grade_rstschema.rstschemagrade", 
    "fields": {
      "points": 4, 
      "schema": "This is a schema. The schema author can write more\nor less anything they want. They can make headings and organize questions if\nneeded.\n\nA heading\n#########\n\nIs the assignment usable? [no/yes]\n[[[ yes ]]]\n\nA subheading\n============\n\nRate the overall quality: [0-7]\n[[[ 3 ]]]\n"
    }
  }, 
  {
    "pk": 66, 
    "model": "grade_rstschema.rstschemagrade", 
    "fields": {
      "points": 3, 
      "schema": "This is a schema. The schema author can write more\nor less anything they want. They can make headings and organize questions if\nneeded.\n\nA heading\n#########\n\nIs the assignment usable? [no/yes]\n[[[ yes ]]]\n\nA subheading\n============\n\nRate the overall quality: [0-7]\n[[[ 2 ]]]\n"
    }
  }, 
  {
    "pk": 67, 
    "model": "grade_rstschema.rstschemagrade", 
    "fields": {
      "points": 2, 
      "schema": "This is a schema. The schema author can write more\nor less anything they want. They can make headings and organize questions if\nneeded.\n\nA heading\n#########\n\nIs the assignment usable? [no/yes]\n[[[ yes ]]]\n\nA subheading\n============\n\nRate the overall quality: [0-7]\n[[[ 1 ]]]\n"
    }
  }, 
  {
    "pk": 68, 
    "model": "grade_rstschema.rstschemagrade", 
    "fields": {
      "points": 2, 
      "schema": "This is a schema. The schema author can write more\nor less anything they want. They can make headings and organize questions if\nneeded.\n\nA heading\n#########\n\nIs the assignment usable? [no/yes]\n[[[ yes ]]]\n\nA subheading\n============\n\nRate the overall quality: [0-7]\n[[[ 1 ]]]\n"
    }
  }, 
  {
    "pk": 21, 
    "model": "contenttypes.contenttype", 
    "fields": {
      "model": "assignment", 
      "name": "Assignment", 
      "app_label": "core"
    }
  }, 
  {
    "pk": 24, 
    "model": "contenttypes.contenttype", 
    "fields": {
      "model": "deadline", 
      "name": "Deadline", 
      "app_label": "core"
    }
  }, 
  {
    "pk": 25, 
    "model": "contenttypes.contenttype", 
    "fields": {
      "model": "delivery", 
      "name": "Delivery", 
      "app_label": "core"
    }
  }, 
  {
    "pk": 27, 
    "model": "contenttypes.contenttype", 
    "fields": {
      "model": "filemeta", 
      "name": "FileMeta", 
      "app_label": "core"
    }
  }, 
  {
    "pk": 18, 
    "model": "contenttypes.contenttype", 
    "fields": {
      "model": "node", 
      "name": "Node", 
      "app_label": "core"
    }
  }, 
  {
    "pk": 20, 
    "model": "contenttypes.contenttype", 
    "fields": {
      "model": "period", 
      "name": "Period", 
      "app_label": "core"
    }
  }, 
  {
    "pk": 19, 
    "model": "contenttypes.contenttype", 
    "fields": {
      "model": "subject", 
      "name": "Subject", 
      "app_label": "core"
    }
  }, 
  {
    "pk": 4, 
    "model": "contenttypes.contenttype", 
    "fields": {
      "model": "approvedgrade", 
      "name": "approved grade", 
      "app_label": "grade_approved"
    }
  }, 
  {
    "pk": 23, 
    "model": "contenttypes.contenttype", 
    "fields": {
      "model": "assignmentgroup", 
      "name": "assignment group", 
      "app_label": "core"
    }
  }, 
  {
    "pk": 22, 
    "model": "contenttypes.contenttype", 
    "fields": {
      "model": "candidate", 
      "name": "candidate", 
      "app_label": "core"
    }
  }, 
  {
    "pk": 5, 
    "model": "contenttypes.contenttype", 
    "fields": {
      "model": "charfieldgrade", 
      "name": "char field grade", 
      "app_label": "grade_default"
    }
  }, 
  {
    "pk": 16, 
    "model": "contenttypes.contenttype", 
    "fields": {
      "model": "contenttype", 
      "name": "content type", 
      "app_label": "contenttypes"
    }
  }, 
  {
    "pk": 7, 
    "model": "contenttypes.contenttype", 
    "fields": {
      "model": "entry", 
      "name": "entry", 
      "app_label": "grade_schema"
    }
  }, 
  {
    "pk": 26, 
    "model": "contenttypes.contenttype", 
    "fields": {
      "model": "feedback", 
      "name": "feedback", 
      "app_label": "core"
    }
  }, 
  {
    "pk": 17, 
    "model": "contenttypes.contenttype", 
    "fields": {
      "model": "grademodel", 
      "name": "grade model", 
      "app_label": "core"
    }
  }, 
  {
    "pk": 13, 
    "model": "contenttypes.contenttype", 
    "fields": {
      "model": "group", 
      "name": "group", 
      "app_label": "auth"
    }
  }, 
  {
    "pk": 3, 
    "model": "contenttypes.contenttype", 
    "fields": {
      "model": "logentry", 
      "name": "log entry", 
      "app_label": "admin"
    }
  }, 
  {
    "pk": 15, 
    "model": "contenttypes.contenttype", 
    "fields": {
      "model": "message", 
      "name": "message", 
      "app_label": "auth"
    }
  }, 
  {
    "pk": 12, 
    "model": "contenttypes.contenttype", 
    "fields": {
      "model": "permission", 
      "name": "permission", 
      "app_label": "auth"
    }
  }, 
  {
    "pk": 9, 
    "model": "contenttypes.contenttype", 
    "fields": {
      "model": "result", 
      "name": "result", 
      "app_label": "grade_schema"
    }
  }, 
  {
    "pk": 10, 
    "model": "contenttypes.contenttype", 
    "fields": {
      "model": "rstschemadefinition", 
      "name": "rst schema definition", 
      "app_label": "grade_rstschema"
    }
  }, 
  {
    "pk": 11, 
    "model": "contenttypes.contenttype", 
    "fields": {
      "model": "rstschemagrade", 
      "name": "rst schema grade", 
      "app_label": "grade_rstschema"
    }
  }, 
  {
    "pk": 6, 
    "model": "contenttypes.contenttype", 
    "fields": {
      "model": "schemagrade", 
      "name": "schema grade", 
      "app_label": "grade_schema"
    }
  }, 
  {
    "pk": 8, 
    "model": "contenttypes.contenttype", 
    "fields": {
      "model": "schemagraderesults", 
      "name": "schema grade results", 
      "app_label": "grade_schema"
    }
  }, 
  {
    "pk": 1, 
    "model": "contenttypes.contenttype", 
    "fields": {
      "model": "session", 
      "name": "session", 
      "app_label": "sessions"
    }
  }, 
  {
    "pk": 2, 
    "model": "contenttypes.contenttype", 
    "fields": {
      "model": "site", 
      "name": "site", 
      "app_label": "sites"
    }
  }, 
  {
    "pk": 14, 
    "model": "contenttypes.contenttype", 
    "fields": {
      "model": "user", 
      "name": "user", 
      "app_label": "auth"
    }
  }, 
  {
    "pk": 1, 
    "model": "core.grademodel", 
    "fields": {}
  }, 
  {
    "pk": 2, 
    "model": "core.grademodel", 
    "fields": {}
  }, 
  {
    "pk": 3, 
    "model": "core.grademodel", 
    "fields": {}
  }, 
  {
    "pk": 4, 
    "model": "core.grademodel", 
    "fields": {}
  }, 
  {
    "pk": 5, 
    "model": "core.grademodel", 
    "fields": {}
  }, 
  {
    "pk": 6, 
    "model": "core.grademodel", 
    "fields": {}
  }, 
  {
    "pk": 7, 
    "model": "core.grademodel", 
    "fields": {}
  }, 
  {
    "pk": 8, 
    "model": "core.grademodel", 
    "fields": {}
  }, 
  {
    "pk": 9, 
    "model": "core.grademodel", 
    "fields": {}
  }, 
  {
    "pk": 10, 
    "model": "core.grademodel", 
    "fields": {}
  }, 
  {
    "pk": 11, 
    "model": "core.grademodel", 
    "fields": {}
  }, 
  {
    "pk": 12, 
    "model": "core.grademodel", 
    "fields": {}
  }, 
  {
    "pk": 13, 
    "model": "core.grademodel", 
    "fields": {}
  }, 
  {
    "pk": 14, 
    "model": "core.grademodel", 
    "fields": {}
  }, 
  {
    "pk": 15, 
    "model": "core.grademodel", 
    "fields": {}
  }, 
  {
    "pk": 16, 
    "model": "core.grademodel", 
    "fields": {}
  }, 
  {
    "pk": 17, 
    "model": "core.grademodel", 
    "fields": {}
  }, 
  {
    "pk": 18, 
    "model": "core.grademodel", 
    "fields": {}
  }, 
  {
    "pk": 19, 
    "model": "core.grademodel", 
    "fields": {}
  }, 
  {
    "pk": 20, 
    "model": "core.grademodel", 
    "fields": {}
  }, 
  {
    "pk": 21, 
    "model": "core.grademodel", 
    "fields": {}
  }, 
  {
    "pk": 22, 
    "model": "core.grademodel", 
    "fields": {}
  }, 
  {
    "pk": 23, 
    "model": "core.grademodel", 
    "fields": {}
  }, 
  {
    "pk": 24, 
    "model": "core.grademodel", 
    "fields": {}
  }, 
  {
    "pk": 25, 
    "model": "core.grademodel", 
    "fields": {}
  }, 
  {
    "pk": 26, 
    "model": "core.grademodel", 
    "fields": {}
  }, 
  {
    "pk": 27, 
    "model": "core.grademodel", 
    "fields": {}
  }, 
  {
    "pk": 28, 
    "model": "core.grademodel", 
    "fields": {}
  }, 
  {
    "pk": 29, 
    "model": "core.grademodel", 
    "fields": {}
  }, 
  {
    "pk": 30, 
    "model": "core.grademodel", 
    "fields": {}
  }, 
  {
    "pk": 31, 
    "model": "core.grademodel", 
    "fields": {}
  }, 
  {
    "pk": 32, 
    "model": "core.grademodel", 
    "fields": {}
  }, 
  {
    "pk": 33, 
    "model": "core.grademodel", 
    "fields": {}
  }, 
  {
    "pk": 34, 
    "model": "core.grademodel", 
    "fields": {}
  }, 
  {
    "pk": 35, 
    "model": "core.grademodel", 
    "fields": {}
  }, 
  {
    "pk": 36, 
    "model": "core.grademodel", 
    "fields": {}
  }, 
  {
    "pk": 37, 
    "model": "core.grademodel", 
    "fields": {}
  }, 
  {
    "pk": 38, 
    "model": "core.grademodel", 
    "fields": {}
  }, 
  {
    "pk": 39, 
    "model": "core.grademodel", 
    "fields": {}
  }, 
  {
    "pk": 40, 
    "model": "core.grademodel", 
    "fields": {}
  }, 
  {
    "pk": 41, 
    "model": "core.grademodel", 
    "fields": {}
  }, 
  {
    "pk": 42, 
    "model": "core.grademodel", 
    "fields": {}
  }, 
  {
    "pk": 43, 
    "model": "core.grademodel", 
    "fields": {}
  }, 
  {
    "pk": 44, 
    "model": "core.grademodel", 
    "fields": {}
  }, 
  {
    "pk": 45, 
    "model": "core.grademodel", 
    "fields": {}
  }, 
  {
    "pk": 46, 
    "model": "core.grademodel", 
    "fields": {}
  }, 
  {
    "pk": 47, 
    "model": "core.grademodel", 
    "fields": {}
  }, 
  {
    "pk": 48, 
    "model": "core.grademodel", 
    "fields": {}
  }, 
  {
    "pk": 49, 
    "model": "core.grademodel", 
    "fields": {}
  }, 
  {
    "pk": 50, 
    "model": "core.grademodel", 
    "fields": {}
  }, 
  {
    "pk": 51, 
    "model": "core.grademodel", 
    "fields": {}
  }, 
  {
    "pk": 52, 
    "model": "core.grademodel", 
    "fields": {}
  }, 
  {
    "pk": 53, 
    "model": "core.grademodel", 
    "fields": {}
  }, 
  {
    "pk": 54, 
    "model": "core.grademodel", 
    "fields": {}
  }, 
  {
    "pk": 55, 
    "model": "core.grademodel", 
    "fields": {}
  }, 
  {
    "pk": 56, 
    "model": "core.grademodel", 
    "fields": {}
  }, 
  {
    "pk": 57, 
    "model": "core.grademodel", 
    "fields": {}
  }, 
  {
    "pk": 58, 
    "model": "core.grademodel", 
    "fields": {}
  }, 
  {
    "pk": 59, 
    "model": "core.grademodel", 
    "fields": {}
  }, 
  {
    "pk": 60, 
    "model": "core.grademodel", 
    "fields": {}
  }, 
  {
    "pk": 61, 
    "model": "core.grademodel", 
    "fields": {}
  }, 
  {
    "pk": 62, 
    "model": "core.grademodel", 
    "fields": {}
  }, 
  {
    "pk": 63, 
    "model": "core.grademodel", 
    "fields": {}
  }, 
  {
    "pk": 64, 
    "model": "core.grademodel", 
    "fields": {}
  }, 
  {
    "pk": 65, 
    "model": "core.grademodel", 
    "fields": {}
  }, 
  {
    "pk": 66, 
    "model": "core.grademodel", 
    "fields": {}
  }, 
  {
    "pk": 67, 
    "model": "core.grademodel", 
    "fields": {}
  }, 
  {
    "pk": 68, 
    "model": "core.grademodel", 
    "fields": {}
  }, 
  {
    "pk": 69, 
    "model": "core.grademodel", 
    "fields": {}
  }, 
  {
    "pk": 70, 
    "model": "core.grademodel", 
    "fields": {}
  }, 
  {
    "pk": 71, 
    "model": "core.grademodel", 
    "fields": {}
  }, 
  {
    "pk": 72, 
    "model": "core.grademodel", 
    "fields": {}
  }, 
  {
    "pk": 73, 
    "model": "core.grademodel", 
    "fields": {}
  }, 
  {
    "pk": 74, 
    "model": "core.grademodel", 
    "fields": {}
  }, 
  {
    "pk": 75, 
    "model": "core.grademodel", 
    "fields": {}
  }, 
  {
    "pk": 76, 
    "model": "core.grademodel", 
    "fields": {}
  }, 
  {
    "pk": 77, 
    "model": "core.grademodel", 
    "fields": {}
  }, 
  {
    "pk": 78, 
    "model": "core.grademodel", 
    "fields": {}
  }, 
  {
    "pk": 79, 
    "model": "core.grademodel", 
    "fields": {}
  }, 
  {
    "pk": 1, 
    "model": "core.node", 
    "fields": {
      "long_name": "Duckburgh", 
      "admins": [], 
      "parentnode": null, 
      "short_name": "duckburgh"
    }
  }, 
  {
    "pk": 2, 
    "model": "core.node", 
    "fields": {
      "long_name": "Univ", 
      "admins": [], 
      "parentnode": null, 
      "short_name": "univ"
    }
  }, 
  {
    "pk": 1, 
    "model": "core.subject", 
    "fields": {
      "long_name": "DUCK1100 - Getting started with python", 
      "admins": [], 
      "parentnode": 2, 
      "short_name": "duck1100"
    }
  }, 
  {
    "pk": 2, 
    "model": "core.subject", 
    "fields": {
      "long_name": "DUCK1080 - Making the illogical seem logical", 
      "admins": [], 
      "parentnode": 2, 
      "short_name": "duck1080"
    }
  }, 
  {
    "pk": 3, 
    "model": "core.subject", 
    "fields": {
      "long_name": "DUCK3580 - Making the illogical seem logical", 
      "admins": [], 
      "parentnode": 2, 
      "short_name": "duck3580"
    }
  }, 
  {
    "pk": 1, 
    "model": "core.period", 
    "fields": {
      "short_name": "h01", 
      "start_time": "2011-04-06 20:12:46", 
      "parentnode": 1, 
      "long_name": "Spring year zero", 
      "admins": [], 
      "end_time": "2011-06-04 20:12:46", 
      "minimum_points": 0
    }
  }, 
  {
    "pk": 2, 
    "model": "core.period", 
    "fields": {
      "short_name": "h01", 
      "start_time": "2011-04-06 20:12:56", 
      "parentnode": 2, 
      "long_name": "Fall year zero", 
      "admins": [], 
      "end_time": "2011-06-04 20:12:56", 
      "minimum_points": 0
    }
  }, 
  {
    "pk": 3, 
    "model": "core.period", 
    "fields": {
      "short_name": "h01", 
      "start_time": "2011-04-06 20:13:03", 
      "parentnode": 3, 
      "long_name": "Fall year zero", 
      "admins": [], 
      "end_time": "2011-06-04 20:13:03", 
      "minimum_points": 0
    }
  }, 
  {
    "pk": 1, 
    "model": "core.assignment", 
    "fields": {
      "must_pass": false, 
      "autoscale": true, 
      "grade_plugin": "grade_rstschema:rstschemagrade", 
      "short_name": "week1", 
      "publishing_time": "2011-04-11 20:12:46", 
      "admins": [], 
      "parentnode": 1, 
      "filenames": null, 
      "long_name": "The one and only week one", 
      "attempts": null, 
      "anonymous": false, 
      "students_can_see_points": true, 
      "maxpoints": 14, 
      "pointscale": 14
    }
  }, 
  {
    "pk": 2, 
    "model": "core.assignment", 
    "fields": {
      "must_pass": false, 
      "autoscale": true, 
      "grade_plugin": "grade_rstschema:rstschemagrade", 
      "short_name": "week2", 
      "publishing_time": "2011-04-21 20:12:48", 
      "admins": [], 
      "parentnode": 1, 
      "filenames": null, 
      "long_name": "The one and only week two", 
      "attempts": null, 
      "anonymous": false, 
      "students_can_see_points": true, 
      "maxpoints": 10, 
      "pointscale": 10
    }
  }, 
  {
    "pk": 3, 
    "model": "core.assignment", 
    "fields": {
      "must_pass": false, 
      "autoscale": true, 
      "grade_plugin": "grade_rstschema:rstschemagrade", 
      "short_name": "week3", 
      "publishing_time": "2011-05-02 20:12:50", 
      "admins": [], 
      "parentnode": 1, 
      "filenames": null, 
      "long_name": "The one and only week three", 
      "attempts": null, 
      "anonymous": false, 
      "students_can_see_points": true, 
      "maxpoints": 9, 
      "pointscale": 9
    }
  }, 
  {
    "pk": 4, 
    "model": "core.assignment", 
    "fields": {
      "must_pass": false, 
      "autoscale": true, 
      "grade_plugin": "grade_rstschema:rstschemagrade", 
      "short_name": "week4", 
      "publishing_time": "2011-05-08 20:12:53", 
      "admins": [], 
      "parentnode": 1, 
      "filenames": null, 
      "long_name": "The one and only week four", 
      "attempts": null, 
      "anonymous": false, 
      "students_can_see_points": true, 
      "maxpoints": 12, 
      "pointscale": 12
    }
  }, 
  {
    "pk": 5, 
    "model": "core.assignment", 
    "fields": {
      "must_pass": false, 
      "autoscale": false, 
      "grade_plugin": "grade_rstschema:rstschemagrade", 
      "short_name": "week1", 
      "publishing_time": "2011-04-11 20:12:56", 
      "admins": [], 
      "parentnode": 2, 
      "filenames": null, 
      "long_name": "Week one", 
      "attempts": null, 
      "anonymous": false, 
      "students_can_see_points": true, 
      "maxpoints": 11, 
      "pointscale": 10
    }
  }, 
  {
    "pk": 6, 
    "model": "core.assignment", 
    "fields": {
      "must_pass": false, 
      "autoscale": false, 
      "grade_plugin": "grade_rstschema:rstschemagrade", 
      "short_name": "week2", 
      "publishing_time": "2011-04-21 20:12:58", 
      "admins": [], 
      "parentnode": 2, 
      "filenames": null, 
      "long_name": "Week two", 
      "attempts": null, 
      "anonymous": false, 
      "students_can_see_points": true, 
      "maxpoints": 9, 
      "pointscale": 10
    }
  }, 
  {
    "pk": 7, 
    "model": "core.assignment", 
    "fields": {
      "must_pass": false, 
      "autoscale": false, 
      "grade_plugin": "grade_rstschema:rstschemagrade", 
      "short_name": "week3", 
      "publishing_time": "2011-05-08 20:13:01", 
      "admins": [], 
      "parentnode": 2, 
      "filenames": null, 
      "long_name": "Week three", 
      "attempts": null, 
      "anonymous": false, 
      "students_can_see_points": true, 
      "maxpoints": 8, 
      "pointscale": 10
    }
  }, 
  {
    "pk": 8, 
    "model": "core.assignment", 
    "fields": {
      "must_pass": false, 
      "autoscale": true, 
      "grade_plugin": "grade_approved:approvedgrade", 
      "short_name": "week1", 
      "publishing_time": "2011-04-11 20:13:03", 
      "admins": [], 
      "parentnode": 3, 
      "filenames": null, 
      "long_name": "Week one", 
      "attempts": null, 
      "anonymous": false, 
      "students_can_see_points": true, 
      "maxpoints": 1, 
      "pointscale": 1
    }
  }, 
  {
    "pk": 9, 
    "model": "core.assignment", 
    "fields": {
      "must_pass": false, 
      "autoscale": true, 
      "grade_plugin": "grade_approved:approvedgrade", 
      "short_name": "week4", 
      "publishing_time": "2011-05-12 20:13:05", 
      "admins": [], 
      "parentnode": 3, 
      "filenames": null, 
      "long_name": "Week four", 
      "attempts": null, 
      "anonymous": false, 
      "students_can_see_points": true, 
      "maxpoints": 1, 
      "pointscale": 1
    }
  }, 
  {
    "pk": 1, 
    "model": "core.candidate", 
    "fields": {
      "candidate_id": null, 
      "student": 52, 
      "assignment_group": 1
    }
  }, 
  {
    "pk": 2, 
    "model": "core.candidate", 
    "fields": {
      "candidate_id": null, 
      "student": 53, 
      "assignment_group": 2
    }
  }, 
  {
    "pk": 3, 
    "model": "core.candidate", 
    "fields": {
      "candidate_id": null, 
      "student": 54, 
      "assignment_group": 3
    }
  }, 
  {
    "pk": 4, 
    "model": "core.candidate", 
    "fields": {
      "candidate_id": null, 
      "student": 55, 
      "assignment_group": 4
    }
  }, 
  {
    "pk": 5, 
    "model": "core.candidate", 
    "fields": {
      "candidate_id": null, 
      "student": 56, 
      "assignment_group": 5
    }
  }, 
  {
    "pk": 6, 
    "model": "core.candidate", 
    "fields": {
      "candidate_id": null, 
      "student": 57, 
      "assignment_group": 6
    }
  }, 
  {
    "pk": 7, 
    "model": "core.candidate", 
    "fields": {
      "candidate_id": null, 
      "student": 58, 
      "assignment_group": 7
    }
  }, 
  {
    "pk": 8, 
    "model": "core.candidate", 
    "fields": {
      "candidate_id": null, 
      "student": 59, 
      "assignment_group": 8
    }
  }, 
  {
    "pk": 9, 
    "model": "core.candidate", 
    "fields": {
      "candidate_id": null, 
      "student": 60, 
      "assignment_group": 9
    }
  }, 
  {
    "pk": 10, 
    "model": "core.candidate", 
    "fields": {
      "candidate_id": null, 
      "student": 61, 
      "assignment_group": 10
    }
  }, 
  {
    "pk": 11, 
    "model": "core.candidate", 
    "fields": {
      "candidate_id": null, 
      "student": 62, 
      "assignment_group": 11
    }
  }, 
  {
    "pk": 12, 
    "model": "core.candidate", 
    "fields": {
      "candidate_id": null, 
      "student": 63, 
      "assignment_group": 12
    }
  }, 
  {
    "pk": 13, 
    "model": "core.candidate", 
    "fields": {
      "candidate_id": null, 
      "student": 52, 
      "assignment_group": 13
    }
  }, 
  {
    "pk": 14, 
    "model": "core.candidate", 
    "fields": {
      "candidate_id": null, 
      "student": 53, 
      "assignment_group": 14
    }
  }, 
  {
    "pk": 15, 
    "model": "core.candidate", 
    "fields": {
      "candidate_id": null, 
      "student": 54, 
      "assignment_group": 15
    }
  }, 
  {
    "pk": 16, 
    "model": "core.candidate", 
    "fields": {
      "candidate_id": null, 
      "student": 55, 
      "assignment_group": 16
    }
  }, 
  {
    "pk": 17, 
    "model": "core.candidate", 
    "fields": {
      "candidate_id": null, 
      "student": 56, 
      "assignment_group": 17
    }
  }, 
  {
    "pk": 18, 
    "model": "core.candidate", 
    "fields": {
      "candidate_id": null, 
      "student": 57, 
      "assignment_group": 18
    }
  }, 
  {
    "pk": 19, 
    "model": "core.candidate", 
    "fields": {
      "candidate_id": null, 
      "student": 58, 
      "assignment_group": 19
    }
  }, 
  {
    "pk": 20, 
    "model": "core.candidate", 
    "fields": {
      "candidate_id": null, 
      "student": 59, 
      "assignment_group": 20
    }
  }, 
  {
    "pk": 21, 
    "model": "core.candidate", 
    "fields": {
      "candidate_id": null, 
      "student": 60, 
      "assignment_group": 21
    }
  }, 
  {
    "pk": 22, 
    "model": "core.candidate", 
    "fields": {
      "candidate_id": null, 
      "student": 61, 
      "assignment_group": 22
    }
  }, 
  {
    "pk": 23, 
    "model": "core.candidate", 
    "fields": {
      "candidate_id": null, 
      "student": 62, 
      "assignment_group": 23
    }
  }, 
  {
    "pk": 24, 
    "model": "core.candidate", 
    "fields": {
      "candidate_id": null, 
      "student": 63, 
      "assignment_group": 24
    }
  }, 
  {
    "pk": 25, 
    "model": "core.candidate", 
    "fields": {
      "candidate_id": null, 
      "student": 52, 
      "assignment_group": 25
    }
  }, 
  {
    "pk": 26, 
    "model": "core.candidate", 
    "fields": {
      "candidate_id": null, 
      "student": 53, 
      "assignment_group": 26
    }
  }, 
  {
    "pk": 27, 
    "model": "core.candidate", 
    "fields": {
      "candidate_id": null, 
      "student": 54, 
      "assignment_group": 27
    }
  }, 
  {
    "pk": 28, 
    "model": "core.candidate", 
    "fields": {
      "candidate_id": null, 
      "student": 55, 
      "assignment_group": 28
    }
  }, 
  {
    "pk": 29, 
    "model": "core.candidate", 
    "fields": {
      "candidate_id": null, 
      "student": 56, 
      "assignment_group": 29
    }
  }, 
  {
    "pk": 30, 
    "model": "core.candidate", 
    "fields": {
      "candidate_id": null, 
      "student": 57, 
      "assignment_group": 30
    }
  }, 
  {
    "pk": 31, 
    "model": "core.candidate", 
    "fields": {
      "candidate_id": null, 
      "student": 58, 
      "assignment_group": 31
    }
  }, 
  {
    "pk": 32, 
    "model": "core.candidate", 
    "fields": {
      "candidate_id": null, 
      "student": 59, 
      "assignment_group": 32
    }
  }, 
  {
    "pk": 33, 
    "model": "core.candidate", 
    "fields": {
      "candidate_id": null, 
      "student": 60, 
      "assignment_group": 33
    }
  }, 
  {
    "pk": 34, 
    "model": "core.candidate", 
    "fields": {
      "candidate_id": null, 
      "student": 61, 
      "assignment_group": 34
    }
  }, 
  {
    "pk": 35, 
    "model": "core.candidate", 
    "fields": {
      "candidate_id": null, 
      "student": 62, 
      "assignment_group": 35
    }
  }, 
  {
    "pk": 36, 
    "model": "core.candidate", 
    "fields": {
      "candidate_id": null, 
      "student": 63, 
      "assignment_group": 36
    }
  }, 
  {
    "pk": 37, 
    "model": "core.candidate", 
    "fields": {
      "candidate_id": null, 
      "student": 52, 
      "assignment_group": 37
    }
  }, 
  {
    "pk": 38, 
    "model": "core.candidate", 
    "fields": {
      "candidate_id": null, 
      "student": 53, 
      "assignment_group": 38
    }
  }, 
  {
    "pk": 39, 
    "model": "core.candidate", 
    "fields": {
      "candidate_id": null, 
      "student": 54, 
      "assignment_group": 39
    }
  }, 
  {
    "pk": 40, 
    "model": "core.candidate", 
    "fields": {
      "candidate_id": null, 
      "student": 55, 
      "assignment_group": 40
    }
  }, 
  {
    "pk": 41, 
    "model": "core.candidate", 
    "fields": {
      "candidate_id": null, 
      "student": 56, 
      "assignment_group": 41
    }
  }, 
  {
    "pk": 42, 
    "model": "core.candidate", 
    "fields": {
      "candidate_id": null, 
      "student": 57, 
      "assignment_group": 42
    }
  }, 
  {
    "pk": 43, 
    "model": "core.candidate", 
    "fields": {
      "candidate_id": null, 
      "student": 58, 
      "assignment_group": 43
    }
  }, 
  {
    "pk": 44, 
    "model": "core.candidate", 
    "fields": {
      "candidate_id": null, 
      "student": 59, 
      "assignment_group": 44
    }
  }, 
  {
    "pk": 45, 
    "model": "core.candidate", 
    "fields": {
      "candidate_id": null, 
      "student": 60, 
      "assignment_group": 45
    }
  }, 
  {
    "pk": 46, 
    "model": "core.candidate", 
    "fields": {
      "candidate_id": null, 
      "student": 61, 
      "assignment_group": 46
    }
  }, 
  {
    "pk": 47, 
    "model": "core.candidate", 
    "fields": {
      "candidate_id": null, 
      "student": 62, 
      "assignment_group": 47
    }
  }, 
  {
    "pk": 48, 
    "model": "core.candidate", 
    "fields": {
      "candidate_id": null, 
      "student": 63, 
      "assignment_group": 48
    }
  }, 
  {
    "pk": 49, 
    "model": "core.candidate", 
    "fields": {
      "candidate_id": null, 
      "student": 52, 
      "assignment_group": 49
    }
  }, 
  {
    "pk": 50, 
    "model": "core.candidate", 
    "fields": {
      "candidate_id": null, 
      "student": 53, 
      "assignment_group": 50
    }
  }, 
  {
    "pk": 51, 
    "model": "core.candidate", 
    "fields": {
      "candidate_id": null, 
      "student": 54, 
      "assignment_group": 51
    }
  }, 
  {
    "pk": 52, 
    "model": "core.candidate", 
    "fields": {
      "candidate_id": null, 
      "student": 55, 
      "assignment_group": 52
    }
  }, 
  {
    "pk": 53, 
    "model": "core.candidate", 
    "fields": {
      "candidate_id": null, 
      "student": 56, 
      "assignment_group": 53
    }
  }, 
  {
    "pk": 54, 
    "model": "core.candidate", 
    "fields": {
      "candidate_id": null, 
      "student": 57, 
      "assignment_group": 54
    }
  }, 
  {
    "pk": 55, 
    "model": "core.candidate", 
    "fields": {
      "candidate_id": null, 
      "student": 58, 
      "assignment_group": 55
    }
  }, 
  {
    "pk": 56, 
    "model": "core.candidate", 
    "fields": {
      "candidate_id": null, 
      "student": 59, 
      "assignment_group": 56
    }
  }, 
  {
    "pk": 57, 
    "model": "core.candidate", 
    "fields": {
      "candidate_id": null, 
      "student": 60, 
      "assignment_group": 57
    }
  }, 
  {
    "pk": 58, 
    "model": "core.candidate", 
    "fields": {
      "candidate_id": null, 
      "student": 61, 
      "assignment_group": 58
    }
  }, 
  {
    "pk": 59, 
    "model": "core.candidate", 
    "fields": {
      "candidate_id": null, 
      "student": 62, 
      "assignment_group": 59
    }
  }, 
  {
    "pk": 60, 
    "model": "core.candidate", 
    "fields": {
      "candidate_id": null, 
      "student": 63, 
      "assignment_group": 60
    }
  }, 
  {
    "pk": 61, 
    "model": "core.candidate", 
    "fields": {
      "candidate_id": null, 
      "student": 52, 
      "assignment_group": 61
    }
  }, 
  {
    "pk": 62, 
    "model": "core.candidate", 
    "fields": {
      "candidate_id": null, 
      "student": 53, 
      "assignment_group": 62
    }
  }, 
  {
    "pk": 63, 
    "model": "core.candidate", 
    "fields": {
      "candidate_id": null, 
      "student": 54, 
      "assignment_group": 63
    }
  }, 
  {
    "pk": 64, 
    "model": "core.candidate", 
    "fields": {
      "candidate_id": null, 
      "student": 55, 
      "assignment_group": 64
    }
  }, 
  {
    "pk": 65, 
    "model": "core.candidate", 
    "fields": {
      "candidate_id": null, 
      "student": 56, 
      "assignment_group": 65
    }
  }, 
  {
    "pk": 66, 
    "model": "core.candidate", 
    "fields": {
      "candidate_id": null, 
      "student": 57, 
      "assignment_group": 66
    }
  }, 
  {
    "pk": 67, 
    "model": "core.candidate", 
    "fields": {
      "candidate_id": null, 
      "student": 58, 
      "assignment_group": 67
    }
  }, 
  {
    "pk": 68, 
    "model": "core.candidate", 
    "fields": {
      "candidate_id": null, 
      "student": 59, 
      "assignment_group": 68
    }
  }, 
  {
    "pk": 69, 
    "model": "core.candidate", 
    "fields": {
      "candidate_id": null, 
      "student": 60, 
      "assignment_group": 69
    }
  }, 
  {
    "pk": 70, 
    "model": "core.candidate", 
    "fields": {
      "candidate_id": null, 
      "student": 61, 
      "assignment_group": 70
    }
  }, 
  {
    "pk": 71, 
    "model": "core.candidate", 
    "fields": {
      "candidate_id": null, 
      "student": 62, 
      "assignment_group": 71
    }
  }, 
  {
    "pk": 72, 
    "model": "core.candidate", 
    "fields": {
      "candidate_id": null, 
      "student": 63, 
      "assignment_group": 72
    }
  }, 
  {
    "pk": 73, 
    "model": "core.candidate", 
    "fields": {
      "candidate_id": null, 
      "student": 52, 
      "assignment_group": 73
    }
  }, 
  {
    "pk": 74, 
    "model": "core.candidate", 
    "fields": {
      "candidate_id": null, 
      "student": 53, 
      "assignment_group": 74
    }
  }, 
  {
    "pk": 75, 
    "model": "core.candidate", 
    "fields": {
      "candidate_id": null, 
      "student": 54, 
      "assignment_group": 75
    }
  }, 
  {
    "pk": 76, 
    "model": "core.candidate", 
    "fields": {
      "candidate_id": null, 
      "student": 55, 
      "assignment_group": 76
    }
  }, 
  {
    "pk": 77, 
    "model": "core.candidate", 
    "fields": {
      "candidate_id": null, 
      "student": 56, 
      "assignment_group": 77
    }
  }, 
  {
    "pk": 78, 
    "model": "core.candidate", 
    "fields": {
      "candidate_id": null, 
      "student": 57, 
      "assignment_group": 78
    }
  }, 
  {
    "pk": 79, 
    "model": "core.candidate", 
    "fields": {
      "candidate_id": null, 
      "student": 58, 
      "assignment_group": 79
    }
  }, 
  {
    "pk": 80, 
    "model": "core.candidate", 
    "fields": {
      "candidate_id": null, 
      "student": 59, 
      "assignment_group": 80
    }
  }, 
  {
    "pk": 81, 
    "model": "core.candidate", 
    "fields": {
      "candidate_id": null, 
      "student": 60, 
      "assignment_group": 81
    }
  }, 
  {
    "pk": 82, 
    "model": "core.candidate", 
    "fields": {
      "candidate_id": null, 
      "student": 61, 
      "assignment_group": 82
    }
  }, 
  {
    "pk": 83, 
    "model": "core.candidate", 
    "fields": {
      "candidate_id": null, 
      "student": 62, 
      "assignment_group": 83
    }
  }, 
  {
    "pk": 84, 
    "model": "core.candidate", 
    "fields": {
      "candidate_id": null, 
      "student": 63, 
      "assignment_group": 84
    }
  }, 
  {
    "pk": 85, 
    "model": "core.candidate", 
    "fields": {
      "candidate_id": null, 
      "student": 52, 
      "assignment_group": 85
    }
  }, 
  {
    "pk": 86, 
    "model": "core.candidate", 
    "fields": {
      "candidate_id": null, 
      "student": 53, 
      "assignment_group": 86
    }
  }, 
  {
    "pk": 87, 
    "model": "core.candidate", 
    "fields": {
      "candidate_id": null, 
      "student": 54, 
      "assignment_group": 87
    }
  }, 
  {
    "pk": 88, 
    "model": "core.candidate", 
    "fields": {
      "candidate_id": null, 
      "student": 55, 
      "assignment_group": 88
    }
  }, 
  {
    "pk": 89, 
    "model": "core.candidate", 
    "fields": {
      "candidate_id": null, 
      "student": 56, 
      "assignment_group": 89
    }
  }, 
  {
    "pk": 90, 
    "model": "core.candidate", 
    "fields": {
      "candidate_id": null, 
      "student": 57, 
      "assignment_group": 90
    }
  }, 
  {
    "pk": 91, 
    "model": "core.candidate", 
    "fields": {
      "candidate_id": null, 
      "student": 58, 
      "assignment_group": 91
    }
  }, 
  {
    "pk": 92, 
    "model": "core.candidate", 
    "fields": {
      "candidate_id": null, 
      "student": 59, 
      "assignment_group": 92
    }
  }, 
  {
    "pk": 93, 
    "model": "core.candidate", 
    "fields": {
      "candidate_id": null, 
      "student": 60, 
      "assignment_group": 93
    }
  }, 
  {
    "pk": 94, 
    "model": "core.candidate", 
    "fields": {
      "candidate_id": null, 
      "student": 61, 
      "assignment_group": 94
    }
  }, 
  {
    "pk": 95, 
    "model": "core.candidate", 
    "fields": {
      "candidate_id": null, 
      "student": 62, 
      "assignment_group": 95
    }
  }, 
  {
    "pk": 96, 
    "model": "core.candidate", 
    "fields": {
      "candidate_id": null, 
      "student": 63, 
      "assignment_group": 96
    }
  }, 
  {
    "pk": 97, 
    "model": "core.candidate", 
    "fields": {
      "candidate_id": null, 
      "student": 52, 
      "assignment_group": 97
    }
  }, 
  {
    "pk": 98, 
    "model": "core.candidate", 
    "fields": {
      "candidate_id": null, 
      "student": 53, 
      "assignment_group": 98
    }
  }, 
  {
    "pk": 99, 
    "model": "core.candidate", 
    "fields": {
      "candidate_id": null, 
      "student": 54, 
      "assignment_group": 99
    }
  }, 
  {
    "pk": 100, 
    "model": "core.candidate", 
    "fields": {
      "candidate_id": null, 
      "student": 55, 
      "assignment_group": 100
    }
  }, 
  {
    "pk": 101, 
    "model": "core.candidate", 
    "fields": {
      "candidate_id": null, 
      "student": 56, 
      "assignment_group": 101
    }
  }, 
  {
    "pk": 102, 
    "model": "core.candidate", 
    "fields": {
      "candidate_id": null, 
      "student": 57, 
      "assignment_group": 102
    }
  }, 
  {
    "pk": 103, 
    "model": "core.candidate", 
    "fields": {
      "candidate_id": null, 
      "student": 58, 
      "assignment_group": 103
    }
  }, 
  {
    "pk": 104, 
    "model": "core.candidate", 
    "fields": {
      "candidate_id": null, 
      "student": 59, 
      "assignment_group": 104
    }
  }, 
  {
    "pk": 105, 
    "model": "core.candidate", 
    "fields": {
      "candidate_id": null, 
      "student": 60, 
      "assignment_group": 105
    }
  }, 
  {
    "pk": 106, 
    "model": "core.candidate", 
    "fields": {
      "candidate_id": null, 
      "student": 61, 
      "assignment_group": 106
    }
  }, 
  {
    "pk": 107, 
    "model": "core.candidate", 
    "fields": {
      "candidate_id": null, 
      "student": 62, 
      "assignment_group": 107
    }
  }, 
  {
    "pk": 108, 
    "model": "core.candidate", 
    "fields": {
      "candidate_id": null, 
      "student": 63, 
      "assignment_group": 108
    }
  }, 
  {
    "pk": 1, 
    "model": "core.assignmentgroup", 
    "fields": {
      "status": 3, 
      "is_passing_grade": true, 
      "name": null, 
      "parentnode": 1, 
      "scaled_points": 14.0, 
      "points": 14, 
      "is_open": true, 
      "examiners": [
        64
      ]
    }
  }, 
  {
    "pk": 2, 
    "model": "core.assignmentgroup", 
    "fields": {
      "status": 3, 
      "is_passing_grade": true, 
      "name": null, 
      "parentnode": 1, 
      "scaled_points": 13.0, 
      "points": 13, 
      "is_open": true, 
      "examiners": [
        65
      ]
    }
  }, 
  {
    "pk": 3, 
    "model": "core.assignmentgroup", 
    "fields": {
      "status": 3, 
      "is_passing_grade": true, 
      "name": null, 
      "parentnode": 1, 
      "scaled_points": 12.0, 
      "points": 12, 
      "is_open": true, 
      "examiners": [
        64
      ]
    }
  }, 
  {
    "pk": 4, 
    "model": "core.assignmentgroup", 
    "fields": {
      "status": 3, 
      "is_passing_grade": true, 
      "name": null, 
      "parentnode": 1, 
      "scaled_points": 11.0, 
      "points": 11, 
      "is_open": true, 
      "examiners": [
        65
      ]
    }
  }, 
  {
    "pk": 5, 
    "model": "core.assignmentgroup", 
    "fields": {
      "status": 3, 
      "is_passing_grade": true, 
      "name": null, 
      "parentnode": 1, 
      "scaled_points": 10.0, 
      "points": 10, 
      "is_open": true, 
      "examiners": [
        64
      ]
    }
  }, 
  {
    "pk": 6, 
    "model": "core.assignmentgroup", 
    "fields": {
      "status": 3, 
      "is_passing_grade": true, 
      "name": null, 
      "parentnode": 1, 
      "scaled_points": 9.0, 
      "points": 9, 
      "is_open": true, 
      "examiners": [
        65
      ]
    }
  }, 
  {
    "pk": 7, 
    "model": "core.assignmentgroup", 
    "fields": {
      "status": 3, 
      "is_passing_grade": true, 
      "name": null, 
      "parentnode": 1, 
      "scaled_points": 9.0, 
      "points": 9, 
      "is_open": true, 
      "examiners": [
        64
      ]
    }
  }, 
  {
    "pk": 8, 
    "model": "core.assignmentgroup", 
    "fields": {
      "status": 3, 
      "is_passing_grade": true, 
      "name": null, 
      "parentnode": 1, 
      "scaled_points": 6.0, 
      "points": 6, 
      "is_open": true, 
      "examiners": [
        65
      ]
    }
  }, 
  {
    "pk": 9, 
    "model": "core.assignmentgroup", 
    "fields": {
      "status": 3, 
      "is_passing_grade": true, 
      "name": null, 
      "parentnode": 1, 
      "scaled_points": 6.0, 
      "points": 6, 
      "is_open": true, 
      "examiners": [
        64
      ]
    }
  }, 
  {
    "pk": 10, 
    "model": "core.assignmentgroup", 
    "fields": {
      "status": 3, 
      "is_passing_grade": true, 
      "name": null, 
      "parentnode": 1, 
      "scaled_points": 4.0, 
      "points": 4, 
      "is_open": true, 
      "examiners": [
        65
      ]
    }
  }, 
  {
    "pk": 11, 
    "model": "core.assignmentgroup", 
    "fields": {
      "status": 0, 
      "is_passing_grade": false, 
      "name": null, 
      "parentnode": 1, 
      "scaled_points": 0.0, 
      "points": 0, 
      "is_open": true, 
      "examiners": [
        64
      ]
    }
  }, 
  {
    "pk": 12, 
    "model": "core.assignmentgroup", 
    "fields": {
      "status": 3, 
      "is_passing_grade": true, 
      "name": null, 
      "parentnode": 1, 
      "scaled_points": 2.0, 
      "points": 2, 
      "is_open": true, 
      "examiners": [
        65
      ]
    }
  }, 
  {
    "pk": 13, 
    "model": "core.assignmentgroup", 
    "fields": {
      "status": 3, 
      "is_passing_grade": true, 
      "name": null, 
      "parentnode": 2, 
      "scaled_points": 10.0, 
      "points": 10, 
      "is_open": true, 
      "examiners": [
        64
      ]
    }
  }, 
  {
    "pk": 14, 
    "model": "core.assignmentgroup", 
    "fields": {
      "status": 3, 
      "is_passing_grade": true, 
      "name": null, 
      "parentnode": 2, 
      "scaled_points": 9.0, 
      "points": 9, 
      "is_open": true, 
      "examiners": [
        65
      ]
    }
  }, 
  {
    "pk": 15, 
    "model": "core.assignmentgroup", 
    "fields": {
      "status": 3, 
      "is_passing_grade": true, 
      "name": null, 
      "parentnode": 2, 
      "scaled_points": 9.0, 
      "points": 9, 
      "is_open": true, 
      "examiners": [
        64
      ]
    }
  }, 
  {
    "pk": 16, 
    "model": "core.assignmentgroup", 
    "fields": {
      "status": 3, 
      "is_passing_grade": true, 
      "name": null, 
      "parentnode": 2, 
      "scaled_points": 8.0, 
      "points": 8, 
      "is_open": true, 
      "examiners": [
        65
      ]
    }
  }, 
  {
    "pk": 17, 
    "model": "core.assignmentgroup", 
    "fields": {
      "status": 3, 
      "is_passing_grade": true, 
      "name": null, 
      "parentnode": 2, 
      "scaled_points": 7.0, 
      "points": 7, 
      "is_open": true, 
      "examiners": [
        64
      ]
    }
  }, 
  {
    "pk": 18, 
    "model": "core.assignmentgroup", 
    "fields": {
      "status": 3, 
      "is_passing_grade": true, 
      "name": null, 
      "parentnode": 2, 
      "scaled_points": 6.0, 
      "points": 6, 
      "is_open": true, 
      "examiners": [
        65
      ]
    }
  }, 
  {
    "pk": 19, 
    "model": "core.assignmentgroup", 
    "fields": {
      "status": 3, 
      "is_passing_grade": true, 
      "name": null, 
      "parentnode": 2, 
      "scaled_points": 6.0, 
      "points": 6, 
      "is_open": true, 
      "examiners": [
        64
      ]
    }
  }, 
  {
    "pk": 20, 
    "model": "core.assignmentgroup", 
    "fields": {
      "status": 3, 
      "is_passing_grade": true, 
      "name": null, 
      "parentnode": 2, 
      "scaled_points": 5.0, 
      "points": 5, 
      "is_open": true, 
      "examiners": [
        65
      ]
    }
  }, 
  {
    "pk": 21, 
    "model": "core.assignmentgroup", 
    "fields": {
      "status": 3, 
      "is_passing_grade": true, 
      "name": null, 
      "parentnode": 2, 
      "scaled_points": 4.0, 
      "points": 4, 
      "is_open": true, 
      "examiners": [
        64
      ]
    }
  }, 
  {
    "pk": 22, 
    "model": "core.assignmentgroup", 
    "fields": {
      "status": 3, 
      "is_passing_grade": true, 
      "name": null, 
      "parentnode": 2, 
      "scaled_points": 3.0, 
      "points": 3, 
      "is_open": true, 
      "examiners": [
        65
      ]
    }
  }, 
  {
    "pk": 23, 
    "model": "core.assignmentgroup", 
    "fields": {
      "status": 1, 
      "is_passing_grade": false, 
      "name": null, 
      "parentnode": 2, 
      "scaled_points": 0.0, 
      "points": 0, 
      "is_open": true, 
      "examiners": [
        64
      ]
    }
  }, 
  {
    "pk": 24, 
    "model": "core.assignmentgroup", 
    "fields": {
      "status": 1, 
      "is_passing_grade": false, 
      "name": null, 
      "parentnode": 2, 
      "scaled_points": 0.0, 
      "points": 0, 
      "is_open": true, 
      "examiners": [
        65
      ]
    }
  }, 
  {
    "pk": 25, 
    "model": "core.assignmentgroup", 
    "fields": {
      "status": 3, 
      "is_passing_grade": true, 
      "name": null, 
      "parentnode": 3, 
      "scaled_points": 9.0, 
      "points": 9, 
      "is_open": true, 
      "examiners": [
        64
      ]
    }
  }, 
  {
    "pk": 26, 
    "model": "core.assignmentgroup", 
    "fields": {
      "status": 3, 
      "is_passing_grade": true, 
      "name": null, 
      "parentnode": 3, 
      "scaled_points": 8.0, 
      "points": 8, 
      "is_open": true, 
      "examiners": [
        65
      ]
    }
  }, 
  {
    "pk": 27, 
    "model": "core.assignmentgroup", 
    "fields": {
      "status": 3, 
      "is_passing_grade": true, 
      "name": null, 
      "parentnode": 3, 
      "scaled_points": 8.0, 
      "points": 8, 
      "is_open": true, 
      "examiners": [
        64
      ]
    }
  }, 
  {
    "pk": 28, 
    "model": "core.assignmentgroup", 
    "fields": {
      "status": 3, 
      "is_passing_grade": true, 
      "name": null, 
      "parentnode": 3, 
      "scaled_points": 7.0, 
      "points": 7, 
      "is_open": true, 
      "examiners": [
        65
      ]
    }
  }, 
  {
    "pk": 29, 
    "model": "core.assignmentgroup", 
    "fields": {
      "status": 0, 
      "is_passing_grade": false, 
      "name": null, 
      "parentnode": 3, 
      "scaled_points": 0.0, 
      "points": 0, 
      "is_open": true, 
      "examiners": [
        64
      ]
    }
  }, 
  {
    "pk": 30, 
    "model": "core.assignmentgroup", 
    "fields": {
      "status": 3, 
      "is_passing_grade": true, 
      "name": null, 
      "parentnode": 3, 
      "scaled_points": 6.0, 
      "points": 6, 
      "is_open": true, 
      "examiners": [
        65
      ]
    }
  }, 
  {
    "pk": 31, 
    "model": "core.assignmentgroup", 
    "fields": {
      "status": 1, 
      "is_passing_grade": false, 
      "name": null, 
      "parentnode": 3, 
      "scaled_points": 0.0, 
      "points": 0, 
      "is_open": true, 
      "examiners": [
        64
      ]
    }
  }, 
  {
    "pk": 32, 
    "model": "core.assignmentgroup", 
    "fields": {
      "status": 3, 
      "is_passing_grade": true, 
      "name": null, 
      "parentnode": 3, 
      "scaled_points": 4.0, 
      "points": 4, 
      "is_open": true, 
      "examiners": [
        65
      ]
    }
  }, 
  {
    "pk": 33, 
    "model": "core.assignmentgroup", 
    "fields": {
      "status": 3, 
      "is_passing_grade": true, 
      "name": null, 
      "parentnode": 3, 
      "scaled_points": 3.0, 
      "points": 3, 
      "is_open": true, 
      "examiners": [
        64
      ]
    }
  }, 
  {
    "pk": 34, 
    "model": "core.assignmentgroup", 
    "fields": {
      "status": 3, 
      "is_passing_grade": true, 
      "name": null, 
      "parentnode": 3, 
      "scaled_points": 3.0, 
      "points": 3, 
      "is_open": true, 
      "examiners": [
        65
      ]
    }
  }, 
  {
    "pk": 35, 
    "model": "core.assignmentgroup", 
    "fields": {
      "status": 3, 
      "is_passing_grade": true, 
      "name": null, 
      "parentnode": 3, 
      "scaled_points": 2.0, 
      "points": 2, 
      "is_open": true, 
      "examiners": [
        64
      ]
    }
  }, 
  {
    "pk": 36, 
    "model": "core.assignmentgroup", 
    "fields": {
      "status": 2, 
      "is_passing_grade": true, 
      "name": null, 
      "parentnode": 3, 
      "scaled_points": 0.0, 
      "points": 0, 
      "is_open": true, 
      "examiners": [
        65
      ]
    }
  }, 
  {
    "pk": 37, 
    "model": "core.assignmentgroup", 
    "fields": {
      "status": 2, 
      "is_passing_grade": true, 
      "name": null, 
      "parentnode": 4, 
      "scaled_points": 0.0, 
      "points": 0, 
      "is_open": true, 
      "examiners": [
        64
      ]
    }
  }, 
  {
    "pk": 38, 
    "model": "core.assignmentgroup", 
    "fields": {
      "status": 1, 
      "is_passing_grade": false, 
      "name": null, 
      "parentnode": 4, 
      "scaled_points": 0.0, 
      "points": 0, 
      "is_open": true, 
      "examiners": [
        65
      ]
    }
  }, 
  {
    "pk": 39, 
    "model": "core.assignmentgroup", 
    "fields": {
      "status": 1, 
      "is_passing_grade": false, 
      "name": null, 
      "parentnode": 4, 
      "scaled_points": 0.0, 
      "points": 0, 
      "is_open": true, 
      "examiners": [
        64
      ]
    }
  }, 
  {
    "pk": 40, 
    "model": "core.assignmentgroup", 
    "fields": {
      "status": 2, 
      "is_passing_grade": true, 
      "name": null, 
      "parentnode": 4, 
      "scaled_points": 0.0, 
      "points": 0, 
      "is_open": true, 
      "examiners": [
        65
      ]
    }
  }, 
  {
    "pk": 41, 
    "model": "core.assignmentgroup", 
    "fields": {
      "status": 1, 
      "is_passing_grade": false, 
      "name": null, 
      "parentnode": 4, 
      "scaled_points": 0.0, 
      "points": 0, 
      "is_open": true, 
      "examiners": [
        64
      ]
    }
  }, 
  {
    "pk": 42, 
    "model": "core.assignmentgroup", 
    "fields": {
      "status": 1, 
      "is_passing_grade": false, 
      "name": null, 
      "parentnode": 4, 
      "scaled_points": 0.0, 
      "points": 0, 
      "is_open": true, 
      "examiners": [
        65
      ]
    }
  }, 
  {
    "pk": 43, 
    "model": "core.assignmentgroup", 
    "fields": {
      "status": 1, 
      "is_passing_grade": false, 
      "name": null, 
      "parentnode": 4, 
      "scaled_points": 0.0, 
      "points": 0, 
      "is_open": true, 
      "examiners": [
        64
      ]
    }
  }, 
  {
    "pk": 44, 
    "model": "core.assignmentgroup", 
    "fields": {
      "status": 1, 
      "is_passing_grade": false, 
      "name": null, 
      "parentnode": 4, 
      "scaled_points": 0.0, 
      "points": 0, 
      "is_open": true, 
      "examiners": [
        65
      ]
    }
  }, 
  {
    "pk": 45, 
    "model": "core.assignmentgroup", 
    "fields": {
      "status": 3, 
      "is_passing_grade": true, 
      "name": null, 
      "parentnode": 4, 
      "scaled_points": 5.0, 
      "points": 5, 
      "is_open": true, 
      "examiners": [
        64
      ]
    }
  }, 
  {
    "pk": 46, 
    "model": "core.assignmentgroup", 
    "fields": {
      "status": 3, 
      "is_passing_grade": true, 
      "name": null, 
      "parentnode": 4, 
      "scaled_points": 3.0, 
      "points": 3, 
      "is_open": true, 
      "examiners": [
        65
      ]
    }
  }, 
  {
    "pk": 47, 
    "model": "core.assignmentgroup", 
    "fields": {
      "status": 2, 
      "is_passing_grade": true, 
      "name": null, 
      "parentnode": 4, 
      "scaled_points": 0.0, 
      "points": 0, 
      "is_open": true, 
      "examiners": [
        64
      ]
    }
  }, 
  {
    "pk": 48, 
    "model": "core.assignmentgroup", 
    "fields": {
      "status": 2, 
      "is_passing_grade": true, 
      "name": null, 
      "parentnode": 4, 
      "scaled_points": 0.0, 
      "points": 0, 
      "is_open": true, 
      "examiners": [
        65
      ]
    }
  }, 
  {
    "pk": 49, 
    "model": "core.assignmentgroup", 
    "fields": {
      "status": 2, 
      "is_passing_grade": true, 
      "name": null, 
      "parentnode": 5, 
      "scaled_points": 0.0, 
      "points": 0, 
      "is_open": true, 
      "examiners": [
        64
      ]
    }
  }, 
  {
    "pk": 50, 
    "model": "core.assignmentgroup", 
    "fields": {
      "status": 3, 
      "is_passing_grade": true, 
      "name": null, 
      "parentnode": 5, 
      "scaled_points": 9.0909090909090899, 
      "points": 10, 
      "is_open": true, 
      "examiners": [
        65
      ]
    }
  }, 
  {
    "pk": 51, 
    "model": "core.assignmentgroup", 
    "fields": {
      "status": 3, 
      "is_passing_grade": true, 
      "name": null, 
      "parentnode": 5, 
      "scaled_points": 9.0909090909090899, 
      "points": 10, 
      "is_open": true, 
      "examiners": [
        64
      ]
    }
  }, 
  {
    "pk": 52, 
    "model": "core.assignmentgroup", 
    "fields": {
      "status": 3, 
      "is_passing_grade": true, 
      "name": null, 
      "parentnode": 5, 
      "scaled_points": 8.1818181818181817, 
      "points": 9, 
      "is_open": true, 
      "examiners": [
        65
      ]
    }
  }, 
  {
    "pk": 53, 
    "model": "core.assignmentgroup", 
    "fields": {
      "status": 3, 
      "is_passing_grade": true, 
      "name": null, 
      "parentnode": 5, 
      "scaled_points": 7.2727272727272725, 
      "points": 8, 
      "is_open": true, 
      "examiners": [
        64
      ]
    }
  }, 
  {
    "pk": 54, 
    "model": "core.assignmentgroup", 
    "fields": {
      "status": 3, 
      "is_passing_grade": true, 
      "name": null, 
      "parentnode": 5, 
      "scaled_points": 6.3636363636363633, 
      "points": 7, 
      "is_open": true, 
      "examiners": [
        65
      ]
    }
  }, 
  {
    "pk": 55, 
    "model": "core.assignmentgroup", 
    "fields": {
      "status": 3, 
      "is_passing_grade": true, 
      "name": null, 
      "parentnode": 5, 
      "scaled_points": 5.4545454545454541, 
      "points": 6, 
      "is_open": true, 
      "examiners": [
        64
      ]
    }
  }, 
  {
    "pk": 56, 
    "model": "core.assignmentgroup", 
    "fields": {
      "status": 3, 
      "is_passing_grade": true, 
      "name": null, 
      "parentnode": 5, 
      "scaled_points": 4.545454545454545, 
      "points": 5, 
      "is_open": true, 
      "examiners": [
        65
      ]
    }
  }, 
  {
    "pk": 57, 
    "model": "core.assignmentgroup", 
    "fields": {
      "status": 3, 
      "is_passing_grade": true, 
      "name": null, 
      "parentnode": 5, 
      "scaled_points": 3.6363636363636362, 
      "points": 4, 
      "is_open": true, 
      "examiners": [
        64
      ]
    }
  }, 
  {
    "pk": 58, 
    "model": "core.assignmentgroup", 
    "fields": {
      "status": 3, 
      "is_passing_grade": true, 
      "name": null, 
      "parentnode": 5, 
      "scaled_points": 2.7272727272727271, 
      "points": 3, 
      "is_open": true, 
      "examiners": [
        65
      ]
    }
  }, 
  {
    "pk": 59, 
    "model": "core.assignmentgroup", 
    "fields": {
      "status": 3, 
      "is_passing_grade": true, 
      "name": null, 
      "parentnode": 5, 
      "scaled_points": 2.7272727272727271, 
      "points": 3, 
      "is_open": true, 
      "examiners": [
        64
      ]
    }
  }, 
  {
    "pk": 60, 
    "model": "core.assignmentgroup", 
    "fields": {
      "status": 3, 
      "is_passing_grade": true, 
      "name": null, 
      "parentnode": 5, 
      "scaled_points": 1.8181818181818181, 
      "points": 2, 
      "is_open": true, 
      "examiners": [
        65
      ]
    }
  }, 
  {
    "pk": 61, 
    "model": "core.assignmentgroup", 
    "fields": {
      "status": 3, 
      "is_passing_grade": true, 
      "name": null, 
      "parentnode": 6, 
      "scaled_points": 10.0, 
      "points": 9, 
      "is_open": true, 
      "examiners": [
        64
      ]
    }
  }, 
  {
    "pk": 62, 
    "model": "core.assignmentgroup", 
    "fields": {
      "status": 3, 
      "is_passing_grade": true, 
      "name": null, 
      "parentnode": 6, 
      "scaled_points": 8.8888888888888893, 
      "points": 8, 
      "is_open": true, 
      "examiners": [
        65
      ]
    }
  }, 
  {
    "pk": 63, 
    "model": "core.assignmentgroup", 
    "fields": {
      "status": 3, 
      "is_passing_grade": true, 
      "name": null, 
      "parentnode": 6, 
      "scaled_points": 8.8888888888888893, 
      "points": 8, 
      "is_open": true, 
      "examiners": [
        64
      ]
    }
  }, 
  {
    "pk": 64, 
    "model": "core.assignmentgroup", 
    "fields": {
      "status": 3, 
      "is_passing_grade": true, 
      "name": null, 
      "parentnode": 6, 
      "scaled_points": 7.7777777777777786, 
      "points": 7, 
      "is_open": true, 
      "examiners": [
        65
      ]
    }
  }, 
  {
    "pk": 65, 
    "model": "core.assignmentgroup", 
    "fields": {
      "status": 3, 
      "is_passing_grade": true, 
      "name": null, 
      "parentnode": 6, 
      "scaled_points": 7.7777777777777786, 
      "points": 7, 
      "is_open": true, 
      "examiners": [
        64
      ]
    }
  }, 
  {
    "pk": 66, 
    "model": "core.assignmentgroup", 
    "fields": {
      "status": 3, 
      "is_passing_grade": true, 
      "name": null, 
      "parentnode": 6, 
      "scaled_points": 5.5555555555555554, 
      "points": 5, 
      "is_open": true, 
      "examiners": [
        65
      ]
    }
  }, 
  {
    "pk": 67, 
    "model": "core.assignmentgroup", 
    "fields": {
      "status": 3, 
      "is_passing_grade": true, 
      "name": null, 
      "parentnode": 6, 
      "scaled_points": 5.5555555555555554, 
      "points": 5, 
      "is_open": true, 
      "examiners": [
        64
      ]
    }
  }, 
  {
    "pk": 68, 
    "model": "core.assignmentgroup", 
    "fields": {
      "status": 3, 
      "is_passing_grade": true, 
      "name": null, 
      "parentnode": 6, 
      "scaled_points": 4.4444444444444446, 
      "points": 4, 
      "is_open": true, 
      "examiners": [
        65
      ]
    }
  }, 
  {
    "pk": 69, 
    "model": "core.assignmentgroup", 
    "fields": {
      "status": 3, 
      "is_passing_grade": true, 
      "name": null, 
      "parentnode": 6, 
      "scaled_points": 3.3333333333333335, 
      "points": 3, 
      "is_open": true, 
      "examiners": [
        64
      ]
    }
  }, 
  {
    "pk": 70, 
    "model": "core.assignmentgroup", 
    "fields": {
      "status": 3, 
      "is_passing_grade": true, 
      "name": null, 
      "parentnode": 6, 
      "scaled_points": 3.3333333333333335, 
      "points": 3, 
      "is_open": true, 
      "examiners": [
        65
      ]
    }
  }, 
  {
    "pk": 71, 
    "model": "core.assignmentgroup", 
    "fields": {
      "status": 3, 
      "is_passing_grade": true, 
      "name": null, 
      "parentnode": 6, 
      "scaled_points": 2.2222222222222223, 
      "points": 2, 
      "is_open": true, 
      "examiners": [
        64
      ]
    }
  }, 
  {
    "pk": 72, 
    "model": "core.assignmentgroup", 
    "fields": {
      "status": 3, 
      "is_passing_grade": true, 
      "name": null, 
      "parentnode": 6, 
      "scaled_points": 3.3333333333333335, 
      "points": 3, 
      "is_open": true, 
      "examiners": [
        65
      ]
    }
  }, 
  {
    "pk": 73, 
    "model": "core.assignmentgroup", 
    "fields": {
      "status": 3, 
      "is_passing_grade": true, 
      "name": null, 
      "parentnode": 7, 
      "scaled_points": 10.0, 
      "points": 8, 
      "is_open": true, 
      "examiners": [
        64
      ]
    }
  }, 
  {
    "pk": 74, 
    "model": "core.assignmentgroup", 
    "fields": {
      "status": 2, 
      "is_passing_grade": true, 
      "name": null, 
      "parentnode": 7, 
      "scaled_points": 0.0, 
      "points": 0, 
      "is_open": true, 
      "examiners": [
        65
      ]
    }
  }, 
  {
    "pk": 75, 
    "model": "core.assignmentgroup", 
    "fields": {
      "status": 1, 
      "is_passing_grade": false, 
      "name": null, 
      "parentnode": 7, 
      "scaled_points": 0.0, 
      "points": 0, 
      "is_open": true, 
      "examiners": [
        64
      ]
    }
  }, 
  {
    "pk": 76, 
    "model": "core.assignmentgroup", 
    "fields": {
      "status": 3, 
      "is_passing_grade": true, 
      "name": null, 
      "parentnode": 7, 
      "scaled_points": 7.5, 
      "points": 6, 
      "is_open": true, 
      "examiners": [
        65
      ]
    }
  }, 
  {
    "pk": 77, 
    "model": "core.assignmentgroup", 
    "fields": {
      "status": 1, 
      "is_passing_grade": false, 
      "name": null, 
      "parentnode": 7, 
      "scaled_points": 0.0, 
      "points": 0, 
      "is_open": true, 
      "examiners": [
        64
      ]
    }
  }, 
  {
    "pk": 78, 
    "model": "core.assignmentgroup", 
    "fields": {
      "status": 1, 
      "is_passing_grade": false, 
      "name": null, 
      "parentnode": 7, 
      "scaled_points": 0.0, 
      "points": 0, 
      "is_open": true, 
      "examiners": [
        65
      ]
    }
  }, 
  {
    "pk": 79, 
    "model": "core.assignmentgroup", 
    "fields": {
      "status": 1, 
      "is_passing_grade": false, 
      "name": null, 
      "parentnode": 7, 
      "scaled_points": 0.0, 
      "points": 0, 
      "is_open": true, 
      "examiners": [
        64
      ]
    }
  }, 
  {
    "pk": 80, 
    "model": "core.assignmentgroup", 
    "fields": {
      "status": 3, 
      "is_passing_grade": true, 
      "name": null, 
      "parentnode": 7, 
      "scaled_points": 5.0, 
      "points": 4, 
      "is_open": true, 
      "examiners": [
        65
      ]
    }
  }, 
  {
    "pk": 81, 
    "model": "core.assignmentgroup", 
    "fields": {
      "status": 3, 
      "is_passing_grade": true, 
      "name": null, 
      "parentnode": 7, 
      "scaled_points": 3.75, 
      "points": 3, 
      "is_open": true, 
      "examiners": [
        64
      ]
    }
  }, 
  {
    "pk": 82, 
    "model": "core.assignmentgroup", 
    "fields": {
      "status": 2, 
      "is_passing_grade": true, 
      "name": null, 
      "parentnode": 7, 
      "scaled_points": 0.0, 
      "points": 0, 
      "is_open": true, 
      "examiners": [
        65
      ]
    }
  }, 
  {
    "pk": 83, 
    "model": "core.assignmentgroup", 
    "fields": {
      "status": 2, 
      "is_passing_grade": true, 
      "name": null, 
      "parentnode": 7, 
      "scaled_points": 0.0, 
      "points": 0, 
      "is_open": true, 
      "examiners": [
        64
      ]
    }
  }, 
  {
    "pk": 84, 
    "model": "core.assignmentgroup", 
    "fields": {
      "status": 1, 
      "is_passing_grade": false, 
      "name": null, 
      "parentnode": 7, 
      "scaled_points": 0.0, 
      "points": 0, 
      "is_open": true, 
      "examiners": [
        65
      ]
    }
  }, 
  {
    "pk": 85, 
    "model": "core.assignmentgroup", 
    "fields": {
      "status": 3, 
      "is_passing_grade": true, 
      "name": null, 
      "parentnode": 8, 
      "scaled_points": 0.0, 
      "points": 0, 
      "is_open": true, 
      "examiners": [
        64
      ]
    }
  }, 
  {
    "pk": 86, 
    "model": "core.assignmentgroup", 
    "fields": {
      "status": 3, 
      "is_passing_grade": true, 
      "name": null, 
      "parentnode": 8, 
      "scaled_points": 0.0, 
      "points": 0, 
      "is_open": true, 
      "examiners": [
        65
      ]
    }
  }, 
  {
    "pk": 87, 
    "model": "core.assignmentgroup", 
    "fields": {
      "status": 3, 
      "is_passing_grade": true, 
      "name": null, 
      "parentnode": 8, 
      "scaled_points": 0.0, 
      "points": 0, 
      "is_open": true, 
      "examiners": [
        64
      ]
    }
  }, 
  {
    "pk": 88, 
    "model": "core.assignmentgroup", 
    "fields": {
      "status": 3, 
      "is_passing_grade": true, 
      "name": null, 
      "parentnode": 8, 
      "scaled_points": 0.0, 
      "points": 0, 
      "is_open": true, 
      "examiners": [
        65
      ]
    }
  }, 
  {
    "pk": 89, 
    "model": "core.assignmentgroup", 
    "fields": {
      "status": 3, 
      "is_passing_grade": true, 
      "name": null, 
      "parentnode": 8, 
      "scaled_points": 0.0, 
      "points": 0, 
      "is_open": true, 
      "examiners": [
        64
      ]
    }
  }, 
  {
    "pk": 90, 
    "model": "core.assignmentgroup", 
    "fields": {
      "status": 3, 
      "is_passing_grade": true, 
      "name": null, 
      "parentnode": 8, 
      "scaled_points": 0.0, 
      "points": 0, 
      "is_open": true, 
      "examiners": [
        65
      ]
    }
  }, 
  {
    "pk": 91, 
    "model": "core.assignmentgroup", 
    "fields": {
      "status": 3, 
      "is_passing_grade": true, 
      "name": null, 
      "parentnode": 8, 
      "scaled_points": 0.0, 
      "points": 0, 
      "is_open": true, 
      "examiners": [
        64
      ]
    }
  }, 
  {
    "pk": 92, 
    "model": "core.assignmentgroup", 
    "fields": {
      "status": 3, 
      "is_passing_grade": true, 
      "name": null, 
      "parentnode": 8, 
      "scaled_points": 1.0, 
      "points": 1, 
      "is_open": true, 
      "examiners": [
        65
      ]
    }
  }, 
  {
    "pk": 93, 
    "model": "core.assignmentgroup", 
    "fields": {
      "status": 3, 
      "is_passing_grade": true, 
      "name": null, 
      "parentnode": 8, 
      "scaled_points": 1.0, 
      "points": 1, 
      "is_open": true, 
      "examiners": [
        64
      ]
    }
  }, 
  {
    "pk": 94, 
    "model": "core.assignmentgroup", 
    "fields": {
      "status": 1, 
      "is_passing_grade": false, 
      "name": null, 
      "parentnode": 8, 
      "scaled_points": 0.0, 
      "points": 0, 
      "is_open": true, 
      "examiners": [
        65
      ]
    }
  }, 
  {
    "pk": 95, 
    "model": "core.assignmentgroup", 
    "fields": {
      "status": 3, 
      "is_passing_grade": true, 
      "name": null, 
      "parentnode": 8, 
      "scaled_points": 1.0, 
      "points": 1, 
      "is_open": true, 
      "examiners": [
        64
      ]
    }
  }, 
  {
    "pk": 96, 
    "model": "core.assignmentgroup", 
    "fields": {
      "status": 3, 
      "is_passing_grade": true, 
      "name": null, 
      "parentnode": 8, 
      "scaled_points": 1.0, 
      "points": 1, 
      "is_open": true, 
      "examiners": [
        65
      ]
    }
  }, 
  {
    "pk": 97, 
    "model": "core.assignmentgroup", 
    "fields": {
      "status": 0, 
      "is_passing_grade": false, 
      "name": null, 
      "parentnode": 9, 
      "scaled_points": 0.0, 
      "points": 0, 
      "is_open": true, 
      "examiners": [
        64
      ]
    }
  }, 
  {
    "pk": 98, 
    "model": "core.assignmentgroup", 
    "fields": {
      "status": 1, 
      "is_passing_grade": false, 
      "name": null, 
      "parentnode": 9, 
      "scaled_points": 0.0, 
      "points": 0, 
      "is_open": true, 
      "examiners": [
        65
      ]
    }
  }, 
  {
    "pk": 99, 
    "model": "core.assignmentgroup", 
    "fields": {
      "status": 0, 
      "is_passing_grade": false, 
      "name": null, 
      "parentnode": 9, 
      "scaled_points": 0.0, 
      "points": 0, 
      "is_open": true, 
      "examiners": [
        64
      ]
    }
  }, 
  {
    "pk": 100, 
    "model": "core.assignmentgroup", 
    "fields": {
      "status": 1, 
      "is_passing_grade": false, 
      "name": null, 
      "parentnode": 9, 
      "scaled_points": 0.0, 
      "points": 0, 
      "is_open": true, 
      "examiners": [
        65
      ]
    }
  }, 
  {
    "pk": 101, 
    "model": "core.assignmentgroup", 
    "fields": {
      "status": 1, 
      "is_passing_grade": false, 
      "name": null, 
      "parentnode": 9, 
      "scaled_points": 0.0, 
      "points": 0, 
      "is_open": true, 
      "examiners": [
        64
      ]
    }
  }, 
  {
    "pk": 102, 
    "model": "core.assignmentgroup", 
    "fields": {
      "status": 0, 
      "is_passing_grade": false, 
      "name": null, 
      "parentnode": 9, 
      "scaled_points": 0.0, 
      "points": 0, 
      "is_open": true, 
      "examiners": [
        65
      ]
    }
  }, 
  {
    "pk": 103, 
    "model": "core.assignmentgroup", 
    "fields": {
      "status": 1, 
      "is_passing_grade": false, 
      "name": null, 
      "parentnode": 9, 
      "scaled_points": 0.0, 
      "points": 0, 
      "is_open": true, 
      "examiners": [
        64
      ]
    }
  }, 
  {
    "pk": 104, 
    "model": "core.assignmentgroup", 
    "fields": {
      "status": 0, 
      "is_passing_grade": false, 
      "name": null, 
      "parentnode": 9, 
      "scaled_points": 0.0, 
      "points": 0, 
      "is_open": true, 
      "examiners": [
        65
      ]
    }
  }, 
  {
    "pk": 105, 
    "model": "core.assignmentgroup", 
    "fields": {
      "status": 0, 
      "is_passing_grade": false, 
      "name": null, 
      "parentnode": 9, 
      "scaled_points": 0.0, 
      "points": 0, 
      "is_open": true, 
      "examiners": [
        64
      ]
    }
  }, 
  {
    "pk": 106, 
    "model": "core.assignmentgroup", 
    "fields": {
      "status": 0, 
      "is_passing_grade": false, 
      "name": null, 
      "parentnode": 9, 
      "scaled_points": 0.0, 
      "points": 0, 
      "is_open": true, 
      "examiners": [
        65
      ]
    }
  }, 
  {
    "pk": 107, 
    "model": "core.assignmentgroup", 
    "fields": {
      "status": 1, 
      "is_passing_grade": false, 
      "name": null, 
      "parentnode": 9, 
      "scaled_points": 0.0, 
      "points": 0, 
      "is_open": true, 
      "examiners": [
        64
      ]
    }
  }, 
  {
    "pk": 108, 
    "model": "core.assignmentgroup", 
    "fields": {
      "status": 0, 
      "is_passing_grade": false, 
      "name": null, 
      "parentnode": 9, 
      "scaled_points": 0.0, 
      "points": 0, 
      "is_open": true, 
      "examiners": [
        65
      ]
    }
  }, 
  {
    "pk": 97, 
    "model": "core.deadline", 
    "fields": {
      "text": null, 
      "deadline": "2011-05-26 20:13:05", 
      "assignment_group": 97
    }
  }, 
  {
    "pk": 98, 
    "model": "core.deadline", 
    "fields": {
      "text": null, 
      "deadline": "2011-05-26 20:13:05", 
      "assignment_group": 98
    }
  }, 
  {
    "pk": 99, 
    "model": "core.deadline", 
    "fields": {
      "text": null, 
      "deadline": "2011-05-26 20:13:05", 
      "assignment_group": 99
    }
  }, 
  {
    "pk": 100, 
    "model": "core.deadline", 
    "fields": {
      "text": null, 
      "deadline": "2011-05-26 20:13:05", 
      "assignment_group": 100
    }
  }, 
  {
    "pk": 101, 
    "model": "core.deadline", 
    "fields": {
      "text": null, 
      "deadline": "2011-05-26 20:13:05", 
      "assignment_group": 101
    }
  }, 
  {
    "pk": 102, 
    "model": "core.deadline", 
    "fields": {
      "text": null, 
      "deadline": "2011-05-26 20:13:05", 
      "assignment_group": 102
    }
  }, 
  {
    "pk": 103, 
    "model": "core.deadline", 
    "fields": {
      "text": null, 
      "deadline": "2011-05-26 20:13:05", 
      "assignment_group": 103
    }
  }, 
  {
    "pk": 104, 
    "model": "core.deadline", 
    "fields": {
      "text": null, 
      "deadline": "2011-05-26 20:13:05", 
      "assignment_group": 104
    }
  }, 
  {
    "pk": 105, 
    "model": "core.deadline", 
    "fields": {
      "text": null, 
      "deadline": "2011-05-26 20:13:05", 
      "assignment_group": 105
    }
  }, 
  {
    "pk": 106, 
    "model": "core.deadline", 
    "fields": {
      "text": null, 
      "deadline": "2011-05-26 20:13:05", 
      "assignment_group": 106
    }
  }, 
  {
    "pk": 107, 
    "model": "core.deadline", 
    "fields": {
      "text": null, 
      "deadline": "2011-05-26 20:13:05", 
      "assignment_group": 107
    }
  }, 
  {
    "pk": 108, 
    "model": "core.deadline", 
    "fields": {
      "text": null, 
      "deadline": "2011-05-26 20:13:05", 
      "assignment_group": 108
    }
  }, 
  {
    "pk": 73, 
    "model": "core.deadline", 
    "fields": {
      "text": null, 
      "deadline": "2011-05-22 20:13:01", 
      "assignment_group": 73
    }
  }, 
  {
    "pk": 74, 
    "model": "core.deadline", 
    "fields": {
      "text": null, 
      "deadline": "2011-05-22 20:13:01", 
      "assignment_group": 74
    }
  }, 
  {
    "pk": 75, 
    "model": "core.deadline", 
    "fields": {
      "text": null, 
      "deadline": "2011-05-22 20:13:01", 
      "assignment_group": 75
    }
  }, 
  {
    "pk": 76, 
    "model": "core.deadline", 
    "fields": {
      "text": null, 
      "deadline": "2011-05-22 20:13:01", 
      "assignment_group": 76
    }
  }, 
  {
    "pk": 77, 
    "model": "core.deadline", 
    "fields": {
      "text": null, 
      "deadline": "2011-05-22 20:13:01", 
      "assignment_group": 77
    }
  }, 
  {
    "pk": 78, 
    "model": "core.deadline", 
    "fields": {
      "text": null, 
      "deadline": "2011-05-22 20:13:01", 
      "assignment_group": 78
    }
  }, 
  {
    "pk": 79, 
    "model": "core.deadline", 
    "fields": {
      "text": null, 
      "deadline": "2011-05-22 20:13:01", 
      "assignment_group": 79
    }
  }, 
  {
    "pk": 80, 
    "model": "core.deadline", 
    "fields": {
      "text": null, 
      "deadline": "2011-05-22 20:13:01", 
      "assignment_group": 80
    }
  }, 
  {
    "pk": 81, 
    "model": "core.deadline", 
    "fields": {
      "text": null, 
      "deadline": "2011-05-22 20:13:01", 
      "assignment_group": 81
    }
  }, 
  {
    "pk": 82, 
    "model": "core.deadline", 
    "fields": {
      "text": null, 
      "deadline": "2011-05-22 20:13:01", 
      "assignment_group": 82
    }
  }, 
  {
    "pk": 83, 
    "model": "core.deadline", 
    "fields": {
      "text": null, 
      "deadline": "2011-05-22 20:13:01", 
      "assignment_group": 83
    }
  }, 
  {
    "pk": 84, 
    "model": "core.deadline", 
    "fields": {
      "text": null, 
      "deadline": "2011-05-22 20:13:01", 
      "assignment_group": 84
    }
  }, 
  {
    "pk": 37, 
    "model": "core.deadline", 
    "fields": {
      "text": null, 
      "deadline": "2011-05-22 20:12:53", 
      "assignment_group": 37
    }
  }, 
  {
    "pk": 38, 
    "model": "core.deadline", 
    "fields": {
      "text": null, 
      "deadline": "2011-05-22 20:12:53", 
      "assignment_group": 38
    }
  }, 
  {
    "pk": 39, 
    "model": "core.deadline", 
    "fields": {
      "text": null, 
      "deadline": "2011-05-22 20:12:53", 
      "assignment_group": 39
    }
  }, 
  {
    "pk": 40, 
    "model": "core.deadline", 
    "fields": {
      "text": null, 
      "deadline": "2011-05-22 20:12:53", 
      "assignment_group": 40
    }
  }, 
  {
    "pk": 41, 
    "model": "core.deadline", 
    "fields": {
      "text": null, 
      "deadline": "2011-05-22 20:12:53", 
      "assignment_group": 41
    }
  }, 
  {
    "pk": 42, 
    "model": "core.deadline", 
    "fields": {
      "text": null, 
      "deadline": "2011-05-22 20:12:53", 
      "assignment_group": 42
    }
  }, 
  {
    "pk": 43, 
    "model": "core.deadline", 
    "fields": {
      "text": null, 
      "deadline": "2011-05-22 20:12:53", 
      "assignment_group": 43
    }
  }, 
  {
    "pk": 44, 
    "model": "core.deadline", 
    "fields": {
      "text": null, 
      "deadline": "2011-05-22 20:12:53", 
      "assignment_group": 44
    }
  }, 
  {
    "pk": 45, 
    "model": "core.deadline", 
    "fields": {
      "text": null, 
      "deadline": "2011-05-22 20:12:53", 
      "assignment_group": 45
    }
  }, 
  {
    "pk": 46, 
    "model": "core.deadline", 
    "fields": {
      "text": null, 
      "deadline": "2011-05-22 20:12:53", 
      "assignment_group": 46
    }
  }, 
  {
    "pk": 47, 
    "model": "core.deadline", 
    "fields": {
      "text": null, 
      "deadline": "2011-05-22 20:12:53", 
      "assignment_group": 47
    }
  }, 
  {
    "pk": 48, 
    "model": "core.deadline", 
    "fields": {
      "text": null, 
      "deadline": "2011-05-22 20:12:53", 
      "assignment_group": 48
    }
  }, 
  {
    "pk": 25, 
    "model": "core.deadline", 
    "fields": {
      "text": null, 
      "deadline": "2011-05-16 20:12:50", 
      "assignment_group": 25
    }
  }, 
  {
    "pk": 26, 
    "model": "core.deadline", 
    "fields": {
      "text": null, 
      "deadline": "2011-05-16 20:12:50", 
      "assignment_group": 26
    }
  }, 
  {
    "pk": 27, 
    "model": "core.deadline", 
    "fields": {
      "text": null, 
      "deadline": "2011-05-16 20:12:50", 
      "assignment_group": 27
    }
  }, 
  {
    "pk": 28, 
    "model": "core.deadline", 
    "fields": {
      "text": null, 
      "deadline": "2011-05-16 20:12:50", 
      "assignment_group": 28
    }
  }, 
  {
    "pk": 29, 
    "model": "core.deadline", 
    "fields": {
      "text": null, 
      "deadline": "2011-05-16 20:12:50", 
      "assignment_group": 29
    }
  }, 
  {
    "pk": 30, 
    "model": "core.deadline", 
    "fields": {
      "text": null, 
      "deadline": "2011-05-16 20:12:50", 
      "assignment_group": 30
    }
  }, 
  {
    "pk": 31, 
    "model": "core.deadline", 
    "fields": {
      "text": null, 
      "deadline": "2011-05-16 20:12:50", 
      "assignment_group": 31
    }
  }, 
  {
    "pk": 32, 
    "model": "core.deadline", 
    "fields": {
      "text": null, 
      "deadline": "2011-05-16 20:12:50", 
      "assignment_group": 32
    }
  }, 
  {
    "pk": 33, 
    "model": "core.deadline", 
    "fields": {
      "text": null, 
      "deadline": "2011-05-16 20:12:50", 
      "assignment_group": 33
    }
  }, 
  {
    "pk": 34, 
    "model": "core.deadline", 
    "fields": {
      "text": null, 
      "deadline": "2011-05-16 20:12:50", 
      "assignment_group": 34
    }
  }, 
  {
    "pk": 35, 
    "model": "core.deadline", 
    "fields": {
      "text": null, 
      "deadline": "2011-05-16 20:12:50", 
      "assignment_group": 35
    }
  }, 
  {
    "pk": 36, 
    "model": "core.deadline", 
    "fields": {
      "text": null, 
      "deadline": "2011-05-16 20:12:50", 
      "assignment_group": 36
    }
  }, 
  {
    "pk": 61, 
    "model": "core.deadline", 
    "fields": {
      "text": null, 
      "deadline": "2011-05-05 20:12:58", 
      "assignment_group": 61
    }
  }, 
  {
    "pk": 62, 
    "model": "core.deadline", 
    "fields": {
      "text": null, 
      "deadline": "2011-05-05 20:12:58", 
      "assignment_group": 62
    }
  }, 
  {
    "pk": 63, 
    "model": "core.deadline", 
    "fields": {
      "text": null, 
      "deadline": "2011-05-05 20:12:58", 
      "assignment_group": 63
    }
  }, 
  {
    "pk": 64, 
    "model": "core.deadline", 
    "fields": {
      "text": null, 
      "deadline": "2011-05-05 20:12:58", 
      "assignment_group": 64
    }
  }, 
  {
    "pk": 65, 
    "model": "core.deadline", 
    "fields": {
      "text": null, 
      "deadline": "2011-05-05 20:12:58", 
      "assignment_group": 65
    }
  }, 
  {
    "pk": 66, 
    "model": "core.deadline", 
    "fields": {
      "text": null, 
      "deadline": "2011-05-05 20:12:58", 
      "assignment_group": 66
    }
  }, 
  {
    "pk": 67, 
    "model": "core.deadline", 
    "fields": {
      "text": null, 
      "deadline": "2011-05-05 20:12:58", 
      "assignment_group": 67
    }
  }, 
  {
    "pk": 68, 
    "model": "core.deadline", 
    "fields": {
      "text": null, 
      "deadline": "2011-05-05 20:12:58", 
      "assignment_group": 68
    }
  }, 
  {
    "pk": 69, 
    "model": "core.deadline", 
    "fields": {
      "text": null, 
      "deadline": "2011-05-05 20:12:58", 
      "assignment_group": 69
    }
  }, 
  {
    "pk": 70, 
    "model": "core.deadline", 
    "fields": {
      "text": null, 
      "deadline": "2011-05-05 20:12:58", 
      "assignment_group": 70
    }
  }, 
  {
    "pk": 71, 
    "model": "core.deadline", 
    "fields": {
      "text": null, 
      "deadline": "2011-05-05 20:12:58", 
      "assignment_group": 71
    }
  }, 
  {
    "pk": 72, 
    "model": "core.deadline", 
    "fields": {
      "text": null, 
      "deadline": "2011-05-05 20:12:58", 
      "assignment_group": 72
    }
  }, 
  {
    "pk": 13, 
    "model": "core.deadline", 
    "fields": {
      "text": null, 
      "deadline": "2011-05-05 20:12:48", 
      "assignment_group": 13
    }
  }, 
  {
    "pk": 14, 
    "model": "core.deadline", 
    "fields": {
      "text": null, 
      "deadline": "2011-05-05 20:12:48", 
      "assignment_group": 14
    }
  }, 
  {
    "pk": 15, 
    "model": "core.deadline", 
    "fields": {
      "text": null, 
      "deadline": "2011-05-05 20:12:48", 
      "assignment_group": 15
    }
  }, 
  {
    "pk": 16, 
    "model": "core.deadline", 
    "fields": {
      "text": null, 
      "deadline": "2011-05-05 20:12:48", 
      "assignment_group": 16
    }
  }, 
  {
    "pk": 17, 
    "model": "core.deadline", 
    "fields": {
      "text": null, 
      "deadline": "2011-05-05 20:12:48", 
      "assignment_group": 17
    }
  }, 
  {
    "pk": 18, 
    "model": "core.deadline", 
    "fields": {
      "text": null, 
      "deadline": "2011-05-05 20:12:48", 
      "assignment_group": 18
    }
  }, 
  {
    "pk": 19, 
    "model": "core.deadline", 
    "fields": {
      "text": null, 
      "deadline": "2011-05-05 20:12:48", 
      "assignment_group": 19
    }
  }, 
  {
    "pk": 20, 
    "model": "core.deadline", 
    "fields": {
      "text": null, 
      "deadline": "2011-05-05 20:12:48", 
      "assignment_group": 20
    }
  }, 
  {
    "pk": 21, 
    "model": "core.deadline", 
    "fields": {
      "text": null, 
      "deadline": "2011-05-05 20:12:48", 
      "assignment_group": 21
    }
  }, 
  {
    "pk": 22, 
    "model": "core.deadline", 
    "fields": {
      "text": null, 
      "deadline": "2011-05-05 20:12:48", 
      "assignment_group": 22
    }
  }, 
  {
    "pk": 23, 
    "model": "core.deadline", 
    "fields": {
      "text": null, 
      "deadline": "2011-05-05 20:12:48", 
      "assignment_group": 23
    }
  }, 
  {
    "pk": 24, 
    "model": "core.deadline", 
    "fields": {
      "text": null, 
      "deadline": "2011-05-05 20:12:48", 
      "assignment_group": 24
    }
  }, 
  {
    "pk": 85, 
    "model": "core.deadline", 
    "fields": {
      "text": null, 
      "deadline": "2011-04-25 20:13:03", 
      "assignment_group": 85
    }
  }, 
  {
    "pk": 86, 
    "model": "core.deadline", 
    "fields": {
      "text": null, 
      "deadline": "2011-04-25 20:13:03", 
      "assignment_group": 86
    }
  }, 
  {
    "pk": 87, 
    "model": "core.deadline", 
    "fields": {
      "text": null, 
      "deadline": "2011-04-25 20:13:03", 
      "assignment_group": 87
    }
  }, 
  {
    "pk": 88, 
    "model": "core.deadline", 
    "fields": {
      "text": null, 
      "deadline": "2011-04-25 20:13:03", 
      "assignment_group": 88
    }
  }, 
  {
    "pk": 89, 
    "model": "core.deadline", 
    "fields": {
      "text": null, 
      "deadline": "2011-04-25 20:13:03", 
      "assignment_group": 89
    }
  }, 
  {
    "pk": 90, 
    "model": "core.deadline", 
    "fields": {
      "text": null, 
      "deadline": "2011-04-25 20:13:03", 
      "assignment_group": 90
    }
  }, 
  {
    "pk": 91, 
    "model": "core.deadline", 
    "fields": {
      "text": null, 
      "deadline": "2011-04-25 20:13:03", 
      "assignment_group": 91
    }
  }, 
  {
    "pk": 92, 
    "model": "core.deadline", 
    "fields": {
      "text": null, 
      "deadline": "2011-04-25 20:13:03", 
      "assignment_group": 92
    }
  }, 
  {
    "pk": 93, 
    "model": "core.deadline", 
    "fields": {
      "text": null, 
      "deadline": "2011-04-25 20:13:03", 
      "assignment_group": 93
    }
  }, 
  {
    "pk": 94, 
    "model": "core.deadline", 
    "fields": {
      "text": null, 
      "deadline": "2011-04-25 20:13:03", 
      "assignment_group": 94
    }
  }, 
  {
    "pk": 95, 
    "model": "core.deadline", 
    "fields": {
      "text": null, 
      "deadline": "2011-04-25 20:13:03", 
      "assignment_group": 95
    }
  }, 
  {
    "pk": 96, 
    "model": "core.deadline", 
    "fields": {
      "text": null, 
      "deadline": "2011-04-25 20:13:03", 
      "assignment_group": 96
    }
  }, 
  {
    "pk": 49, 
    "model": "core.deadline", 
    "fields": {
      "text": null, 
      "deadline": "2011-04-25 20:12:56", 
      "assignment_group": 49
    }
  }, 
  {
    "pk": 50, 
    "model": "core.deadline", 
    "fields": {
      "text": null, 
      "deadline": "2011-04-25 20:12:56", 
      "assignment_group": 50
    }
  }, 
  {
    "pk": 51, 
    "model": "core.deadline", 
    "fields": {
      "text": null, 
      "deadline": "2011-04-25 20:12:56", 
      "assignment_group": 51
    }
  }, 
  {
    "pk": 52, 
    "model": "core.deadline", 
    "fields": {
      "text": null, 
      "deadline": "2011-04-25 20:12:56", 
      "assignment_group": 52
    }
  }, 
  {
    "pk": 53, 
    "model": "core.deadline", 
    "fields": {
      "text": null, 
      "deadline": "2011-04-25 20:12:56", 
      "assignment_group": 53
    }
  }, 
  {
    "pk": 54, 
    "model": "core.deadline", 
    "fields": {
      "text": null, 
      "deadline": "2011-04-25 20:12:56", 
      "assignment_group": 54
    }
  }, 
  {
    "pk": 55, 
    "model": "core.deadline", 
    "fields": {
      "text": null, 
      "deadline": "2011-04-25 20:12:56", 
      "assignment_group": 55
    }
  }, 
  {
    "pk": 56, 
    "model": "core.deadline", 
    "fields": {
      "text": null, 
      "deadline": "2011-04-25 20:12:56", 
      "assignment_group": 56
    }
  }, 
  {
    "pk": 57, 
    "model": "core.deadline", 
    "fields": {
      "text": null, 
      "deadline": "2011-04-25 20:12:56", 
      "assignment_group": 57
    }
  }, 
  {
    "pk": 58, 
    "model": "core.deadline", 
    "fields": {
      "text": null, 
      "deadline": "2011-04-25 20:12:56", 
      "assignment_group": 58
    }
  }, 
  {
    "pk": 59, 
    "model": "core.deadline", 
    "fields": {
      "text": null, 
      "deadline": "2011-04-25 20:12:56", 
      "assignment_group": 59
    }
  }, 
  {
    "pk": 60, 
    "model": "core.deadline", 
    "fields": {
      "text": null, 
      "deadline": "2011-04-25 20:12:56", 
      "assignment_group": 60
    }
  }, 
  {
    "pk": 1, 
    "model": "core.deadline", 
    "fields": {
      "text": null, 
      "deadline": "2011-04-25 20:12:46", 
      "assignment_group": 1
    }
  }, 
  {
    "pk": 2, 
    "model": "core.deadline", 
    "fields": {
      "text": null, 
      "deadline": "2011-04-25 20:12:46", 
      "assignment_group": 2
    }
  }, 
  {
    "pk": 3, 
    "model": "core.deadline", 
    "fields": {
      "text": null, 
      "deadline": "2011-04-25 20:12:46", 
      "assignment_group": 3
    }
  }, 
  {
    "pk": 4, 
    "model": "core.deadline", 
    "fields": {
      "text": null, 
      "deadline": "2011-04-25 20:12:46", 
      "assignment_group": 4
    }
  }, 
  {
    "pk": 5, 
    "model": "core.deadline", 
    "fields": {
      "text": null, 
      "deadline": "2011-04-25 20:12:46", 
      "assignment_group": 5
    }
  }, 
  {
    "pk": 6, 
    "model": "core.deadline", 
    "fields": {
      "text": null, 
      "deadline": "2011-04-25 20:12:46", 
      "assignment_group": 6
    }
  }, 
  {
    "pk": 7, 
    "model": "core.deadline", 
    "fields": {
      "text": null, 
      "deadline": "2011-04-25 20:12:46", 
      "assignment_group": 7
    }
  }, 
  {
    "pk": 8, 
    "model": "core.deadline", 
    "fields": {
      "text": null, 
      "deadline": "2011-04-25 20:12:46", 
      "assignment_group": 8
    }
  }, 
  {
    "pk": 9, 
    "model": "core.deadline", 
    "fields": {
      "text": null, 
      "deadline": "2011-04-25 20:12:46", 
      "assignment_group": 9
    }
  }, 
  {
    "pk": 10, 
    "model": "core.deadline", 
    "fields": {
      "text": null, 
      "deadline": "2011-04-25 20:12:46", 
      "assignment_group": 10
    }
  }, 
  {
    "pk": 11, 
    "model": "core.deadline", 
    "fields": {
      "text": null, 
      "deadline": "2011-04-25 20:12:46", 
      "assignment_group": 11
    }
  }, 
  {
    "pk": 12, 
    "model": "core.deadline", 
    "fields": {
      "text": null, 
      "deadline": "2011-04-25 20:12:46", 
      "assignment_group": 12
    }
  }, 
  {
    "pk": 164, 
    "model": "core.delivery", 
    "fields": {
      "delivered_by": 58, 
      "successful": true, 
      "time_of_delivery": "2011-05-25 02:05:06", 
      "number": 1, 
      "assignment_group": 103
    }
  }, 
  {
    "pk": 163, 
    "model": "core.delivery", 
    "fields": {
      "delivered_by": 56, 
      "successful": true, 
      "time_of_delivery": "2011-05-25 01:52:06", 
      "number": 5, 
      "assignment_group": 101
    }
  }, 
  {
    "pk": 166, 
    "model": "core.delivery", 
    "fields": {
      "delivered_by": 62, 
      "successful": true, 
      "time_of_delivery": "2011-05-25 01:13:06", 
      "number": 2, 
      "assignment_group": 107
    }
  }, 
  {
    "pk": 162, 
    "model": "core.delivery", 
    "fields": {
      "delivered_by": 56, 
      "successful": true, 
      "time_of_delivery": "2011-05-25 00:24:06", 
      "number": 4, 
      "assignment_group": 101
    }
  }, 
  {
    "pk": 161, 
    "model": "core.delivery", 
    "fields": {
      "delivered_by": 56, 
      "successful": true, 
      "time_of_delivery": "2011-05-24 23:11:06", 
      "number": 3, 
      "assignment_group": 101
    }
  }, 
  {
    "pk": 158, 
    "model": "core.delivery", 
    "fields": {
      "delivered_by": 55, 
      "successful": true, 
      "time_of_delivery": "2011-05-24 22:51:06", 
      "number": 1, 
      "assignment_group": 100
    }
  }, 
  {
    "pk": 165, 
    "model": "core.delivery", 
    "fields": {
      "delivered_by": 62, 
      "successful": true, 
      "time_of_delivery": "2011-05-24 22:16:06", 
      "number": 1, 
      "assignment_group": 107
    }
  }, 
  {
    "pk": 160, 
    "model": "core.delivery", 
    "fields": {
      "delivered_by": 56, 
      "successful": true, 
      "time_of_delivery": "2011-05-24 21:29:06", 
      "number": 2, 
      "assignment_group": 101
    }
  }, 
  {
    "pk": 159, 
    "model": "core.delivery", 
    "fields": {
      "delivered_by": 56, 
      "successful": true, 
      "time_of_delivery": "2011-05-24 19:23:06", 
      "number": 1, 
      "assignment_group": 101
    }
  }, 
  {
    "pk": 157, 
    "model": "core.delivery", 
    "fields": {
      "delivered_by": 53, 
      "successful": true, 
      "time_of_delivery": "2011-05-24 18:26:06", 
      "number": 1, 
      "assignment_group": 98
    }
  }, 
  {
    "pk": 67, 
    "model": "core.delivery", 
    "fields": {
      "delivered_by": 58, 
      "successful": true, 
      "time_of_delivery": "2011-05-23 01:56:53", 
      "number": 5, 
      "assignment_group": 43
    }
  }, 
  {
    "pk": 66, 
    "model": "core.delivery", 
    "fields": {
      "delivered_by": 58, 
      "successful": true, 
      "time_of_delivery": "2011-05-23 01:49:53", 
      "number": 4, 
      "assignment_group": 43
    }
  }, 
  {
    "pk": 65, 
    "model": "core.delivery", 
    "fields": {
      "delivered_by": 58, 
      "successful": true, 
      "time_of_delivery": "2011-05-22 23:29:53", 
      "number": 3, 
      "assignment_group": 43
    }
  }, 
  {
    "pk": 132, 
    "model": "core.delivery", 
    "fields": {
      "delivered_by": 61, 
      "successful": true, 
      "time_of_delivery": "2011-05-22 22:04:01", 
      "number": 4, 
      "assignment_group": 82
    }
  }, 
  {
    "pk": 131, 
    "model": "core.delivery", 
    "fields": {
      "delivered_by": 61, 
      "successful": true, 
      "time_of_delivery": "2011-05-22 21:24:01", 
      "number": 3, 
      "assignment_group": 82
    }
  }, 
  {
    "pk": 64, 
    "model": "core.delivery", 
    "fields": {
      "delivered_by": 58, 
      "successful": true, 
      "time_of_delivery": "2011-05-22 20:35:53", 
      "number": 2, 
      "assignment_group": 43
    }
  }, 
  {
    "pk": 122, 
    "model": "core.delivery", 
    "fields": {
      "delivered_by": 54, 
      "successful": true, 
      "time_of_delivery": "2011-05-22 20:27:01", 
      "number": 1, 
      "assignment_group": 75
    }
  }, 
  {
    "pk": 63, 
    "model": "core.delivery", 
    "fields": {
      "delivered_by": 58, 
      "successful": true, 
      "time_of_delivery": "2011-05-22 19:39:53", 
      "number": 1, 
      "assignment_group": 43
    }
  }, 
  {
    "pk": 130, 
    "model": "core.delivery", 
    "fields": {
      "delivered_by": 61, 
      "successful": true, 
      "time_of_delivery": "2011-05-22 18:28:01", 
      "number": 2, 
      "assignment_group": 82
    }
  }, 
  {
    "pk": 121, 
    "model": "core.delivery", 
    "fields": {
      "delivered_by": 53, 
      "successful": true, 
      "time_of_delivery": "2011-05-22 18:23:01", 
      "number": 1, 
      "assignment_group": 74
    }
  }, 
  {
    "pk": 129, 
    "model": "core.delivery", 
    "fields": {
      "delivered_by": 61, 
      "successful": true, 
      "time_of_delivery": "2011-05-22 17:43:01", 
      "number": 1, 
      "assignment_group": 82
    }
  }, 
  {
    "pk": 71, 
    "model": "core.delivery", 
    "fields": {
      "delivered_by": 62, 
      "successful": true, 
      "time_of_delivery": "2011-05-22 17:06:53", 
      "number": 1, 
      "assignment_group": 47
    }
  }, 
  {
    "pk": 120, 
    "model": "core.delivery", 
    "fields": {
      "delivered_by": 52, 
      "successful": true, 
      "time_of_delivery": "2011-05-22 16:02:01", 
      "number": 1, 
      "assignment_group": 73
    }
  }, 
  {
    "pk": 76, 
    "model": "core.delivery", 
    "fields": {
      "delivered_by": 63, 
      "successful": true, 
      "time_of_delivery": "2011-05-22 15:47:53", 
      "number": 5, 
      "assignment_group": 48
    }
  }, 
  {
    "pk": 55, 
    "model": "core.delivery", 
    "fields": {
      "delivered_by": 52, 
      "successful": true, 
      "time_of_delivery": "2011-05-22 15:35:53", 
      "number": 1, 
      "assignment_group": 37
    }
  }, 
  {
    "pk": 58, 
    "model": "core.delivery", 
    "fields": {
      "delivered_by": 53, 
      "successful": true, 
      "time_of_delivery": "2011-05-22 14:35:53", 
      "number": 3, 
      "assignment_group": 38
    }
  }, 
  {
    "pk": 75, 
    "model": "core.delivery", 
    "fields": {
      "delivered_by": 63, 
      "successful": true, 
      "time_of_delivery": "2011-05-22 14:35:53", 
      "number": 4, 
      "assignment_group": 48
    }
  }, 
  {
    "pk": 124, 
    "model": "core.delivery", 
    "fields": {
      "delivered_by": 56, 
      "successful": true, 
      "time_of_delivery": "2011-05-22 14:33:01", 
      "number": 1, 
      "assignment_group": 77
    }
  }, 
  {
    "pk": 74, 
    "model": "core.delivery", 
    "fields": {
      "delivered_by": 63, 
      "successful": true, 
      "time_of_delivery": "2011-05-22 14:14:53", 
      "number": 3, 
      "assignment_group": 48
    }
  }, 
  {
    "pk": 57, 
    "model": "core.delivery", 
    "fields": {
      "delivered_by": 53, 
      "successful": true, 
      "time_of_delivery": "2011-05-22 13:27:53", 
      "number": 2, 
      "assignment_group": 38
    }
  }, 
  {
    "pk": 127, 
    "model": "core.delivery", 
    "fields": {
      "delivered_by": 59, 
      "successful": true, 
      "time_of_delivery": "2011-05-22 13:02:01", 
      "number": 1, 
      "assignment_group": 80
    }
  }, 
  {
    "pk": 69, 
    "model": "core.delivery", 
    "fields": {
      "delivered_by": 60, 
      "successful": true, 
      "time_of_delivery": "2011-05-22 12:33:53", 
      "number": 1, 
      "assignment_group": 45
    }
  }, 
  {
    "pk": 73, 
    "model": "core.delivery", 
    "fields": {
      "delivered_by": 63, 
      "successful": true, 
      "time_of_delivery": "2011-05-22 12:23:53", 
      "number": 2, 
      "assignment_group": 48
    }
  }, 
  {
    "pk": 72, 
    "model": "core.delivery", 
    "fields": {
      "delivered_by": 63, 
      "successful": true, 
      "time_of_delivery": "2011-05-22 12:22:53", 
      "number": 1, 
      "assignment_group": 48
    }
  }, 
  {
    "pk": 125, 
    "model": "core.delivery", 
    "fields": {
      "delivered_by": 57, 
      "successful": true, 
      "time_of_delivery": "2011-05-22 11:55:01", 
      "number": 1, 
      "assignment_group": 78
    }
  }, 
  {
    "pk": 70, 
    "model": "core.delivery", 
    "fields": {
      "delivered_by": 61, 
      "successful": true, 
      "time_of_delivery": "2011-05-22 11:44:53", 
      "number": 1, 
      "assignment_group": 46
    }
  }, 
  {
    "pk": 56, 
    "model": "core.delivery", 
    "fields": {
      "delivered_by": 53, 
      "successful": true, 
      "time_of_delivery": "2011-05-22 11:42:53", 
      "number": 1, 
      "assignment_group": 38
    }
  }, 
  {
    "pk": 123, 
    "model": "core.delivery", 
    "fields": {
      "delivered_by": 55, 
      "successful": true, 
      "time_of_delivery": "2011-05-22 11:35:01", 
      "number": 1, 
      "assignment_group": 76
    }
  }, 
  {
    "pk": 126, 
    "model": "core.delivery", 
    "fields": {
      "delivered_by": 58, 
      "successful": true, 
      "time_of_delivery": "2011-05-22 10:50:01", 
      "number": 1, 
      "assignment_group": 79
    }
  }, 
  {
    "pk": 128, 
    "model": "core.delivery", 
    "fields": {
      "delivered_by": 60, 
      "successful": true, 
      "time_of_delivery": "2011-05-22 10:50:01", 
      "number": 1, 
      "assignment_group": 81
    }
  }, 
  {
    "pk": 133, 
    "model": "core.delivery", 
    "fields": {
      "delivered_by": 62, 
      "successful": true, 
      "time_of_delivery": "2011-05-22 08:29:01", 
      "number": 1, 
      "assignment_group": 83
    }
  }, 
  {
    "pk": 59, 
    "model": "core.delivery", 
    "fields": {
      "delivered_by": 54, 
      "successful": true, 
      "time_of_delivery": "2011-05-22 07:55:53", 
      "number": 1, 
      "assignment_group": 39
    }
  }, 
  {
    "pk": 134, 
    "model": "core.delivery", 
    "fields": {
      "delivered_by": 63, 
      "successful": true, 
      "time_of_delivery": "2011-05-22 06:21:01", 
      "number": 1, 
      "assignment_group": 84
    }
  }, 
  {
    "pk": 61, 
    "model": "core.delivery", 
    "fields": {
      "delivered_by": 56, 
      "successful": true, 
      "time_of_delivery": "2011-05-22 05:51:53", 
      "number": 1, 
      "assignment_group": 41
    }
  }, 
  {
    "pk": 60, 
    "model": "core.delivery", 
    "fields": {
      "delivered_by": 55, 
      "successful": true, 
      "time_of_delivery": "2011-05-22 05:50:53", 
      "number": 1, 
      "assignment_group": 40
    }
  }, 
  {
    "pk": 62, 
    "model": "core.delivery", 
    "fields": {
      "delivered_by": 57, 
      "successful": true, 
      "time_of_delivery": "2011-05-22 05:43:53", 
      "number": 1, 
      "assignment_group": 42
    }
  }, 
  {
    "pk": 68, 
    "model": "core.delivery", 
    "fields": {
      "delivered_by": 59, 
      "successful": true, 
      "time_of_delivery": "2011-05-22 04:45:53", 
      "number": 1, 
      "assignment_group": 44
    }
  }, 
  {
    "pk": 39, 
    "model": "core.delivery", 
    "fields": {
      "delivered_by": 54, 
      "successful": true, 
      "time_of_delivery": "2011-05-16 22:00:50", 
      "number": 3, 
      "assignment_group": 27
    }
  }, 
  {
    "pk": 38, 
    "model": "core.delivery", 
    "fields": {
      "delivered_by": 54, 
      "successful": true, 
      "time_of_delivery": "2011-05-16 21:57:50", 
      "number": 2, 
      "assignment_group": 27
    }
  }, 
  {
    "pk": 37, 
    "model": "core.delivery", 
    "fields": {
      "delivered_by": 54, 
      "successful": true, 
      "time_of_delivery": "2011-05-16 20:05:50", 
      "number": 1, 
      "assignment_group": 27
    }
  }, 
  {
    "pk": 36, 
    "model": "core.delivery", 
    "fields": {
      "delivered_by": 53, 
      "successful": true, 
      "time_of_delivery": "2011-05-16 18:49:50", 
      "number": 2, 
      "assignment_group": 26
    }
  }, 
  {
    "pk": 34, 
    "model": "core.delivery", 
    "fields": {
      "delivered_by": 52, 
      "successful": true, 
      "time_of_delivery": "2011-05-16 18:45:50", 
      "number": 5, 
      "assignment_group": 25
    }
  }, 
  {
    "pk": 46, 
    "model": "core.delivery", 
    "fields": {
      "delivered_by": 58, 
      "successful": true, 
      "time_of_delivery": "2011-05-16 18:00:50", 
      "number": 5, 
      "assignment_group": 31
    }
  }, 
  {
    "pk": 35, 
    "model": "core.delivery", 
    "fields": {
      "delivered_by": 53, 
      "successful": true, 
      "time_of_delivery": "2011-05-16 17:18:50", 
      "number": 1, 
      "assignment_group": 26
    }
  }, 
  {
    "pk": 33, 
    "model": "core.delivery", 
    "fields": {
      "delivered_by": 52, 
      "successful": true, 
      "time_of_delivery": "2011-05-16 16:54:50", 
      "number": 4, 
      "assignment_group": 25
    }
  }, 
  {
    "pk": 47, 
    "model": "core.delivery", 
    "fields": {
      "delivered_by": 59, 
      "successful": true, 
      "time_of_delivery": "2011-05-16 16:43:50", 
      "number": 1, 
      "assignment_group": 32
    }
  }, 
  {
    "pk": 32, 
    "model": "core.delivery", 
    "fields": {
      "delivered_by": 52, 
      "successful": true, 
      "time_of_delivery": "2011-05-16 16:28:50", 
      "number": 3, 
      "assignment_group": 25
    }
  }, 
  {
    "pk": 31, 
    "model": "core.delivery", 
    "fields": {
      "delivered_by": 52, 
      "successful": true, 
      "time_of_delivery": "2011-05-16 16:09:50", 
      "number": 2, 
      "assignment_group": 25
    }
  }, 
  {
    "pk": 45, 
    "model": "core.delivery", 
    "fields": {
      "delivered_by": 58, 
      "successful": true, 
      "time_of_delivery": "2011-05-16 15:54:50", 
      "number": 4, 
      "assignment_group": 31
    }
  }, 
  {
    "pk": 30, 
    "model": "core.delivery", 
    "fields": {
      "delivered_by": 52, 
      "successful": true, 
      "time_of_delivery": "2011-05-16 15:13:50", 
      "number": 1, 
      "assignment_group": 25
    }
  }, 
  {
    "pk": 40, 
    "model": "core.delivery", 
    "fields": {
      "delivered_by": 55, 
      "successful": true, 
      "time_of_delivery": "2011-05-16 15:02:50", 
      "number": 1, 
      "assignment_group": 28
    }
  }, 
  {
    "pk": 44, 
    "model": "core.delivery", 
    "fields": {
      "delivered_by": 58, 
      "successful": true, 
      "time_of_delivery": "2011-05-16 14:22:50", 
      "number": 3, 
      "assignment_group": 31
    }
  }, 
  {
    "pk": 48, 
    "model": "core.delivery", 
    "fields": {
      "delivered_by": 60, 
      "successful": true, 
      "time_of_delivery": "2011-05-16 12:52:50", 
      "number": 1, 
      "assignment_group": 33
    }
  }, 
  {
    "pk": 43, 
    "model": "core.delivery", 
    "fields": {
      "delivered_by": 58, 
      "successful": true, 
      "time_of_delivery": "2011-05-16 12:40:50", 
      "number": 2, 
      "assignment_group": 31
    }
  }, 
  {
    "pk": 42, 
    "model": "core.delivery", 
    "fields": {
      "delivered_by": 58, 
      "successful": true, 
      "time_of_delivery": "2011-05-16 11:43:50", 
      "number": 1, 
      "assignment_group": 31
    }
  }, 
  {
    "pk": 54, 
    "model": "core.delivery", 
    "fields": {
      "delivered_by": 63, 
      "successful": true, 
      "time_of_delivery": "2011-05-16 10:20:50", 
      "number": 4, 
      "assignment_group": 36
    }
  }, 
  {
    "pk": 41, 
    "model": "core.delivery", 
    "fields": {
      "delivered_by": 57, 
      "successful": true, 
      "time_of_delivery": "2011-05-16 09:36:50", 
      "number": 1, 
      "assignment_group": 30
    }
  }, 
  {
    "pk": 53, 
    "model": "core.delivery", 
    "fields": {
      "delivered_by": 63, 
      "successful": true, 
      "time_of_delivery": "2011-05-16 08:42:50", 
      "number": 3, 
      "assignment_group": 36
    }
  }, 
  {
    "pk": 52, 
    "model": "core.delivery", 
    "fields": {
      "delivered_by": 63, 
      "successful": true, 
      "time_of_delivery": "2011-05-16 08:11:50", 
      "number": 2, 
      "assignment_group": 36
    }
  }, 
  {
    "pk": 51, 
    "model": "core.delivery", 
    "fields": {
      "delivered_by": 63, 
      "successful": true, 
      "time_of_delivery": "2011-05-16 07:17:50", 
      "number": 1, 
      "assignment_group": 36
    }
  }, 
  {
    "pk": 50, 
    "model": "core.delivery", 
    "fields": {
      "delivered_by": 62, 
      "successful": true, 
      "time_of_delivery": "2011-05-16 04:40:50", 
      "number": 1, 
      "assignment_group": 35
    }
  }, 
  {
    "pk": 49, 
    "model": "core.delivery", 
    "fields": {
      "delivered_by": 61, 
      "successful": true, 
      "time_of_delivery": "2011-05-16 04:28:50", 
      "number": 1, 
      "assignment_group": 34
    }
  }, 
  {
    "pk": 111, 
    "model": "core.delivery", 
    "fields": {
      "delivered_by": 57, 
      "successful": true, 
      "time_of_delivery": "2011-05-05 22:37:58", 
      "number": 3, 
      "assignment_group": 66
    }
  }, 
  {
    "pk": 110, 
    "model": "core.delivery", 
    "fields": {
      "delivered_by": 57, 
      "successful": true, 
      "time_of_delivery": "2011-05-05 21:51:58", 
      "number": 2, 
      "assignment_group": 66
    }
  }, 
  {
    "pk": 109, 
    "model": "core.delivery", 
    "fields": {
      "delivered_by": 57, 
      "successful": true, 
      "time_of_delivery": "2011-05-05 20:19:58", 
      "number": 1, 
      "assignment_group": 66
    }
  }, 
  {
    "pk": 26, 
    "model": "core.delivery", 
    "fields": {
      "delivered_by": 60, 
      "successful": true, 
      "time_of_delivery": "2011-05-05 20:09:48", 
      "number": 1, 
      "assignment_group": 21
    }
  }, 
  {
    "pk": 18, 
    "model": "core.delivery", 
    "fields": {
      "delivered_by": 54, 
      "successful": true, 
      "time_of_delivery": "2011-05-05 19:26:48", 
      "number": 1, 
      "assignment_group": 15
    }
  }, 
  {
    "pk": 19, 
    "model": "core.delivery", 
    "fields": {
      "delivered_by": 55, 
      "successful": true, 
      "time_of_delivery": "2011-05-05 18:57:48", 
      "number": 1, 
      "assignment_group": 16
    }
  }, 
  {
    "pk": 107, 
    "model": "core.delivery", 
    "fields": {
      "delivered_by": 55, 
      "successful": true, 
      "time_of_delivery": "2011-05-05 17:45:58", 
      "number": 1, 
      "assignment_group": 64
    }
  }, 
  {
    "pk": 116, 
    "model": "core.delivery", 
    "fields": {
      "delivered_by": 61, 
      "successful": true, 
      "time_of_delivery": "2011-05-05 17:10:58", 
      "number": 2, 
      "assignment_group": 70
    }
  }, 
  {
    "pk": 115, 
    "model": "core.delivery", 
    "fields": {
      "delivered_by": 61, 
      "successful": true, 
      "time_of_delivery": "2011-05-05 16:12:58", 
      "number": 1, 
      "assignment_group": 70
    }
  }, 
  {
    "pk": 16, 
    "model": "core.delivery", 
    "fields": {
      "delivered_by": 52, 
      "successful": true, 
      "time_of_delivery": "2011-05-05 15:54:48", 
      "number": 1, 
      "assignment_group": 13
    }
  }, 
  {
    "pk": 105, 
    "model": "core.delivery", 
    "fields": {
      "delivered_by": 53, 
      "successful": true, 
      "time_of_delivery": "2011-05-05 14:27:58", 
      "number": 5, 
      "assignment_group": 62
    }
  }, 
  {
    "pk": 17, 
    "model": "core.delivery", 
    "fields": {
      "delivered_by": 53, 
      "successful": true, 
      "time_of_delivery": "2011-05-05 14:09:48", 
      "number": 1, 
      "assignment_group": 14
    }
  }, 
  {
    "pk": 104, 
    "model": "core.delivery", 
    "fields": {
      "delivered_by": 53, 
      "successful": true, 
      "time_of_delivery": "2011-05-05 13:57:58", 
      "number": 4, 
      "assignment_group": 62
    }
  }, 
  {
    "pk": 113, 
    "model": "core.delivery", 
    "fields": {
      "delivered_by": 59, 
      "successful": true, 
      "time_of_delivery": "2011-05-05 13:54:58", 
      "number": 1, 
      "assignment_group": 68
    }
  }, 
  {
    "pk": 108, 
    "model": "core.delivery", 
    "fields": {
      "delivered_by": 56, 
      "successful": true, 
      "time_of_delivery": "2011-05-05 13:10:58", 
      "number": 1, 
      "assignment_group": 65
    }
  }, 
  {
    "pk": 23, 
    "model": "core.delivery", 
    "fields": {
      "delivered_by": 57, 
      "successful": true, 
      "time_of_delivery": "2011-05-05 12:38:48", 
      "number": 3, 
      "assignment_group": 18
    }
  }, 
  {
    "pk": 20, 
    "model": "core.delivery", 
    "fields": {
      "delivered_by": 56, 
      "successful": true, 
      "time_of_delivery": "2011-05-05 12:30:48", 
      "number": 1, 
      "assignment_group": 17
    }
  }, 
  {
    "pk": 112, 
    "model": "core.delivery", 
    "fields": {
      "delivered_by": 58, 
      "successful": true, 
      "time_of_delivery": "2011-05-05 11:34:58", 
      "number": 1, 
      "assignment_group": 67
    }
  }, 
  {
    "pk": 103, 
    "model": "core.delivery", 
    "fields": {
      "delivered_by": 53, 
      "successful": true, 
      "time_of_delivery": "2011-05-05 11:11:58", 
      "number": 3, 
      "assignment_group": 62
    }
  }, 
  {
    "pk": 102, 
    "model": "core.delivery", 
    "fields": {
      "delivered_by": 53, 
      "successful": true, 
      "time_of_delivery": "2011-05-05 10:25:58", 
      "number": 2, 
      "assignment_group": 62
    }
  }, 
  {
    "pk": 27, 
    "model": "core.delivery", 
    "fields": {
      "delivered_by": 61, 
      "successful": true, 
      "time_of_delivery": "2011-05-05 10:23:48", 
      "number": 1, 
      "assignment_group": 22
    }
  }, 
  {
    "pk": 22, 
    "model": "core.delivery", 
    "fields": {
      "delivered_by": 57, 
      "successful": true, 
      "time_of_delivery": "2011-05-05 10:19:48", 
      "number": 2, 
      "assignment_group": 18
    }
  }, 
  {
    "pk": 101, 
    "model": "core.delivery", 
    "fields": {
      "delivered_by": 53, 
      "successful": true, 
      "time_of_delivery": "2011-05-05 09:54:58", 
      "number": 1, 
      "assignment_group": 62
    }
  }, 
  {
    "pk": 28, 
    "model": "core.delivery", 
    "fields": {
      "delivered_by": 62, 
      "successful": true, 
      "time_of_delivery": "2011-05-05 09:13:48", 
      "number": 1, 
      "assignment_group": 23
    }
  }, 
  {
    "pk": 119, 
    "model": "core.delivery", 
    "fields": {
      "delivered_by": 63, 
      "successful": true, 
      "time_of_delivery": "2011-05-05 08:28:58", 
      "number": 2, 
      "assignment_group": 72
    }
  }, 
  {
    "pk": 106, 
    "model": "core.delivery", 
    "fields": {
      "delivered_by": 54, 
      "successful": true, 
      "time_of_delivery": "2011-05-05 07:34:58", 
      "number": 1, 
      "assignment_group": 63
    }
  }, 
  {
    "pk": 21, 
    "model": "core.delivery", 
    "fields": {
      "delivered_by": 57, 
      "successful": true, 
      "time_of_delivery": "2011-05-05 07:33:48", 
      "number": 1, 
      "assignment_group": 18
    }
  }, 
  {
    "pk": 118, 
    "model": "core.delivery", 
    "fields": {
      "delivered_by": 63, 
      "successful": true, 
      "time_of_delivery": "2011-05-05 07:32:58", 
      "number": 1, 
      "assignment_group": 72
    }
  }, 
  {
    "pk": 117, 
    "model": "core.delivery", 
    "fields": {
      "delivered_by": 62, 
      "successful": true, 
      "time_of_delivery": "2011-05-05 07:28:58", 
      "number": 1, 
      "assignment_group": 71
    }
  }, 
  {
    "pk": 100, 
    "model": "core.delivery", 
    "fields": {
      "delivered_by": 52, 
      "successful": true, 
      "time_of_delivery": "2011-05-05 06:57:58", 
      "number": 1, 
      "assignment_group": 61
    }
  }, 
  {
    "pk": 24, 
    "model": "core.delivery", 
    "fields": {
      "delivered_by": 58, 
      "successful": true, 
      "time_of_delivery": "2011-05-05 05:30:48", 
      "number": 1, 
      "assignment_group": 19
    }
  }, 
  {
    "pk": 25, 
    "model": "core.delivery", 
    "fields": {
      "delivered_by": 59, 
      "successful": true, 
      "time_of_delivery": "2011-05-05 05:00:48", 
      "number": 1, 
      "assignment_group": 20
    }
  }, 
  {
    "pk": 29, 
    "model": "core.delivery", 
    "fields": {
      "delivered_by": 63, 
      "successful": true, 
      "time_of_delivery": "2011-05-05 04:51:48", 
      "number": 1, 
      "assignment_group": 24
    }
  }, 
  {
    "pk": 114, 
    "model": "core.delivery", 
    "fields": {
      "delivered_by": 60, 
      "successful": true, 
      "time_of_delivery": "2011-05-05 04:24:58", 
      "number": 1, 
      "assignment_group": 69
    }
  }, 
  {
    "pk": 149, 
    "model": "core.delivery", 
    "fields": {
      "delivered_by": 59, 
      "successful": true, 
      "time_of_delivery": "2011-04-26 02:18:03", 
      "number": 5, 
      "assignment_group": 92
    }
  }, 
  {
    "pk": 148, 
    "model": "core.delivery", 
    "fields": {
      "delivered_by": 59, 
      "successful": true, 
      "time_of_delivery": "2011-04-26 01:31:03", 
      "number": 4, 
      "assignment_group": 92
    }
  }, 
  {
    "pk": 95, 
    "model": "core.delivery", 
    "fields": {
      "delivered_by": 61, 
      "successful": true, 
      "time_of_delivery": "2011-04-26 00:11:56", 
      "number": 4, 
      "assignment_group": 58
    }
  }, 
  {
    "pk": 147, 
    "model": "core.delivery", 
    "fields": {
      "delivered_by": 59, 
      "successful": true, 
      "time_of_delivery": "2011-04-25 23:43:03", 
      "number": 3, 
      "assignment_group": 92
    }
  }, 
  {
    "pk": 10, 
    "model": "core.delivery", 
    "fields": {
      "delivered_by": 57, 
      "successful": true, 
      "time_of_delivery": "2011-04-25 23:16:46", 
      "number": 5, 
      "assignment_group": 6
    }
  }, 
  {
    "pk": 9, 
    "model": "core.delivery", 
    "fields": {
      "delivered_by": 57, 
      "successful": true, 
      "time_of_delivery": "2011-04-25 21:59:46", 
      "number": 4, 
      "assignment_group": 6
    }
  }, 
  {
    "pk": 146, 
    "model": "core.delivery", 
    "fields": {
      "delivered_by": 59, 
      "successful": true, 
      "time_of_delivery": "2011-04-25 21:38:03", 
      "number": 2, 
      "assignment_group": 92
    }
  }, 
  {
    "pk": 94, 
    "model": "core.delivery", 
    "fields": {
      "delivered_by": 61, 
      "successful": true, 
      "time_of_delivery": "2011-04-25 21:31:56", 
      "number": 3, 
      "assignment_group": 58
    }
  }, 
  {
    "pk": 154, 
    "model": "core.delivery", 
    "fields": {
      "delivered_by": 61, 
      "successful": true, 
      "time_of_delivery": "2011-04-25 20:56:03", 
      "number": 4, 
      "assignment_group": 94
    }
  }, 
  {
    "pk": 93, 
    "model": "core.delivery", 
    "fields": {
      "delivered_by": 61, 
      "successful": true, 
      "time_of_delivery": "2011-04-25 20:41:56", 
      "number": 2, 
      "assignment_group": 58
    }
  }, 
  {
    "pk": 8, 
    "model": "core.delivery", 
    "fields": {
      "delivered_by": 57, 
      "successful": true, 
      "time_of_delivery": "2011-04-25 20:26:46", 
      "number": 3, 
      "assignment_group": 6
    }
  }, 
  {
    "pk": 145, 
    "model": "core.delivery", 
    "fields": {
      "delivered_by": 59, 
      "successful": true, 
      "time_of_delivery": "2011-04-25 20:15:03", 
      "number": 1, 
      "assignment_group": 92
    }
  }, 
  {
    "pk": 92, 
    "model": "core.delivery", 
    "fields": {
      "delivered_by": 61, 
      "successful": true, 
      "time_of_delivery": "2011-04-25 20:14:56", 
      "number": 1, 
      "assignment_group": 58
    }
  }, 
  {
    "pk": 7, 
    "model": "core.delivery", 
    "fields": {
      "delivered_by": 57, 
      "successful": true, 
      "time_of_delivery": "2011-04-25 19:48:46", 
      "number": 2, 
      "assignment_group": 6
    }
  }, 
  {
    "pk": 4, 
    "model": "core.delivery", 
    "fields": {
      "delivered_by": 55, 
      "successful": true, 
      "time_of_delivery": "2011-04-25 19:11:46", 
      "number": 1, 
      "assignment_group": 4
    }
  }, 
  {
    "pk": 90, 
    "model": "core.delivery", 
    "fields": {
      "delivered_by": 59, 
      "successful": true, 
      "time_of_delivery": "2011-04-25 18:52:56", 
      "number": 3, 
      "assignment_group": 56
    }
  }, 
  {
    "pk": 153, 
    "model": "core.delivery", 
    "fields": {
      "delivered_by": 61, 
      "successful": true, 
      "time_of_delivery": "2011-04-25 18:24:03", 
      "number": 3, 
      "assignment_group": 94
    }
  }, 
  {
    "pk": 99, 
    "model": "core.delivery", 
    "fields": {
      "delivered_by": 63, 
      "successful": true, 
      "time_of_delivery": "2011-04-25 18:14:56", 
      "number": 3, 
      "assignment_group": 60
    }
  }, 
  {
    "pk": 98, 
    "model": "core.delivery", 
    "fields": {
      "delivered_by": 63, 
      "successful": true, 
      "time_of_delivery": "2011-04-25 17:56:56", 
      "number": 2, 
      "assignment_group": 60
    }
  }, 
  {
    "pk": 84, 
    "model": "core.delivery", 
    "fields": {
      "delivered_by": 55, 
      "successful": true, 
      "time_of_delivery": "2011-04-25 17:52:56", 
      "number": 3, 
      "assignment_group": 52
    }
  }, 
  {
    "pk": 3, 
    "model": "core.delivery", 
    "fields": {
      "delivered_by": 54, 
      "successful": true, 
      "time_of_delivery": "2011-04-25 17:44:46", 
      "number": 1, 
      "assignment_group": 3
    }
  }, 
  {
    "pk": 89, 
    "model": "core.delivery", 
    "fields": {
      "delivered_by": 59, 
      "successful": true, 
      "time_of_delivery": "2011-04-25 17:43:56", 
      "number": 2, 
      "assignment_group": 56
    }
  }, 
  {
    "pk": 6, 
    "model": "core.delivery", 
    "fields": {
      "delivered_by": 57, 
      "successful": true, 
      "time_of_delivery": "2011-04-25 17:41:46", 
      "number": 1, 
      "assignment_group": 6
    }
  }, 
  {
    "pk": 143, 
    "model": "core.delivery", 
    "fields": {
      "delivered_by": 57, 
      "successful": true, 
      "time_of_delivery": "2011-04-25 17:40:03", 
      "number": 3, 
      "assignment_group": 90
    }
  }, 
  {
    "pk": 97, 
    "model": "core.delivery", 
    "fields": {
      "delivered_by": 63, 
      "successful": true, 
      "time_of_delivery": "2011-04-25 17:32:56", 
      "number": 1, 
      "assignment_group": 60
    }
  }, 
  {
    "pk": 83, 
    "model": "core.delivery", 
    "fields": {
      "delivered_by": 55, 
      "successful": true, 
      "time_of_delivery": "2011-04-25 17:21:56", 
      "number": 2, 
      "assignment_group": 52
    }
  }, 
  {
    "pk": 96, 
    "model": "core.delivery", 
    "fields": {
      "delivered_by": 62, 
      "successful": true, 
      "time_of_delivery": "2011-04-25 16:48:56", 
      "number": 1, 
      "assignment_group": 59
    }
  }, 
  {
    "pk": 82, 
    "model": "core.delivery", 
    "fields": {
      "delivered_by": 55, 
      "successful": true, 
      "time_of_delivery": "2011-04-25 16:33:56", 
      "number": 1, 
      "assignment_group": 52
    }
  }, 
  {
    "pk": 142, 
    "model": "core.delivery", 
    "fields": {
      "delivered_by": 57, 
      "successful": true, 
      "time_of_delivery": "2011-04-25 16:16:03", 
      "number": 2, 
      "assignment_group": 90
    }
  }, 
  {
    "pk": 135, 
    "model": "core.delivery", 
    "fields": {
      "delivered_by": 52, 
      "successful": true, 
      "time_of_delivery": "2011-04-25 15:47:03", 
      "number": 1, 
      "assignment_group": 85
    }
  }, 
  {
    "pk": 152, 
    "model": "core.delivery", 
    "fields": {
      "delivered_by": 61, 
      "successful": true, 
      "time_of_delivery": "2011-04-25 15:43:03", 
      "number": 2, 
      "assignment_group": 94
    }
  }, 
  {
    "pk": 79, 
    "model": "core.delivery", 
    "fields": {
      "delivered_by": 52, 
      "successful": true, 
      "time_of_delivery": "2011-04-25 15:23:56", 
      "number": 3, 
      "assignment_group": 49
    }
  }, 
  {
    "pk": 150, 
    "model": "core.delivery", 
    "fields": {
      "delivered_by": 60, 
      "successful": true, 
      "time_of_delivery": "2011-04-25 15:19:03", 
      "number": 1, 
      "assignment_group": 93
    }
  }, 
  {
    "pk": 156, 
    "model": "core.delivery", 
    "fields": {
      "delivered_by": 63, 
      "successful": true, 
      "time_of_delivery": "2011-04-25 15:17:03", 
      "number": 1, 
      "assignment_group": 96
    }
  }, 
  {
    "pk": 137, 
    "model": "core.delivery", 
    "fields": {
      "delivered_by": 54, 
      "successful": true, 
      "time_of_delivery": "2011-04-25 15:12:03", 
      "number": 1, 
      "assignment_group": 87
    }
  }, 
  {
    "pk": 88, 
    "model": "core.delivery", 
    "fields": {
      "delivered_by": 59, 
      "successful": true, 
      "time_of_delivery": "2011-04-25 15:04:56", 
      "number": 1, 
      "assignment_group": 56
    }
  }, 
  {
    "pk": 140, 
    "model": "core.delivery", 
    "fields": {
      "delivered_by": 56, 
      "successful": true, 
      "time_of_delivery": "2011-04-25 14:49:03", 
      "number": 1, 
      "assignment_group": 89
    }
  }, 
  {
    "pk": 151, 
    "model": "core.delivery", 
    "fields": {
      "delivered_by": 61, 
      "successful": true, 
      "time_of_delivery": "2011-04-25 14:34:03", 
      "number": 1, 
      "assignment_group": 94
    }
  }, 
  {
    "pk": 5, 
    "model": "core.delivery", 
    "fields": {
      "delivered_by": 56, 
      "successful": true, 
      "time_of_delivery": "2011-04-25 14:20:46", 
      "number": 1, 
      "assignment_group": 5
    }
  }, 
  {
    "pk": 141, 
    "model": "core.delivery", 
    "fields": {
      "delivered_by": 57, 
      "successful": true, 
      "time_of_delivery": "2011-04-25 13:43:03", 
      "number": 1, 
      "assignment_group": 90
    }
  }, 
  {
    "pk": 144, 
    "model": "core.delivery", 
    "fields": {
      "delivered_by": 58, 
      "successful": true, 
      "time_of_delivery": "2011-04-25 13:33:03", 
      "number": 1, 
      "assignment_group": 91
    }
  }, 
  {
    "pk": 78, 
    "model": "core.delivery", 
    "fields": {
      "delivered_by": 52, 
      "successful": true, 
      "time_of_delivery": "2011-04-25 13:26:56", 
      "number": 2, 
      "assignment_group": 49
    }
  }, 
  {
    "pk": 91, 
    "model": "core.delivery", 
    "fields": {
      "delivered_by": 60, 
      "successful": true, 
      "time_of_delivery": "2011-04-25 13:25:56", 
      "number": 1, 
      "assignment_group": 57
    }
  }, 
  {
    "pk": 77, 
    "model": "core.delivery", 
    "fields": {
      "delivered_by": 52, 
      "successful": true, 
      "time_of_delivery": "2011-04-25 13:13:56", 
      "number": 1, 
      "assignment_group": 49
    }
  }, 
  {
    "pk": 1, 
    "model": "core.delivery", 
    "fields": {
      "delivered_by": 52, 
      "successful": true, 
      "time_of_delivery": "2011-04-25 12:39:46", 
      "number": 1, 
      "assignment_group": 1
    }
  }, 
  {
    "pk": 86, 
    "model": "core.delivery", 
    "fields": {
      "delivered_by": 57, 
      "successful": true, 
      "time_of_delivery": "2011-04-25 12:04:56", 
      "number": 1, 
      "assignment_group": 54
    }
  }, 
  {
    "pk": 12, 
    "model": "core.delivery", 
    "fields": {
      "delivered_by": 59, 
      "successful": true, 
      "time_of_delivery": "2011-04-25 11:38:46", 
      "number": 1, 
      "assignment_group": 8
    }
  }, 
  {
    "pk": 81, 
    "model": "core.delivery", 
    "fields": {
      "delivered_by": 54, 
      "successful": true, 
      "time_of_delivery": "2011-04-25 11:28:56", 
      "number": 1, 
      "assignment_group": 51
    }
  }, 
  {
    "pk": 87, 
    "model": "core.delivery", 
    "fields": {
      "delivered_by": 58, 
      "successful": true, 
      "time_of_delivery": "2011-04-25 11:28:56", 
      "number": 1, 
      "assignment_group": 55
    }
  }, 
  {
    "pk": 85, 
    "model": "core.delivery", 
    "fields": {
      "delivered_by": 56, 
      "successful": true, 
      "time_of_delivery": "2011-04-25 11:17:56", 
      "number": 1, 
      "assignment_group": 53
    }
  }, 
  {
    "pk": 11, 
    "model": "core.delivery", 
    "fields": {
      "delivered_by": 58, 
      "successful": true, 
      "time_of_delivery": "2011-04-25 10:20:46", 
      "number": 1, 
      "assignment_group": 7
    }
  }, 
  {
    "pk": 136, 
    "model": "core.delivery", 
    "fields": {
      "delivered_by": 53, 
      "successful": true, 
      "time_of_delivery": "2011-04-25 09:33:03", 
      "number": 1, 
      "assignment_group": 86
    }
  }, 
  {
    "pk": 155, 
    "model": "core.delivery", 
    "fields": {
      "delivered_by": 62, 
      "successful": true, 
      "time_of_delivery": "2011-04-25 07:29:03", 
      "number": 1, 
      "assignment_group": 95
    }
  }, 
  {
    "pk": 2, 
    "model": "core.delivery", 
    "fields": {
      "delivered_by": 53, 
      "successful": true, 
      "time_of_delivery": "2011-04-25 06:28:46", 
      "number": 1, 
      "assignment_group": 2
    }
  }, 
  {
    "pk": 13, 
    "model": "core.delivery", 
    "fields": {
      "delivered_by": 60, 
      "successful": true, 
      "time_of_delivery": "2011-04-25 06:10:46", 
      "number": 1, 
      "assignment_group": 9
    }
  }, 
  {
    "pk": 139, 
    "model": "core.delivery", 
    "fields": {
      "delivered_by": 55, 
      "successful": true, 
      "time_of_delivery": "2011-04-25 05:19:03", 
      "number": 2, 
      "assignment_group": 88
    }
  }, 
  {
    "pk": 14, 
    "model": "core.delivery", 
    "fields": {
      "delivered_by": 61, 
      "successful": true, 
      "time_of_delivery": "2011-04-25 05:05:46", 
      "number": 1, 
      "assignment_group": 10
    }
  }, 
  {
    "pk": 80, 
    "model": "core.delivery", 
    "fields": {
      "delivered_by": 53, 
      "successful": true, 
      "time_of_delivery": "2011-04-25 05:02:56", 
      "number": 1, 
      "assignment_group": 50
    }
  }, 
  {
    "pk": 15, 
    "model": "core.delivery", 
    "fields": {
      "delivered_by": 63, 
      "successful": true, 
      "time_of_delivery": "2011-04-25 04:51:46", 
      "number": 1, 
      "assignment_group": 12
    }
  }, 
  {
    "pk": 138, 
    "model": "core.delivery", 
    "fields": {
      "delivered_by": 55, 
      "successful": true, 
      "time_of_delivery": "2011-04-25 04:50:03", 
      "number": 1, 
      "assignment_group": 88
    }
  }, 
  {
    "pk": 1, 
    "model": "core.feedback", 
    "fields": {
      "format": "('rst', 'ReStructured Text')", 
      "text": "Some text here:)", 
      "last_modified_by": 64, 
      "delivery": 1, 
      "last_modified": "2011-05-25 20:12:46", 
      "object_id": 1, 
      "content_type": 11, 
      "published": true
    }
  }, 
  {
    "pk": 2, 
    "model": "core.feedback", 
    "fields": {
      "format": "('rst', 'ReStructured Text')", 
      "text": "Some text here:)", 
      "last_modified_by": 65, 
      "delivery": 2, 
      "last_modified": "2011-05-25 20:12:46", 
      "object_id": 2, 
      "content_type": 11, 
      "published": true
    }
  }, 
  {
    "pk": 3, 
    "model": "core.feedback", 
    "fields": {
      "format": "('rst', 'ReStructured Text')", 
      "text": "Some text here:)", 
      "last_modified_by": 64, 
      "delivery": 3, 
      "last_modified": "2011-05-25 20:12:46", 
      "object_id": 3, 
      "content_type": 11, 
      "published": true
    }
  }, 
  {
    "pk": 4, 
    "model": "core.feedback", 
    "fields": {
      "format": "('rst', 'ReStructured Text')", 
      "text": "Some text here:)", 
      "last_modified_by": 65, 
      "delivery": 4, 
      "last_modified": "2011-05-25 20:12:47", 
      "object_id": 4, 
      "content_type": 11, 
      "published": true
    }
  }, 
  {
    "pk": 5, 
    "model": "core.feedback", 
    "fields": {
      "format": "('rst', 'ReStructured Text')", 
      "text": "Some text here:)", 
      "last_modified_by": 64, 
      "delivery": 5, 
      "last_modified": "2011-05-25 20:12:47", 
      "object_id": 5, 
      "content_type": 11, 
      "published": true
    }
  }, 
  {
    "pk": 6, 
    "model": "core.feedback", 
    "fields": {
      "format": "('rst', 'ReStructured Text')", 
      "text": "Some text here:)", 
      "last_modified_by": 65, 
      "delivery": 10, 
      "last_modified": "2011-05-25 20:12:47", 
      "object_id": 6, 
      "content_type": 11, 
      "published": true
    }
  }, 
  {
    "pk": 7, 
    "model": "core.feedback", 
    "fields": {
      "format": "('rst', 'ReStructured Text')", 
      "text": "Some text here:)", 
      "last_modified_by": 64, 
      "delivery": 11, 
      "last_modified": "2011-05-25 20:12:47", 
      "object_id": 7, 
      "content_type": 11, 
      "published": true
    }
  }, 
  {
    "pk": 8, 
    "model": "core.feedback", 
    "fields": {
      "format": "('rst', 'ReStructured Text')", 
      "text": "Some text here:)", 
      "last_modified_by": 65, 
      "delivery": 12, 
      "last_modified": "2011-05-25 20:12:47", 
      "object_id": 8, 
      "content_type": 11, 
      "published": true
    }
  }, 
  {
    "pk": 9, 
    "model": "core.feedback", 
    "fields": {
      "format": "('rst', 'ReStructured Text')", 
      "text": "Some text here:)", 
      "last_modified_by": 64, 
      "delivery": 13, 
      "last_modified": "2011-05-25 20:12:47", 
      "object_id": 9, 
      "content_type": 11, 
      "published": true
    }
  }, 
  {
    "pk": 10, 
    "model": "core.feedback", 
    "fields": {
      "format": "('rst', 'ReStructured Text')", 
      "text": "Some text here:)", 
      "last_modified_by": 65, 
      "delivery": 14, 
      "last_modified": "2011-05-25 20:12:47", 
      "object_id": 10, 
      "content_type": 11, 
      "published": true
    }
  }, 
  {
    "pk": 11, 
    "model": "core.feedback", 
    "fields": {
      "format": "('rst', 'ReStructured Text')", 
      "text": "Some text here:)", 
      "last_modified_by": 65, 
      "delivery": 15, 
      "last_modified": "2011-05-25 20:12:48", 
      "object_id": 11, 
      "content_type": 11, 
      "published": true
    }
  }, 
  {
    "pk": 12, 
    "model": "core.feedback", 
    "fields": {
      "format": "('rst', 'ReStructured Text')", 
      "text": "Some text here:)", 
      "last_modified_by": 64, 
      "delivery": 16, 
      "last_modified": "2011-05-25 20:12:48", 
      "object_id": 12, 
      "content_type": 11, 
      "published": true
    }
  }, 
  {
    "pk": 13, 
    "model": "core.feedback", 
    "fields": {
      "format": "('rst', 'ReStructured Text')", 
      "text": "Some text here:)", 
      "last_modified_by": 65, 
      "delivery": 17, 
      "last_modified": "2011-05-25 20:12:48", 
      "object_id": 13, 
      "content_type": 11, 
      "published": true
    }
  }, 
  {
    "pk": 14, 
    "model": "core.feedback", 
    "fields": {
      "format": "('rst', 'ReStructured Text')", 
      "text": "Some text here:)", 
      "last_modified_by": 64, 
      "delivery": 18, 
      "last_modified": "2011-05-25 20:12:48", 
      "object_id": 14, 
      "content_type": 11, 
      "published": true
    }
  }, 
  {
    "pk": 15, 
    "model": "core.feedback", 
    "fields": {
      "format": "('rst', 'ReStructured Text')", 
      "text": "Some text here:)", 
      "last_modified_by": 65, 
      "delivery": 19, 
      "last_modified": "2011-05-25 20:12:49", 
      "object_id": 15, 
      "content_type": 11, 
      "published": true
    }
  }, 
  {
    "pk": 16, 
    "model": "core.feedback", 
    "fields": {
      "format": "('rst', 'ReStructured Text')", 
      "text": "Some text here:)", 
      "last_modified_by": 64, 
      "delivery": 20, 
      "last_modified": "2011-05-25 20:12:49", 
      "object_id": 16, 
      "content_type": 11, 
      "published": true
    }
  }, 
  {
    "pk": 17, 
    "model": "core.feedback", 
    "fields": {
      "format": "('rst', 'ReStructured Text')", 
      "text": "Some text here:)", 
      "last_modified_by": 65, 
      "delivery": 23, 
      "last_modified": "2011-05-25 20:12:49", 
      "object_id": 17, 
      "content_type": 11, 
      "published": true
    }
  }, 
  {
    "pk": 18, 
    "model": "core.feedback", 
    "fields": {
      "format": "('rst', 'ReStructured Text')", 
      "text": "Some text here:)", 
      "last_modified_by": 64, 
      "delivery": 24, 
      "last_modified": "2011-05-25 20:12:49", 
      "object_id": 18, 
      "content_type": 11, 
      "published": true
    }
  }, 
  {
    "pk": 19, 
    "model": "core.feedback", 
    "fields": {
      "format": "('rst', 'ReStructured Text')", 
      "text": "Some text here:)", 
      "last_modified_by": 65, 
      "delivery": 25, 
      "last_modified": "2011-05-25 20:12:49", 
      "object_id": 19, 
      "content_type": 11, 
      "published": true
    }
  }, 
  {
    "pk": 20, 
    "model": "core.feedback", 
    "fields": {
      "format": "('rst', 'ReStructured Text')", 
      "text": "Some text here:)", 
      "last_modified_by": 64, 
      "delivery": 26, 
      "last_modified": "2011-05-25 20:12:50", 
      "object_id": 20, 
      "content_type": 11, 
      "published": true
    }
  }, 
  {
    "pk": 21, 
    "model": "core.feedback", 
    "fields": {
      "format": "('rst', 'ReStructured Text')", 
      "text": "Some text here:)", 
      "last_modified_by": 65, 
      "delivery": 27, 
      "last_modified": "2011-05-25 20:12:50", 
      "object_id": 21, 
      "content_type": 11, 
      "published": true
    }
  }, 
  {
    "pk": 22, 
    "model": "core.feedback", 
    "fields": {
      "format": "('rst', 'ReStructured Text')", 
      "text": "Some text here:)", 
      "last_modified_by": 64, 
      "delivery": 34, 
      "last_modified": "2011-05-25 20:12:51", 
      "object_id": 22, 
      "content_type": 11, 
      "published": true
    }
  }, 
  {
    "pk": 23, 
    "model": "core.feedback", 
    "fields": {
      "format": "('rst', 'ReStructured Text')", 
      "text": "Some text here:)", 
      "last_modified_by": 65, 
      "delivery": 36, 
      "last_modified": "2011-05-25 20:12:51", 
      "object_id": 23, 
      "content_type": 11, 
      "published": true
    }
  }, 
  {
    "pk": 24, 
    "model": "core.feedback", 
    "fields": {
      "format": "('rst', 'ReStructured Text')", 
      "text": "Some text here:)", 
      "last_modified_by": 64, 
      "delivery": 39, 
      "last_modified": "2011-05-25 20:12:51", 
      "object_id": 24, 
      "content_type": 11, 
      "published": true
    }
  }, 
  {
    "pk": 25, 
    "model": "core.feedback", 
    "fields": {
      "format": "('rst', 'ReStructured Text')", 
      "text": "Some text here:)", 
      "last_modified_by": 65, 
      "delivery": 40, 
      "last_modified": "2011-05-25 20:12:51", 
      "object_id": 25, 
      "content_type": 11, 
      "published": true
    }
  }, 
  {
    "pk": 26, 
    "model": "core.feedback", 
    "fields": {
      "format": "('rst', 'ReStructured Text')", 
      "text": "Some text here:)", 
      "last_modified_by": 65, 
      "delivery": 41, 
      "last_modified": "2011-05-25 20:12:51", 
      "object_id": 26, 
      "content_type": 11, 
      "published": true
    }
  }, 
  {
    "pk": 27, 
    "model": "core.feedback", 
    "fields": {
      "format": "('rst', 'ReStructured Text')", 
      "text": "Some text here:)", 
      "last_modified_by": 65, 
      "delivery": 47, 
      "last_modified": "2011-05-25 20:12:52", 
      "object_id": 27, 
      "content_type": 11, 
      "published": true
    }
  }, 
  {
    "pk": 28, 
    "model": "core.feedback", 
    "fields": {
      "format": "('rst', 'ReStructured Text')", 
      "text": "Some text here:)", 
      "last_modified_by": 64, 
      "delivery": 48, 
      "last_modified": "2011-05-25 20:12:52", 
      "object_id": 28, 
      "content_type": 11, 
      "published": true
    }
  }, 
  {
    "pk": 29, 
    "model": "core.feedback", 
    "fields": {
      "format": "('rst', 'ReStructured Text')", 
      "text": "Some text here:)", 
      "last_modified_by": 65, 
      "delivery": 49, 
      "last_modified": "2011-05-25 20:12:52", 
      "object_id": 29, 
      "content_type": 11, 
      "published": true
    }
  }, 
  {
    "pk": 30, 
    "model": "core.feedback", 
    "fields": {
      "format": "('rst', 'ReStructured Text')", 
      "text": "Some text here:)", 
      "last_modified_by": 64, 
      "delivery": 50, 
      "last_modified": "2011-05-25 20:12:52", 
      "object_id": 30, 
      "content_type": 11, 
      "published": true
    }
  }, 
  {
    "pk": 31, 
    "model": "core.feedback", 
    "fields": {
      "format": "('rst', 'ReStructured Text')", 
      "text": "Some text here:)", 
      "last_modified_by": 65, 
      "delivery": 54, 
      "last_modified": "2011-05-25 20:12:53", 
      "object_id": 31, 
      "content_type": 11, 
      "published": false
    }
  }, 
  {
    "pk": 32, 
    "model": "core.feedback", 
    "fields": {
      "format": "('rst', 'ReStructured Text')", 
      "text": "Some text here:)", 
      "last_modified_by": 64, 
      "delivery": 55, 
      "last_modified": "2011-05-25 20:12:53", 
      "object_id": 32, 
      "content_type": 11, 
      "published": false
    }
  }, 
  {
    "pk": 33, 
    "model": "core.feedback", 
    "fields": {
      "format": "('rst', 'ReStructured Text')", 
      "text": "Some text here:)", 
      "last_modified_by": 65, 
      "delivery": 60, 
      "last_modified": "2011-05-25 20:12:54", 
      "object_id": 33, 
      "content_type": 11, 
      "published": false
    }
  }, 
  {
    "pk": 34, 
    "model": "core.feedback", 
    "fields": {
      "format": "('rst', 'ReStructured Text')", 
      "text": "Some text here:)", 
      "last_modified_by": 64, 
      "delivery": 69, 
      "last_modified": "2011-05-25 20:12:54", 
      "object_id": 34, 
      "content_type": 11, 
      "published": true
    }
  }, 
  {
    "pk": 35, 
    "model": "core.feedback", 
    "fields": {
      "format": "('rst', 'ReStructured Text')", 
      "text": "Some text here:)", 
      "last_modified_by": 65, 
      "delivery": 70, 
      "last_modified": "2011-05-25 20:12:55", 
      "object_id": 35, 
      "content_type": 11, 
      "published": true
    }
  }, 
  {
    "pk": 36, 
    "model": "core.feedback", 
    "fields": {
      "format": "('rst', 'ReStructured Text')", 
      "text": "Some text here:)", 
      "last_modified_by": 64, 
      "delivery": 71, 
      "last_modified": "2011-05-25 20:12:55", 
      "object_id": 36, 
      "content_type": 11, 
      "published": false
    }
  }, 
  {
    "pk": 37, 
    "model": "core.feedback", 
    "fields": {
      "format": "('rst', 'ReStructured Text')", 
      "text": "Some text here:)", 
      "last_modified_by": 65, 
      "delivery": 76, 
      "last_modified": "2011-05-25 20:12:55", 
      "object_id": 37, 
      "content_type": 11, 
      "published": false
    }
  }, 
  {
    "pk": 38, 
    "model": "core.feedback", 
    "fields": {
      "format": "('rst', 'ReStructured Text')", 
      "text": "Some text here:)", 
      "last_modified_by": 64, 
      "delivery": 79, 
      "last_modified": "2011-05-25 20:12:56", 
      "object_id": 38, 
      "content_type": 11, 
      "published": false
    }
  }, 
  {
    "pk": 39, 
    "model": "core.feedback", 
    "fields": {
      "format": "('rst', 'ReStructured Text')", 
      "text": "Some text here:)", 
      "last_modified_by": 65, 
      "delivery": 80, 
      "last_modified": "2011-05-25 20:12:56", 
      "object_id": 39, 
      "content_type": 11, 
      "published": true
    }
  }, 
  {
    "pk": 40, 
    "model": "core.feedback", 
    "fields": {
      "format": "('rst', 'ReStructured Text')", 
      "text": "Some text here:)", 
      "last_modified_by": 64, 
      "delivery": 81, 
      "last_modified": "2011-05-25 20:12:56", 
      "object_id": 40, 
      "content_type": 11, 
      "published": true
    }
  }, 
  {
    "pk": 41, 
    "model": "core.feedback", 
    "fields": {
      "format": "('rst', 'ReStructured Text')", 
      "text": "Some text here:)", 
      "last_modified_by": 65, 
      "delivery": 84, 
      "last_modified": "2011-05-25 20:12:56", 
      "object_id": 41, 
      "content_type": 11, 
      "published": true
    }
  }, 
  {
    "pk": 42, 
    "model": "core.feedback", 
    "fields": {
      "format": "('rst', 'ReStructured Text')", 
      "text": "Some text here:)", 
      "last_modified_by": 64, 
      "delivery": 85, 
      "last_modified": "2011-05-25 20:12:56", 
      "object_id": 42, 
      "content_type": 11, 
      "published": true
    }
  }, 
  {
    "pk": 43, 
    "model": "core.feedback", 
    "fields": {
      "format": "('rst', 'ReStructured Text')", 
      "text": "Some text here:)", 
      "last_modified_by": 65, 
      "delivery": 86, 
      "last_modified": "2011-05-25 20:12:57", 
      "object_id": 43, 
      "content_type": 11, 
      "published": true
    }
  }, 
  {
    "pk": 44, 
    "model": "core.feedback", 
    "fields": {
      "format": "('rst', 'ReStructured Text')", 
      "text": "Some text here:)", 
      "last_modified_by": 64, 
      "delivery": 87, 
      "last_modified": "2011-05-25 20:12:57", 
      "object_id": 44, 
      "content_type": 11, 
      "published": true
    }
  }, 
  {
    "pk": 45, 
    "model": "core.feedback", 
    "fields": {
      "format": "('rst', 'ReStructured Text')", 
      "text": "Some text here:)", 
      "last_modified_by": 65, 
      "delivery": 90, 
      "last_modified": "2011-05-25 20:12:57", 
      "object_id": 45, 
      "content_type": 11, 
      "published": true
    }
  }, 
  {
    "pk": 46, 
    "model": "core.feedback", 
    "fields": {
      "format": "('rst', 'ReStructured Text')", 
      "text": "Some text here:)", 
      "last_modified_by": 64, 
      "delivery": 91, 
      "last_modified": "2011-05-25 20:12:57", 
      "object_id": 46, 
      "content_type": 11, 
      "published": true
    }
  }, 
  {
    "pk": 47, 
    "model": "core.feedback", 
    "fields": {
      "format": "('rst', 'ReStructured Text')", 
      "text": "Some text here:)", 
      "last_modified_by": 65, 
      "delivery": 95, 
      "last_modified": "2011-05-25 20:12:57", 
      "object_id": 47, 
      "content_type": 11, 
      "published": true
    }
  }, 
  {
    "pk": 48, 
    "model": "core.feedback", 
    "fields": {
      "format": "('rst', 'ReStructured Text')", 
      "text": "Some text here:)", 
      "last_modified_by": 64, 
      "delivery": 96, 
      "last_modified": "2011-05-25 20:12:57", 
      "object_id": 48, 
      "content_type": 11, 
      "published": true
    }
  }, 
  {
    "pk": 49, 
    "model": "core.feedback", 
    "fields": {
      "format": "('rst', 'ReStructured Text')", 
      "text": "Some text here:)", 
      "last_modified_by": 65, 
      "delivery": 99, 
      "last_modified": "2011-05-25 20:12:58", 
      "object_id": 49, 
      "content_type": 11, 
      "published": true
    }
  }, 
  {
    "pk": 50, 
    "model": "core.feedback", 
    "fields": {
      "format": "('rst', 'ReStructured Text')", 
      "text": "Some text here:)", 
      "last_modified_by": 64, 
      "delivery": 100, 
      "last_modified": "2011-05-25 20:12:58", 
      "object_id": 50, 
      "content_type": 11, 
      "published": true
    }
  }, 
  {
    "pk": 51, 
    "model": "core.feedback", 
    "fields": {
      "format": "('rst', 'ReStructured Text')", 
      "text": "Some text here:)", 
      "last_modified_by": 65, 
      "delivery": 105, 
      "last_modified": "2011-05-25 20:12:59", 
      "object_id": 51, 
      "content_type": 11, 
      "published": true
    }
  }, 
  {
    "pk": 52, 
    "model": "core.feedback", 
    "fields": {
      "format": "('rst', 'ReStructured Text')", 
      "text": "Some text here:)", 
      "last_modified_by": 64, 
      "delivery": 106, 
      "last_modified": "2011-05-25 20:12:59", 
      "object_id": 52, 
      "content_type": 11, 
      "published": true
    }
  }, 
  {
    "pk": 53, 
    "model": "core.feedback", 
    "fields": {
      "format": "('rst', 'ReStructured Text')", 
      "text": "Some text here:)", 
      "last_modified_by": 65, 
      "delivery": 107, 
      "last_modified": "2011-05-25 20:12:59", 
      "object_id": 53, 
      "content_type": 11, 
      "published": true
    }
  }, 
  {
    "pk": 54, 
    "model": "core.feedback", 
    "fields": {
      "format": "('rst', 'ReStructured Text')", 
      "text": "Some text here:)", 
      "last_modified_by": 64, 
      "delivery": 108, 
      "last_modified": "2011-05-25 20:12:59", 
      "object_id": 54, 
      "content_type": 11, 
      "published": true
    }
  }, 
  {
    "pk": 55, 
    "model": "core.feedback", 
    "fields": {
      "format": "('rst', 'ReStructured Text')", 
      "text": "Some text here:)", 
      "last_modified_by": 65, 
      "delivery": 111, 
      "last_modified": "2011-05-25 20:12:59", 
      "object_id": 55, 
      "content_type": 11, 
      "published": true
    }
  }, 
  {
    "pk": 56, 
    "model": "core.feedback", 
    "fields": {
      "format": "('rst', 'ReStructured Text')", 
      "text": "Some text here:)", 
      "last_modified_by": 64, 
      "delivery": 112, 
      "last_modified": "2011-05-25 20:13:00", 
      "object_id": 56, 
      "content_type": 11, 
      "published": true
    }
  }, 
  {
    "pk": 57, 
    "model": "core.feedback", 
    "fields": {
      "format": "('rst', 'ReStructured Text')", 
      "text": "Some text here:)", 
      "last_modified_by": 65, 
      "delivery": 113, 
      "last_modified": "2011-05-25 20:13:00", 
      "object_id": 57, 
      "content_type": 11, 
      "published": true
    }
  }, 
  {
    "pk": 58, 
    "model": "core.feedback", 
    "fields": {
      "format": "('rst', 'ReStructured Text')", 
      "text": "Some text here:)", 
      "last_modified_by": 64, 
      "delivery": 114, 
      "last_modified": "2011-05-25 20:13:00", 
      "object_id": 58, 
      "content_type": 11, 
      "published": true
    }
  }, 
  {
    "pk": 59, 
    "model": "core.feedback", 
    "fields": {
      "format": "('rst', 'ReStructured Text')", 
      "text": "Some text here:)", 
      "last_modified_by": 65, 
      "delivery": 116, 
      "last_modified": "2011-05-25 20:13:00", 
      "object_id": 59, 
      "content_type": 11, 
      "published": true
    }
  }, 
  {
    "pk": 60, 
    "model": "core.feedback", 
    "fields": {
      "format": "('rst', 'ReStructured Text')", 
      "text": "Some text here:)", 
      "last_modified_by": 64, 
      "delivery": 117, 
      "last_modified": "2011-05-25 20:13:00", 
      "object_id": 60, 
      "content_type": 11, 
      "published": true
    }
  }, 
  {
    "pk": 61, 
    "model": "core.feedback", 
    "fields": {
      "format": "('rst', 'ReStructured Text')", 
      "text": "Some text here:)", 
      "last_modified_by": 65, 
      "delivery": 119, 
      "last_modified": "2011-05-25 20:13:00", 
      "object_id": 61, 
      "content_type": 11, 
      "published": true
    }
  }, 
  {
    "pk": 62, 
    "model": "core.feedback", 
    "fields": {
      "format": "('rst', 'ReStructured Text')", 
      "text": "Some text here:)", 
      "last_modified_by": 64, 
      "delivery": 120, 
      "last_modified": "2011-05-25 20:13:01", 
      "object_id": 62, 
      "content_type": 11, 
      "published": true
    }
  }, 
  {
    "pk": 63, 
    "model": "core.feedback", 
    "fields": {
      "format": "('rst', 'ReStructured Text')", 
      "text": "Some text here:)", 
      "last_modified_by": 65, 
      "delivery": 121, 
      "last_modified": "2011-05-25 20:13:01", 
      "object_id": 63, 
      "content_type": 11, 
      "published": false
    }
  }, 
  {
    "pk": 64, 
    "model": "core.feedback", 
    "fields": {
      "format": "('rst', 'ReStructured Text')", 
      "text": "Some text here:)", 
      "last_modified_by": 65, 
      "delivery": 123, 
      "last_modified": "2011-05-25 20:13:01", 
      "object_id": 64, 
      "content_type": 11, 
      "published": true
    }
  }, 
  {
    "pk": 65, 
    "model": "core.feedback", 
    "fields": {
      "format": "('rst', 'ReStructured Text')", 
      "text": "Some text here:)", 
      "last_modified_by": 65, 
      "delivery": 127, 
      "last_modified": "2011-05-25 20:13:02", 
      "object_id": 65, 
      "content_type": 11, 
      "published": true
    }
  }, 
  {
    "pk": 66, 
    "model": "core.feedback", 
    "fields": {
      "format": "('rst', 'ReStructured Text')", 
      "text": "Some text here:)", 
      "last_modified_by": 64, 
      "delivery": 128, 
      "last_modified": "2011-05-25 20:13:02", 
      "object_id": 66, 
      "content_type": 11, 
      "published": true
    }
  }, 
  {
    "pk": 67, 
    "model": "core.feedback", 
    "fields": {
      "format": "('rst', 'ReStructured Text')", 
      "text": "Some text here:)", 
      "last_modified_by": 65, 
      "delivery": 132, 
      "last_modified": "2011-05-25 20:13:02", 
      "object_id": 67, 
      "content_type": 11, 
      "published": false
    }
  }, 
  {
    "pk": 68, 
    "model": "core.feedback", 
    "fields": {
      "format": "('rst', 'ReStructured Text')", 
      "text": "Some text here:)", 
      "last_modified_by": 64, 
      "delivery": 133, 
      "last_modified": "2011-05-25 20:13:02", 
      "object_id": 68, 
      "content_type": 11, 
      "published": false
    }
  }, 
  {
    "pk": 69, 
    "model": "core.feedback", 
    "fields": {
      "format": "('rst', 'ReStructured Text')", 
      "text": "Some text here:)", 
      "last_modified_by": 64, 
      "delivery": 135, 
      "last_modified": "2011-05-25 20:13:03", 
      "object_id": 69, 
      "content_type": 4, 
      "published": true
    }
  }, 
  {
    "pk": 70, 
    "model": "core.feedback", 
    "fields": {
      "format": "('rst', 'ReStructured Text')", 
      "text": "Some text here:)", 
      "last_modified_by": 65, 
      "delivery": 136, 
      "last_modified": "2011-05-25 20:13:03", 
      "object_id": 70, 
      "content_type": 4, 
      "published": true
    }
  }, 
  {
    "pk": 71, 
    "model": "core.feedback", 
    "fields": {
      "format": "('rst', 'ReStructured Text')", 
      "text": "Some text here:)", 
      "last_modified_by": 64, 
      "delivery": 137, 
      "last_modified": "2011-05-25 20:13:03", 
      "object_id": 71, 
      "content_type": 4, 
      "published": true
    }
  }, 
  {
    "pk": 72, 
    "model": "core.feedback", 
    "fields": {
      "format": "('rst', 'ReStructured Text')", 
      "text": "Some text here:)", 
      "last_modified_by": 65, 
      "delivery": 139, 
      "last_modified": "2011-05-25 20:13:03", 
      "object_id": 72, 
      "content_type": 4, 
      "published": true
    }
  }, 
  {
    "pk": 73, 
    "model": "core.feedback", 
    "fields": {
      "format": "('rst', 'ReStructured Text')", 
      "text": "Some text here:)", 
      "last_modified_by": 64, 
      "delivery": 140, 
      "last_modified": "2011-05-25 20:13:03", 
      "object_id": 73, 
      "content_type": 4, 
      "published": true
    }
  }, 
  {
    "pk": 74, 
    "model": "core.feedback", 
    "fields": {
      "format": "('rst', 'ReStructured Text')", 
      "text": "Some text here:)", 
      "last_modified_by": 65, 
      "delivery": 143, 
      "last_modified": "2011-05-25 20:13:04", 
      "object_id": 74, 
      "content_type": 4, 
      "published": true
    }
  }, 
  {
    "pk": 75, 
    "model": "core.feedback", 
    "fields": {
      "format": "('rst', 'ReStructured Text')", 
      "text": "Some text here:)", 
      "last_modified_by": 64, 
      "delivery": 144, 
      "last_modified": "2011-05-25 20:13:04", 
      "object_id": 75, 
      "content_type": 4, 
      "published": true
    }
  }, 
  {
    "pk": 76, 
    "model": "core.feedback", 
    "fields": {
      "format": "('rst', 'ReStructured Text')", 
      "text": "Some text here:)", 
      "last_modified_by": 65, 
      "delivery": 149, 
      "last_modified": "2011-05-25 20:13:04", 
      "object_id": 76, 
      "content_type": 4, 
      "published": true
    }
  }, 
  {
    "pk": 77, 
    "model": "core.feedback", 
    "fields": {
      "format": "('rst', 'ReStructured Text')", 
      "text": "Some text here:)", 
      "last_modified_by": 64, 
      "delivery": 150, 
      "last_modified": "2011-05-25 20:13:04", 
      "object_id": 77, 
      "content_type": 4, 
      "published": true
    }
  }, 
  {
    "pk": 78, 
    "model": "core.feedback", 
    "fields": {
      "format": "('rst', 'ReStructured Text')", 
      "text": "Some text here:)", 
      "last_modified_by": 64, 
      "delivery": 155, 
      "last_modified": "2011-05-25 20:13:05", 
      "object_id": 78, 
      "content_type": 4, 
      "published": true
    }
  }, 
  {
    "pk": 79, 
    "model": "core.feedback", 
    "fields": {
      "format": "('rst', 'ReStructured Text')", 
      "text": "Some text here:)", 
      "last_modified_by": 65, 
      "delivery": 156, 
      "last_modified": "2011-05-25 20:13:05", 
      "object_id": 79, 
      "content_type": 4, 
      "published": true
    }
  }, 
  {
    "pk": 3, 
    "model": "core.filemeta", 
    "fields": {
      "delivery": 1, 
      "size": 41, 
      "filename": "helloworld.java"
    }
  }, 
  {
    "pk": 6, 
    "model": "core.filemeta", 
    "fields": {
      "delivery": 2, 
      "size": 41, 
      "filename": "helloworld.java"
    }
  }, 
  {
    "pk": 9, 
    "model": "core.filemeta", 
    "fields": {
      "delivery": 3, 
      "size": 41, 
      "filename": "helloworld.java"
    }
  }, 
  {
    "pk": 12, 
    "model": "core.filemeta", 
    "fields": {
      "delivery": 4, 
      "size": 41, 
      "filename": "helloworld.java"
    }
  }, 
  {
    "pk": 15, 
    "model": "core.filemeta", 
    "fields": {
      "delivery": 5, 
      "size": 41, 
      "filename": "helloworld.java"
    }
  }, 
  {
    "pk": 18, 
    "model": "core.filemeta", 
    "fields": {
      "delivery": 6, 
      "size": 41, 
      "filename": "helloworld.java"
    }
  }, 
  {
    "pk": 21, 
    "model": "core.filemeta", 
    "fields": {
      "delivery": 7, 
      "size": 41, 
      "filename": "helloworld.java"
    }
  }, 
  {
    "pk": 24, 
    "model": "core.filemeta", 
    "fields": {
      "delivery": 8, 
      "size": 41, 
      "filename": "helloworld.java"
    }
  }, 
  {
    "pk": 27, 
    "model": "core.filemeta", 
    "fields": {
      "delivery": 9, 
      "size": 41, 
      "filename": "helloworld.java"
    }
  }, 
  {
    "pk": 30, 
    "model": "core.filemeta", 
    "fields": {
      "delivery": 10, 
      "size": 41, 
      "filename": "helloworld.java"
    }
  }, 
  {
    "pk": 33, 
    "model": "core.filemeta", 
    "fields": {
      "delivery": 11, 
      "size": 41, 
      "filename": "helloworld.java"
    }
  }, 
  {
    "pk": 36, 
    "model": "core.filemeta", 
    "fields": {
      "delivery": 12, 
      "size": 41, 
      "filename": "helloworld.java"
    }
  }, 
  {
    "pk": 39, 
    "model": "core.filemeta", 
    "fields": {
      "delivery": 13, 
      "size": 41, 
      "filename": "helloworld.java"
    }
  }, 
  {
    "pk": 42, 
    "model": "core.filemeta", 
    "fields": {
      "delivery": 14, 
      "size": 41, 
      "filename": "helloworld.java"
    }
  }, 
  {
    "pk": 45, 
    "model": "core.filemeta", 
    "fields": {
      "delivery": 15, 
      "size": 41, 
      "filename": "helloworld.java"
    }
  }, 
  {
    "pk": 48, 
    "model": "core.filemeta", 
    "fields": {
      "delivery": 16, 
      "size": 41, 
      "filename": "helloworld.java"
    }
  }, 
  {
    "pk": 51, 
    "model": "core.filemeta", 
    "fields": {
      "delivery": 17, 
      "size": 41, 
      "filename": "helloworld.java"
    }
  }, 
  {
    "pk": 54, 
    "model": "core.filemeta", 
    "fields": {
      "delivery": 18, 
      "size": 41, 
      "filename": "helloworld.java"
    }
  }, 
  {
    "pk": 57, 
    "model": "core.filemeta", 
    "fields": {
      "delivery": 19, 
      "size": 41, 
      "filename": "helloworld.java"
    }
  }, 
  {
    "pk": 60, 
    "model": "core.filemeta", 
    "fields": {
      "delivery": 20, 
      "size": 41, 
      "filename": "helloworld.java"
    }
  }, 
  {
    "pk": 63, 
    "model": "core.filemeta", 
    "fields": {
      "delivery": 21, 
      "size": 41, 
      "filename": "helloworld.java"
    }
  }, 
  {
    "pk": 66, 
    "model": "core.filemeta", 
    "fields": {
      "delivery": 22, 
      "size": 41, 
      "filename": "helloworld.java"
    }
  }, 
  {
    "pk": 69, 
    "model": "core.filemeta", 
    "fields": {
      "delivery": 23, 
      "size": 41, 
      "filename": "helloworld.java"
    }
  }, 
  {
    "pk": 72, 
    "model": "core.filemeta", 
    "fields": {
      "delivery": 24, 
      "size": 41, 
      "filename": "helloworld.java"
    }
  }, 
  {
    "pk": 75, 
    "model": "core.filemeta", 
    "fields": {
      "delivery": 25, 
      "size": 41, 
      "filename": "helloworld.java"
    }
  }, 
  {
    "pk": 78, 
    "model": "core.filemeta", 
    "fields": {
      "delivery": 26, 
      "size": 41, 
      "filename": "helloworld.java"
    }
  }, 
  {
    "pk": 81, 
    "model": "core.filemeta", 
    "fields": {
      "delivery": 27, 
      "size": 41, 
      "filename": "helloworld.java"
    }
  }, 
  {
    "pk": 84, 
    "model": "core.filemeta", 
    "fields": {
      "delivery": 28, 
      "size": 41, 
      "filename": "helloworld.java"
    }
  }, 
  {
    "pk": 87, 
    "model": "core.filemeta", 
    "fields": {
      "delivery": 29, 
      "size": 41, 
      "filename": "helloworld.java"
    }
  }, 
  {
    "pk": 90, 
    "model": "core.filemeta", 
    "fields": {
      "delivery": 30, 
      "size": 41, 
      "filename": "helloworld.java"
    }
  }, 
  {
    "pk": 93, 
    "model": "core.filemeta", 
    "fields": {
      "delivery": 31, 
      "size": 41, 
      "filename": "helloworld.java"
    }
  }, 
  {
    "pk": 96, 
    "model": "core.filemeta", 
    "fields": {
      "delivery": 32, 
      "size": 41, 
      "filename": "helloworld.java"
    }
  }, 
  {
    "pk": 99, 
    "model": "core.filemeta", 
    "fields": {
      "delivery": 33, 
      "size": 41, 
      "filename": "helloworld.java"
    }
  }, 
  {
    "pk": 102, 
    "model": "core.filemeta", 
    "fields": {
      "delivery": 34, 
      "size": 41, 
      "filename": "helloworld.java"
    }
  }, 
  {
    "pk": 105, 
    "model": "core.filemeta", 
    "fields": {
      "delivery": 35, 
      "size": 41, 
      "filename": "helloworld.java"
    }
  }, 
  {
    "pk": 108, 
    "model": "core.filemeta", 
    "fields": {
      "delivery": 36, 
      "size": 41, 
      "filename": "helloworld.java"
    }
  }, 
  {
    "pk": 111, 
    "model": "core.filemeta", 
    "fields": {
      "delivery": 37, 
      "size": 41, 
      "filename": "helloworld.java"
    }
  }, 
  {
    "pk": 114, 
    "model": "core.filemeta", 
    "fields": {
      "delivery": 38, 
      "size": 41, 
      "filename": "helloworld.java"
    }
  }, 
  {
    "pk": 117, 
    "model": "core.filemeta", 
    "fields": {
      "delivery": 39, 
      "size": 41, 
      "filename": "helloworld.java"
    }
  }, 
  {
    "pk": 120, 
    "model": "core.filemeta", 
    "fields": {
      "delivery": 40, 
      "size": 41, 
      "filename": "helloworld.java"
    }
  }, 
  {
    "pk": 123, 
    "model": "core.filemeta", 
    "fields": {
      "delivery": 41, 
      "size": 41, 
      "filename": "helloworld.java"
    }
  }, 
  {
    "pk": 126, 
    "model": "core.filemeta", 
    "fields": {
      "delivery": 42, 
      "size": 41, 
      "filename": "helloworld.java"
    }
  }, 
  {
    "pk": 129, 
    "model": "core.filemeta", 
    "fields": {
      "delivery": 43, 
      "size": 41, 
      "filename": "helloworld.java"
    }
  }, 
  {
    "pk": 132, 
    "model": "core.filemeta", 
    "fields": {
      "delivery": 44, 
      "size": 41, 
      "filename": "helloworld.java"
    }
  }, 
  {
    "pk": 135, 
    "model": "core.filemeta", 
    "fields": {
      "delivery": 45, 
      "size": 41, 
      "filename": "helloworld.java"
    }
  }, 
  {
    "pk": 138, 
    "model": "core.filemeta", 
    "fields": {
      "delivery": 46, 
      "size": 41, 
      "filename": "helloworld.java"
    }
  }, 
  {
    "pk": 141, 
    "model": "core.filemeta", 
    "fields": {
      "delivery": 47, 
      "size": 41, 
      "filename": "helloworld.java"
    }
  }, 
  {
    "pk": 144, 
    "model": "core.filemeta", 
    "fields": {
      "delivery": 48, 
      "size": 41, 
      "filename": "helloworld.java"
    }
  }, 
  {
    "pk": 147, 
    "model": "core.filemeta", 
    "fields": {
      "delivery": 49, 
      "size": 41, 
      "filename": "helloworld.java"
    }
  }, 
  {
    "pk": 150, 
    "model": "core.filemeta", 
    "fields": {
      "delivery": 50, 
      "size": 41, 
      "filename": "helloworld.java"
    }
  }, 
  {
    "pk": 153, 
    "model": "core.filemeta", 
    "fields": {
      "delivery": 51, 
      "size": 41, 
      "filename": "helloworld.java"
    }
  }, 
  {
    "pk": 156, 
    "model": "core.filemeta", 
    "fields": {
      "delivery": 52, 
      "size": 41, 
      "filename": "helloworld.java"
    }
  }, 
  {
    "pk": 159, 
    "model": "core.filemeta", 
    "fields": {
      "delivery": 53, 
      "size": 41, 
      "filename": "helloworld.java"
    }
  }, 
  {
    "pk": 162, 
    "model": "core.filemeta", 
    "fields": {
      "delivery": 54, 
      "size": 41, 
      "filename": "helloworld.java"
    }
  }, 
  {
    "pk": 165, 
    "model": "core.filemeta", 
    "fields": {
      "delivery": 55, 
      "size": 41, 
      "filename": "helloworld.java"
    }
  }, 
  {
    "pk": 168, 
    "model": "core.filemeta", 
    "fields": {
      "delivery": 56, 
      "size": 41, 
      "filename": "helloworld.java"
    }
  }, 
  {
    "pk": 171, 
    "model": "core.filemeta", 
    "fields": {
      "delivery": 57, 
      "size": 41, 
      "filename": "helloworld.java"
    }
  }, 
  {
    "pk": 174, 
    "model": "core.filemeta", 
    "fields": {
      "delivery": 58, 
      "size": 41, 
      "filename": "helloworld.java"
    }
  }, 
  {
    "pk": 177, 
    "model": "core.filemeta", 
    "fields": {
      "delivery": 59, 
      "size": 41, 
      "filename": "helloworld.java"
    }
  }, 
  {
    "pk": 180, 
    "model": "core.filemeta", 
    "fields": {
      "delivery": 60, 
      "size": 41, 
      "filename": "helloworld.java"
    }
  }, 
  {
    "pk": 183, 
    "model": "core.filemeta", 
    "fields": {
      "delivery": 61, 
      "size": 41, 
      "filename": "helloworld.java"
    }
  }, 
  {
    "pk": 186, 
    "model": "core.filemeta", 
    "fields": {
      "delivery": 62, 
      "size": 41, 
      "filename": "helloworld.java"
    }
  }, 
  {
    "pk": 189, 
    "model": "core.filemeta", 
    "fields": {
      "delivery": 63, 
      "size": 41, 
      "filename": "helloworld.java"
    }
  }, 
  {
    "pk": 192, 
    "model": "core.filemeta", 
    "fields": {
      "delivery": 64, 
      "size": 41, 
      "filename": "helloworld.java"
    }
  }, 
  {
    "pk": 195, 
    "model": "core.filemeta", 
    "fields": {
      "delivery": 65, 
      "size": 41, 
      "filename": "helloworld.java"
    }
  }, 
  {
    "pk": 198, 
    "model": "core.filemeta", 
    "fields": {
      "delivery": 66, 
      "size": 41, 
      "filename": "helloworld.java"
    }
  }, 
  {
    "pk": 201, 
    "model": "core.filemeta", 
    "fields": {
      "delivery": 67, 
      "size": 41, 
      "filename": "helloworld.java"
    }
  }, 
  {
    "pk": 204, 
    "model": "core.filemeta", 
    "fields": {
      "delivery": 68, 
      "size": 41, 
      "filename": "helloworld.java"
    }
  }, 
  {
    "pk": 207, 
    "model": "core.filemeta", 
    "fields": {
      "delivery": 69, 
      "size": 41, 
      "filename": "helloworld.java"
    }
  }, 
  {
    "pk": 210, 
    "model": "core.filemeta", 
    "fields": {
      "delivery": 70, 
      "size": 41, 
      "filename": "helloworld.java"
    }
  }, 
  {
    "pk": 213, 
    "model": "core.filemeta", 
    "fields": {
      "delivery": 71, 
      "size": 41, 
      "filename": "helloworld.java"
    }
  }, 
  {
    "pk": 216, 
    "model": "core.filemeta", 
    "fields": {
      "delivery": 72, 
      "size": 41, 
      "filename": "helloworld.java"
    }
  }, 
  {
    "pk": 219, 
    "model": "core.filemeta", 
    "fields": {
      "delivery": 73, 
      "size": 41, 
      "filename": "helloworld.java"
    }
  }, 
  {
    "pk": 222, 
    "model": "core.filemeta", 
    "fields": {
      "delivery": 74, 
      "size": 41, 
      "filename": "helloworld.java"
    }
  }, 
  {
    "pk": 225, 
    "model": "core.filemeta", 
    "fields": {
      "delivery": 75, 
      "size": 41, 
      "filename": "helloworld.java"
    }
  }, 
  {
    "pk": 228, 
    "model": "core.filemeta", 
    "fields": {
      "delivery": 76, 
      "size": 41, 
      "filename": "helloworld.java"
    }
  }, 
  {
    "pk": 231, 
    "model": "core.filemeta", 
    "fields": {
      "delivery": 77, 
      "size": 41, 
      "filename": "helloworld.java"
    }
  }, 
  {
    "pk": 234, 
    "model": "core.filemeta", 
    "fields": {
      "delivery": 78, 
      "size": 41, 
      "filename": "helloworld.java"
    }
  }, 
  {
    "pk": 237, 
    "model": "core.filemeta", 
    "fields": {
      "delivery": 79, 
      "size": 41, 
      "filename": "helloworld.java"
    }
  }, 
  {
    "pk": 240, 
    "model": "core.filemeta", 
    "fields": {
      "delivery": 80, 
      "size": 41, 
      "filename": "helloworld.java"
    }
  }, 
  {
    "pk": 243, 
    "model": "core.filemeta", 
    "fields": {
      "delivery": 81, 
      "size": 41, 
      "filename": "helloworld.java"
    }
  }, 
  {
    "pk": 246, 
    "model": "core.filemeta", 
    "fields": {
      "delivery": 82, 
      "size": 41, 
      "filename": "helloworld.java"
    }
  }, 
  {
    "pk": 249, 
    "model": "core.filemeta", 
    "fields": {
      "delivery": 83, 
      "size": 41, 
      "filename": "helloworld.java"
    }
  }, 
  {
    "pk": 252, 
    "model": "core.filemeta", 
    "fields": {
      "delivery": 84, 
      "size": 41, 
      "filename": "helloworld.java"
    }
  }, 
  {
    "pk": 255, 
    "model": "core.filemeta", 
    "fields": {
      "delivery": 85, 
      "size": 41, 
      "filename": "helloworld.java"
    }
  }, 
  {
    "pk": 258, 
    "model": "core.filemeta", 
    "fields": {
      "delivery": 86, 
      "size": 41, 
      "filename": "helloworld.java"
    }
  }, 
  {
    "pk": 261, 
    "model": "core.filemeta", 
    "fields": {
      "delivery": 87, 
      "size": 41, 
      "filename": "helloworld.java"
    }
  }, 
  {
    "pk": 264, 
    "model": "core.filemeta", 
    "fields": {
      "delivery": 88, 
      "size": 41, 
      "filename": "helloworld.java"
    }
  }, 
  {
    "pk": 267, 
    "model": "core.filemeta", 
    "fields": {
      "delivery": 89, 
      "size": 41, 
      "filename": "helloworld.java"
    }
  }, 
  {
    "pk": 270, 
    "model": "core.filemeta", 
    "fields": {
      "delivery": 90, 
      "size": 41, 
      "filename": "helloworld.java"
    }
  }, 
  {
    "pk": 273, 
    "model": "core.filemeta", 
    "fields": {
      "delivery": 91, 
      "size": 41, 
      "filename": "helloworld.java"
    }
  }, 
  {
    "pk": 276, 
    "model": "core.filemeta", 
    "fields": {
      "delivery": 92, 
      "size": 41, 
      "filename": "helloworld.java"
    }
  }, 
  {
    "pk": 279, 
    "model": "core.filemeta", 
    "fields": {
      "delivery": 93, 
      "size": 41, 
      "filename": "helloworld.java"
    }
  }, 
  {
    "pk": 282, 
    "model": "core.filemeta", 
    "fields": {
      "delivery": 94, 
      "size": 41, 
      "filename": "helloworld.java"
    }
  }, 
  {
    "pk": 285, 
    "model": "core.filemeta", 
    "fields": {
      "delivery": 95, 
      "size": 41, 
      "filename": "helloworld.java"
    }
  }, 
  {
    "pk": 288, 
    "model": "core.filemeta", 
    "fields": {
      "delivery": 96, 
      "size": 41, 
      "filename": "helloworld.java"
    }
  }, 
  {
    "pk": 291, 
    "model": "core.filemeta", 
    "fields": {
      "delivery": 97, 
      "size": 41, 
      "filename": "helloworld.java"
    }
  }, 
  {
    "pk": 294, 
    "model": "core.filemeta", 
    "fields": {
      "delivery": 98, 
      "size": 41, 
      "filename": "helloworld.java"
    }
  }, 
  {
    "pk": 297, 
    "model": "core.filemeta", 
    "fields": {
      "delivery": 99, 
      "size": 41, 
      "filename": "helloworld.java"
    }
  }, 
  {
    "pk": 300, 
    "model": "core.filemeta", 
    "fields": {
      "delivery": 100, 
      "size": 41, 
      "filename": "helloworld.java"
    }
  }, 
  {
    "pk": 303, 
    "model": "core.filemeta", 
    "fields": {
      "delivery": 101, 
      "size": 41, 
      "filename": "helloworld.java"
    }
  }, 
  {
    "pk": 306, 
    "model": "core.filemeta", 
    "fields": {
      "delivery": 102, 
      "size": 41, 
      "filename": "helloworld.java"
    }
  }, 
  {
    "pk": 309, 
    "model": "core.filemeta", 
    "fields": {
      "delivery": 103, 
      "size": 41, 
      "filename": "helloworld.java"
    }
  }, 
  {
    "pk": 312, 
    "model": "core.filemeta", 
    "fields": {
      "delivery": 104, 
      "size": 41, 
      "filename": "helloworld.java"
    }
  }, 
  {
    "pk": 315, 
    "model": "core.filemeta", 
    "fields": {
      "delivery": 105, 
      "size": 41, 
      "filename": "helloworld.java"
    }
  }, 
  {
    "pk": 318, 
    "model": "core.filemeta", 
    "fields": {
      "delivery": 106, 
      "size": 41, 
      "filename": "helloworld.java"
    }
  }, 
  {
    "pk": 321, 
    "model": "core.filemeta", 
    "fields": {
      "delivery": 107, 
      "size": 41, 
      "filename": "helloworld.java"
    }
  }, 
  {
    "pk": 324, 
    "model": "core.filemeta", 
    "fields": {
      "delivery": 108, 
      "size": 41, 
      "filename": "helloworld.java"
    }
  }, 
  {
    "pk": 327, 
    "model": "core.filemeta", 
    "fields": {
      "delivery": 109, 
      "size": 41, 
      "filename": "helloworld.java"
    }
  }, 
  {
    "pk": 330, 
    "model": "core.filemeta", 
    "fields": {
      "delivery": 110, 
      "size": 41, 
      "filename": "helloworld.java"
    }
  }, 
  {
    "pk": 333, 
    "model": "core.filemeta", 
    "fields": {
      "delivery": 111, 
      "size": 41, 
      "filename": "helloworld.java"
    }
  }, 
  {
    "pk": 336, 
    "model": "core.filemeta", 
    "fields": {
      "delivery": 112, 
      "size": 41, 
      "filename": "helloworld.java"
    }
  }, 
  {
    "pk": 339, 
    "model": "core.filemeta", 
    "fields": {
      "delivery": 113, 
      "size": 41, 
      "filename": "helloworld.java"
    }
  }, 
  {
    "pk": 342, 
    "model": "core.filemeta", 
    "fields": {
      "delivery": 114, 
      "size": 41, 
      "filename": "helloworld.java"
    }
  }, 
  {
    "pk": 345, 
    "model": "core.filemeta", 
    "fields": {
      "delivery": 115, 
      "size": 41, 
      "filename": "helloworld.java"
    }
  }, 
  {
    "pk": 348, 
    "model": "core.filemeta", 
    "fields": {
      "delivery": 116, 
      "size": 41, 
      "filename": "helloworld.java"
    }
  }, 
  {
    "pk": 351, 
    "model": "core.filemeta", 
    "fields": {
      "delivery": 117, 
      "size": 41, 
      "filename": "helloworld.java"
    }
  }, 
  {
    "pk": 354, 
    "model": "core.filemeta", 
    "fields": {
      "delivery": 118, 
      "size": 41, 
      "filename": "helloworld.java"
    }
  }, 
  {
    "pk": 357, 
    "model": "core.filemeta", 
    "fields": {
      "delivery": 119, 
      "size": 41, 
      "filename": "helloworld.java"
    }
  }, 
  {
    "pk": 360, 
    "model": "core.filemeta", 
    "fields": {
      "delivery": 120, 
      "size": 41, 
      "filename": "helloworld.java"
    }
  }, 
  {
    "pk": 363, 
    "model": "core.filemeta", 
    "fields": {
      "delivery": 121, 
      "size": 41, 
      "filename": "helloworld.java"
    }
  }, 
  {
    "pk": 366, 
    "model": "core.filemeta", 
    "fields": {
      "delivery": 122, 
      "size": 41, 
      "filename": "helloworld.java"
    }
  }, 
  {
    "pk": 369, 
    "model": "core.filemeta", 
    "fields": {
      "delivery": 123, 
      "size": 41, 
      "filename": "helloworld.java"
    }
  }, 
  {
    "pk": 372, 
    "model": "core.filemeta", 
    "fields": {
      "delivery": 124, 
      "size": 41, 
      "filename": "helloworld.java"
    }
  }, 
  {
    "pk": 375, 
    "model": "core.filemeta", 
    "fields": {
      "delivery": 125, 
      "size": 41, 
      "filename": "helloworld.java"
    }
  }, 
  {
    "pk": 378, 
    "model": "core.filemeta", 
    "fields": {
      "delivery": 126, 
      "size": 41, 
      "filename": "helloworld.java"
    }
  }, 
  {
    "pk": 381, 
    "model": "core.filemeta", 
    "fields": {
      "delivery": 127, 
      "size": 41, 
      "filename": "helloworld.java"
    }
  }, 
  {
    "pk": 384, 
    "model": "core.filemeta", 
    "fields": {
      "delivery": 128, 
      "size": 41, 
      "filename": "helloworld.java"
    }
  }, 
  {
    "pk": 387, 
    "model": "core.filemeta", 
    "fields": {
      "delivery": 129, 
      "size": 41, 
      "filename": "helloworld.java"
    }
  }, 
  {
    "pk": 390, 
    "model": "core.filemeta", 
    "fields": {
      "delivery": 130, 
      "size": 41, 
      "filename": "helloworld.java"
    }
  }, 
  {
    "pk": 393, 
    "model": "core.filemeta", 
    "fields": {
      "delivery": 131, 
      "size": 41, 
      "filename": "helloworld.java"
    }
  }, 
  {
    "pk": 396, 
    "model": "core.filemeta", 
    "fields": {
      "delivery": 132, 
      "size": 41, 
      "filename": "helloworld.java"
    }
  }, 
  {
    "pk": 399, 
    "model": "core.filemeta", 
    "fields": {
      "delivery": 133, 
      "size": 41, 
      "filename": "helloworld.java"
    }
  }, 
  {
    "pk": 402, 
    "model": "core.filemeta", 
    "fields": {
      "delivery": 134, 
      "size": 41, 
      "filename": "helloworld.java"
    }
  }, 
  {
    "pk": 405, 
    "model": "core.filemeta", 
    "fields": {
      "delivery": 135, 
      "size": 41, 
      "filename": "helloworld.java"
    }
  }, 
  {
    "pk": 408, 
    "model": "core.filemeta", 
    "fields": {
      "delivery": 136, 
      "size": 41, 
      "filename": "helloworld.java"
    }
  }, 
  {
    "pk": 411, 
    "model": "core.filemeta", 
    "fields": {
      "delivery": 137, 
      "size": 41, 
      "filename": "helloworld.java"
    }
  }, 
  {
    "pk": 414, 
    "model": "core.filemeta", 
    "fields": {
      "delivery": 138, 
      "size": 41, 
      "filename": "helloworld.java"
    }
  }, 
  {
    "pk": 417, 
    "model": "core.filemeta", 
    "fields": {
      "delivery": 139, 
      "size": 41, 
      "filename": "helloworld.java"
    }
  }, 
  {
    "pk": 420, 
    "model": "core.filemeta", 
    "fields": {
      "delivery": 140, 
      "size": 41, 
      "filename": "helloworld.java"
    }
  }, 
  {
    "pk": 423, 
    "model": "core.filemeta", 
    "fields": {
      "delivery": 141, 
      "size": 41, 
      "filename": "helloworld.java"
    }
  }, 
  {
    "pk": 426, 
    "model": "core.filemeta", 
    "fields": {
      "delivery": 142, 
      "size": 41, 
      "filename": "helloworld.java"
    }
  }, 
  {
    "pk": 429, 
    "model": "core.filemeta", 
    "fields": {
      "delivery": 143, 
      "size": 41, 
      "filename": "helloworld.java"
    }
  }, 
  {
    "pk": 432, 
    "model": "core.filemeta", 
    "fields": {
      "delivery": 144, 
      "size": 41, 
      "filename": "helloworld.java"
    }
  }, 
  {
    "pk": 435, 
    "model": "core.filemeta", 
    "fields": {
      "delivery": 145, 
      "size": 41, 
      "filename": "helloworld.java"
    }
  }, 
  {
    "pk": 438, 
    "model": "core.filemeta", 
    "fields": {
      "delivery": 146, 
      "size": 41, 
      "filename": "helloworld.java"
    }
  }, 
  {
    "pk": 441, 
    "model": "core.filemeta", 
    "fields": {
      "delivery": 147, 
      "size": 41, 
      "filename": "helloworld.java"
    }
  }, 
  {
    "pk": 444, 
    "model": "core.filemeta", 
    "fields": {
      "delivery": 148, 
      "size": 41, 
      "filename": "helloworld.java"
    }
  }, 
  {
    "pk": 447, 
    "model": "core.filemeta", 
    "fields": {
      "delivery": 149, 
      "size": 41, 
      "filename": "helloworld.java"
    }
  }, 
  {
    "pk": 450, 
    "model": "core.filemeta", 
    "fields": {
      "delivery": 150, 
      "size": 41, 
      "filename": "helloworld.java"
    }
  }, 
  {
    "pk": 453, 
    "model": "core.filemeta", 
    "fields": {
      "delivery": 151, 
      "size": 41, 
      "filename": "helloworld.java"
    }
  }, 
  {
    "pk": 456, 
    "model": "core.filemeta", 
    "fields": {
      "delivery": 152, 
      "size": 41, 
      "filename": "helloworld.java"
    }
  }, 
  {
    "pk": 459, 
    "model": "core.filemeta", 
    "fields": {
      "delivery": 153, 
      "size": 41, 
      "filename": "helloworld.java"
    }
  }, 
  {
    "pk": 462, 
    "model": "core.filemeta", 
    "fields": {
      "delivery": 154, 
      "size": 41, 
      "filename": "helloworld.java"
    }
  }, 
  {
    "pk": 465, 
    "model": "core.filemeta", 
    "fields": {
      "delivery": 155, 
      "size": 41, 
      "filename": "helloworld.java"
    }
  }, 
  {
    "pk": 468, 
    "model": "core.filemeta", 
    "fields": {
      "delivery": 156, 
      "size": 41, 
      "filename": "helloworld.java"
    }
  }, 
  {
    "pk": 471, 
    "model": "core.filemeta", 
    "fields": {
      "delivery": 157, 
      "size": 41, 
      "filename": "helloworld.java"
    }
  }, 
  {
    "pk": 474, 
    "model": "core.filemeta", 
    "fields": {
      "delivery": 158, 
      "size": 41, 
      "filename": "helloworld.java"
    }
  }, 
  {
    "pk": 477, 
    "model": "core.filemeta", 
    "fields": {
      "delivery": 159, 
      "size": 41, 
      "filename": "helloworld.java"
    }
  }, 
  {
    "pk": 480, 
    "model": "core.filemeta", 
    "fields": {
      "delivery": 160, 
      "size": 41, 
      "filename": "helloworld.java"
    }
  }, 
  {
    "pk": 483, 
    "model": "core.filemeta", 
    "fields": {
      "delivery": 161, 
      "size": 41, 
      "filename": "helloworld.java"
    }
  }, 
  {
    "pk": 486, 
    "model": "core.filemeta", 
    "fields": {
      "delivery": 162, 
      "size": 41, 
      "filename": "helloworld.java"
    }
  }, 
  {
    "pk": 489, 
    "model": "core.filemeta", 
    "fields": {
      "delivery": 163, 
      "size": 41, 
      "filename": "helloworld.java"
    }
  }, 
  {
    "pk": 492, 
    "model": "core.filemeta", 
    "fields": {
      "delivery": 164, 
      "size": 41, 
      "filename": "helloworld.java"
    }
  }, 
  {
    "pk": 495, 
    "model": "core.filemeta", 
    "fields": {
      "delivery": 165, 
      "size": 41, 
      "filename": "helloworld.java"
    }
  }, 
  {
    "pk": 498, 
    "model": "core.filemeta", 
    "fields": {
      "delivery": 166, 
      "size": 41, 
      "filename": "helloworld.java"
    }
  }, 
  {
    "pk": 2, 
    "model": "core.filemeta", 
    "fields": {
      "delivery": 1, 
      "size": 19, 
      "filename": "helloworld.py"
    }
  }, 
  {
    "pk": 5, 
    "model": "core.filemeta", 
    "fields": {
      "delivery": 2, 
      "size": 19, 
      "filename": "helloworld.py"
    }
  }, 
  {
    "pk": 8, 
    "model": "core.filemeta", 
    "fields": {
      "delivery": 3, 
      "size": 19, 
      "filename": "helloworld.py"
    }
  }, 
  {
    "pk": 11, 
    "model": "core.filemeta", 
    "fields": {
      "delivery": 4, 
      "size": 19, 
      "filename": "helloworld.py"
    }
  }, 
  {
    "pk": 14, 
    "model": "core.filemeta", 
    "fields": {
      "delivery": 5, 
      "size": 19, 
      "filename": "helloworld.py"
    }
  }, 
  {
    "pk": 17, 
    "model": "core.filemeta", 
    "fields": {
      "delivery": 6, 
      "size": 19, 
      "filename": "helloworld.py"
    }
  }, 
  {
    "pk": 20, 
    "model": "core.filemeta", 
    "fields": {
      "delivery": 7, 
      "size": 19, 
      "filename": "helloworld.py"
    }
  }, 
  {
    "pk": 23, 
    "model": "core.filemeta", 
    "fields": {
      "delivery": 8, 
      "size": 19, 
      "filename": "helloworld.py"
    }
  }, 
  {
    "pk": 26, 
    "model": "core.filemeta", 
    "fields": {
      "delivery": 9, 
      "size": 19, 
      "filename": "helloworld.py"
    }
  }, 
  {
    "pk": 29, 
    "model": "core.filemeta", 
    "fields": {
      "delivery": 10, 
      "size": 19, 
      "filename": "helloworld.py"
    }
  }, 
  {
    "pk": 32, 
    "model": "core.filemeta", 
    "fields": {
      "delivery": 11, 
      "size": 19, 
      "filename": "helloworld.py"
    }
  }, 
  {
    "pk": 35, 
    "model": "core.filemeta", 
    "fields": {
      "delivery": 12, 
      "size": 19, 
      "filename": "helloworld.py"
    }
  }, 
  {
    "pk": 38, 
    "model": "core.filemeta", 
    "fields": {
      "delivery": 13, 
      "size": 19, 
      "filename": "helloworld.py"
    }
  }, 
  {
    "pk": 41, 
    "model": "core.filemeta", 
    "fields": {
      "delivery": 14, 
      "size": 19, 
      "filename": "helloworld.py"
    }
  }, 
  {
    "pk": 44, 
    "model": "core.filemeta", 
    "fields": {
      "delivery": 15, 
      "size": 19, 
      "filename": "helloworld.py"
    }
  }, 
  {
    "pk": 47, 
    "model": "core.filemeta", 
    "fields": {
      "delivery": 16, 
      "size": 19, 
      "filename": "helloworld.py"
    }
  }, 
  {
    "pk": 50, 
    "model": "core.filemeta", 
    "fields": {
      "delivery": 17, 
      "size": 19, 
      "filename": "helloworld.py"
    }
  }, 
  {
    "pk": 53, 
    "model": "core.filemeta", 
    "fields": {
      "delivery": 18, 
      "size": 19, 
      "filename": "helloworld.py"
    }
  }, 
  {
    "pk": 56, 
    "model": "core.filemeta", 
    "fields": {
      "delivery": 19, 
      "size": 19, 
      "filename": "helloworld.py"
    }
  }, 
  {
    "pk": 59, 
    "model": "core.filemeta", 
    "fields": {
      "delivery": 20, 
      "size": 19, 
      "filename": "helloworld.py"
    }
  }, 
  {
    "pk": 62, 
    "model": "core.filemeta", 
    "fields": {
      "delivery": 21, 
      "size": 19, 
      "filename": "helloworld.py"
    }
  }, 
  {
    "pk": 65, 
    "model": "core.filemeta", 
    "fields": {
      "delivery": 22, 
      "size": 19, 
      "filename": "helloworld.py"
    }
  }, 
  {
    "pk": 68, 
    "model": "core.filemeta", 
    "fields": {
      "delivery": 23, 
      "size": 19, 
      "filename": "helloworld.py"
    }
  }, 
  {
    "pk": 71, 
    "model": "core.filemeta", 
    "fields": {
      "delivery": 24, 
      "size": 19, 
      "filename": "helloworld.py"
    }
  }, 
  {
    "pk": 74, 
    "model": "core.filemeta", 
    "fields": {
      "delivery": 25, 
      "size": 19, 
      "filename": "helloworld.py"
    }
  }, 
  {
    "pk": 77, 
    "model": "core.filemeta", 
    "fields": {
      "delivery": 26, 
      "size": 19, 
      "filename": "helloworld.py"
    }
  }, 
  {
    "pk": 80, 
    "model": "core.filemeta", 
    "fields": {
      "delivery": 27, 
      "size": 19, 
      "filename": "helloworld.py"
    }
  }, 
  {
    "pk": 83, 
    "model": "core.filemeta", 
    "fields": {
      "delivery": 28, 
      "size": 19, 
      "filename": "helloworld.py"
    }
  }, 
  {
    "pk": 86, 
    "model": "core.filemeta", 
    "fields": {
      "delivery": 29, 
      "size": 19, 
      "filename": "helloworld.py"
    }
  }, 
  {
    "pk": 89, 
    "model": "core.filemeta", 
    "fields": {
      "delivery": 30, 
      "size": 19, 
      "filename": "helloworld.py"
    }
  }, 
  {
    "pk": 92, 
    "model": "core.filemeta", 
    "fields": {
      "delivery": 31, 
      "size": 19, 
      "filename": "helloworld.py"
    }
  }, 
  {
    "pk": 95, 
    "model": "core.filemeta", 
    "fields": {
      "delivery": 32, 
      "size": 19, 
      "filename": "helloworld.py"
    }
  }, 
  {
    "pk": 98, 
    "model": "core.filemeta", 
    "fields": {
      "delivery": 33, 
      "size": 19, 
      "filename": "helloworld.py"
    }
  }, 
  {
    "pk": 101, 
    "model": "core.filemeta", 
    "fields": {
      "delivery": 34, 
      "size": 19, 
      "filename": "helloworld.py"
    }
  }, 
  {
    "pk": 104, 
    "model": "core.filemeta", 
    "fields": {
      "delivery": 35, 
      "size": 19, 
      "filename": "helloworld.py"
    }
  }, 
  {
    "pk": 107, 
    "model": "core.filemeta", 
    "fields": {
      "delivery": 36, 
      "size": 19, 
      "filename": "helloworld.py"
    }
  }, 
  {
    "pk": 110, 
    "model": "core.filemeta", 
    "fields": {
      "delivery": 37, 
      "size": 19, 
      "filename": "helloworld.py"
    }
  }, 
  {
    "pk": 113, 
    "model": "core.filemeta", 
    "fields": {
      "delivery": 38, 
      "size": 19, 
      "filename": "helloworld.py"
    }
  }, 
  {
    "pk": 116, 
    "model": "core.filemeta", 
    "fields": {
      "delivery": 39, 
      "size": 19, 
      "filename": "helloworld.py"
    }
  }, 
  {
    "pk": 119, 
    "model": "core.filemeta", 
    "fields": {
      "delivery": 40, 
      "size": 19, 
      "filename": "helloworld.py"
    }
  }, 
  {
    "pk": 122, 
    "model": "core.filemeta", 
    "fields": {
      "delivery": 41, 
      "size": 19, 
      "filename": "helloworld.py"
    }
  }, 
  {
    "pk": 125, 
    "model": "core.filemeta", 
    "fields": {
      "delivery": 42, 
      "size": 19, 
      "filename": "helloworld.py"
    }
  }, 
  {
    "pk": 128, 
    "model": "core.filemeta", 
    "fields": {
      "delivery": 43, 
      "size": 19, 
      "filename": "helloworld.py"
    }
  }, 
  {
    "pk": 131, 
    "model": "core.filemeta", 
    "fields": {
      "delivery": 44, 
      "size": 19, 
      "filename": "helloworld.py"
    }
  }, 
  {
    "pk": 134, 
    "model": "core.filemeta", 
    "fields": {
      "delivery": 45, 
      "size": 19, 
      "filename": "helloworld.py"
    }
  }, 
  {
    "pk": 137, 
    "model": "core.filemeta", 
    "fields": {
      "delivery": 46, 
      "size": 19, 
      "filename": "helloworld.py"
    }
  }, 
  {
    "pk": 140, 
    "model": "core.filemeta", 
    "fields": {
      "delivery": 47, 
      "size": 19, 
      "filename": "helloworld.py"
    }
  }, 
  {
    "pk": 143, 
    "model": "core.filemeta", 
    "fields": {
      "delivery": 48, 
      "size": 19, 
      "filename": "helloworld.py"
    }
  }, 
  {
    "pk": 146, 
    "model": "core.filemeta", 
    "fields": {
      "delivery": 49, 
      "size": 19, 
      "filename": "helloworld.py"
    }
  }, 
  {
    "pk": 149, 
    "model": "core.filemeta", 
    "fields": {
      "delivery": 50, 
      "size": 19, 
      "filename": "helloworld.py"
    }
  }, 
  {
    "pk": 152, 
    "model": "core.filemeta", 
    "fields": {
      "delivery": 51, 
      "size": 19, 
      "filename": "helloworld.py"
    }
  }, 
  {
    "pk": 155, 
    "model": "core.filemeta", 
    "fields": {
      "delivery": 52, 
      "size": 19, 
      "filename": "helloworld.py"
    }
  }, 
  {
    "pk": 158, 
    "model": "core.filemeta", 
    "fields": {
      "delivery": 53, 
      "size": 19, 
      "filename": "helloworld.py"
    }
  }, 
  {
    "pk": 161, 
    "model": "core.filemeta", 
    "fields": {
      "delivery": 54, 
      "size": 19, 
      "filename": "helloworld.py"
    }
  }, 
  {
    "pk": 164, 
    "model": "core.filemeta", 
    "fields": {
      "delivery": 55, 
      "size": 19, 
      "filename": "helloworld.py"
    }
  }, 
  {
    "pk": 167, 
    "model": "core.filemeta", 
    "fields": {
      "delivery": 56, 
      "size": 19, 
      "filename": "helloworld.py"
    }
  }, 
  {
    "pk": 170, 
    "model": "core.filemeta", 
    "fields": {
      "delivery": 57, 
      "size": 19, 
      "filename": "helloworld.py"
    }
  }, 
  {
    "pk": 173, 
    "model": "core.filemeta", 
    "fields": {
      "delivery": 58, 
      "size": 19, 
      "filename": "helloworld.py"
    }
  }, 
  {
    "pk": 176, 
    "model": "core.filemeta", 
    "fields": {
      "delivery": 59, 
      "size": 19, 
      "filename": "helloworld.py"
    }
  }, 
  {
    "pk": 179, 
    "model": "core.filemeta", 
    "fields": {
      "delivery": 60, 
      "size": 19, 
      "filename": "helloworld.py"
    }
  }, 
  {
    "pk": 182, 
    "model": "core.filemeta", 
    "fields": {
      "delivery": 61, 
      "size": 19, 
      "filename": "helloworld.py"
    }
  }, 
  {
    "pk": 185, 
    "model": "core.filemeta", 
    "fields": {
      "delivery": 62, 
      "size": 19, 
      "filename": "helloworld.py"
    }
  }, 
  {
    "pk": 188, 
    "model": "core.filemeta", 
    "fields": {
      "delivery": 63, 
      "size": 19, 
      "filename": "helloworld.py"
    }
  }, 
  {
    "pk": 191, 
    "model": "core.filemeta", 
    "fields": {
      "delivery": 64, 
      "size": 19, 
      "filename": "helloworld.py"
    }
  }, 
  {
    "pk": 194, 
    "model": "core.filemeta", 
    "fields": {
      "delivery": 65, 
      "size": 19, 
      "filename": "helloworld.py"
    }
  }, 
  {
    "pk": 197, 
    "model": "core.filemeta", 
    "fields": {
      "delivery": 66, 
      "size": 19, 
      "filename": "helloworld.py"
    }
  }, 
  {
    "pk": 200, 
    "model": "core.filemeta", 
    "fields": {
      "delivery": 67, 
      "size": 19, 
      "filename": "helloworld.py"
    }
  }, 
  {
    "pk": 203, 
    "model": "core.filemeta", 
    "fields": {
      "delivery": 68, 
      "size": 19, 
      "filename": "helloworld.py"
    }
  }, 
  {
    "pk": 206, 
    "model": "core.filemeta", 
    "fields": {
      "delivery": 69, 
      "size": 19, 
      "filename": "helloworld.py"
    }
  }, 
  {
    "pk": 209, 
    "model": "core.filemeta", 
    "fields": {
      "delivery": 70, 
      "size": 19, 
      "filename": "helloworld.py"
    }
  }, 
  {
    "pk": 212, 
    "model": "core.filemeta", 
    "fields": {
      "delivery": 71, 
      "size": 19, 
      "filename": "helloworld.py"
    }
  }, 
  {
    "pk": 215, 
    "model": "core.filemeta", 
    "fields": {
      "delivery": 72, 
      "size": 19, 
      "filename": "helloworld.py"
    }
  }, 
  {
    "pk": 218, 
    "model": "core.filemeta", 
    "fields": {
      "delivery": 73, 
      "size": 19, 
      "filename": "helloworld.py"
    }
  }, 
  {
    "pk": 221, 
    "model": "core.filemeta", 
    "fields": {
      "delivery": 74, 
      "size": 19, 
      "filename": "helloworld.py"
    }
  }, 
  {
    "pk": 224, 
    "model": "core.filemeta", 
    "fields": {
      "delivery": 75, 
      "size": 19, 
      "filename": "helloworld.py"
    }
  }, 
  {
    "pk": 227, 
    "model": "core.filemeta", 
    "fields": {
      "delivery": 76, 
      "size": 19, 
      "filename": "helloworld.py"
    }
  }, 
  {
    "pk": 230, 
    "model": "core.filemeta", 
    "fields": {
      "delivery": 77, 
      "size": 19, 
      "filename": "helloworld.py"
    }
  }, 
  {
    "pk": 233, 
    "model": "core.filemeta", 
    "fields": {
      "delivery": 78, 
      "size": 19, 
      "filename": "helloworld.py"
    }
  }, 
  {
    "pk": 236, 
    "model": "core.filemeta", 
    "fields": {
      "delivery": 79, 
      "size": 19, 
      "filename": "helloworld.py"
    }
  }, 
  {
    "pk": 239, 
    "model": "core.filemeta", 
    "fields": {
      "delivery": 80, 
      "size": 19, 
      "filename": "helloworld.py"
    }
  }, 
  {
    "pk": 242, 
    "model": "core.filemeta", 
    "fields": {
      "delivery": 81, 
      "size": 19, 
      "filename": "helloworld.py"
    }
  }, 
  {
    "pk": 245, 
    "model": "core.filemeta", 
    "fields": {
      "delivery": 82, 
      "size": 19, 
      "filename": "helloworld.py"
    }
  }, 
  {
    "pk": 248, 
    "model": "core.filemeta", 
    "fields": {
      "delivery": 83, 
      "size": 19, 
      "filename": "helloworld.py"
    }
  }, 
  {
    "pk": 251, 
    "model": "core.filemeta", 
    "fields": {
      "delivery": 84, 
      "size": 19, 
      "filename": "helloworld.py"
    }
  }, 
  {
    "pk": 254, 
    "model": "core.filemeta", 
    "fields": {
      "delivery": 85, 
      "size": 19, 
      "filename": "helloworld.py"
    }
  }, 
  {
    "pk": 257, 
    "model": "core.filemeta", 
    "fields": {
      "delivery": 86, 
      "size": 19, 
      "filename": "helloworld.py"
    }
  }, 
  {
    "pk": 260, 
    "model": "core.filemeta", 
    "fields": {
      "delivery": 87, 
      "size": 19, 
      "filename": "helloworld.py"
    }
  }, 
  {
    "pk": 263, 
    "model": "core.filemeta", 
    "fields": {
      "delivery": 88, 
      "size": 19, 
      "filename": "helloworld.py"
    }
  }, 
  {
    "pk": 266, 
    "model": "core.filemeta", 
    "fields": {
      "delivery": 89, 
      "size": 19, 
      "filename": "helloworld.py"
    }
  }, 
  {
    "pk": 269, 
    "model": "core.filemeta", 
    "fields": {
      "delivery": 90, 
      "size": 19, 
      "filename": "helloworld.py"
    }
  }, 
  {
    "pk": 272, 
    "model": "core.filemeta", 
    "fields": {
      "delivery": 91, 
      "size": 19, 
      "filename": "helloworld.py"
    }
  }, 
  {
    "pk": 275, 
    "model": "core.filemeta", 
    "fields": {
      "delivery": 92, 
      "size": 19, 
      "filename": "helloworld.py"
    }
  }, 
  {
    "pk": 278, 
    "model": "core.filemeta", 
    "fields": {
      "delivery": 93, 
      "size": 19, 
      "filename": "helloworld.py"
    }
  }, 
  {
    "pk": 281, 
    "model": "core.filemeta", 
    "fields": {
      "delivery": 94, 
      "size": 19, 
      "filename": "helloworld.py"
    }
  }, 
  {
    "pk": 284, 
    "model": "core.filemeta", 
    "fields": {
      "delivery": 95, 
      "size": 19, 
      "filename": "helloworld.py"
    }
  }, 
  {
    "pk": 287, 
    "model": "core.filemeta", 
    "fields": {
      "delivery": 96, 
      "size": 19, 
      "filename": "helloworld.py"
    }
  }, 
  {
    "pk": 290, 
    "model": "core.filemeta", 
    "fields": {
      "delivery": 97, 
      "size": 19, 
      "filename": "helloworld.py"
    }
  }, 
  {
    "pk": 293, 
    "model": "core.filemeta", 
    "fields": {
      "delivery": 98, 
      "size": 19, 
      "filename": "helloworld.py"
    }
  }, 
  {
    "pk": 296, 
    "model": "core.filemeta", 
    "fields": {
      "delivery": 99, 
      "size": 19, 
      "filename": "helloworld.py"
    }
  }, 
  {
    "pk": 299, 
    "model": "core.filemeta", 
    "fields": {
      "delivery": 100, 
      "size": 19, 
      "filename": "helloworld.py"
    }
  }, 
  {
    "pk": 302, 
    "model": "core.filemeta", 
    "fields": {
      "delivery": 101, 
      "size": 19, 
      "filename": "helloworld.py"
    }
  }, 
  {
    "pk": 305, 
    "model": "core.filemeta", 
    "fields": {
      "delivery": 102, 
      "size": 19, 
      "filename": "helloworld.py"
    }
  }, 
  {
    "pk": 308, 
    "model": "core.filemeta", 
    "fields": {
      "delivery": 103, 
      "size": 19, 
      "filename": "helloworld.py"
    }
  }, 
  {
    "pk": 311, 
    "model": "core.filemeta", 
    "fields": {
      "delivery": 104, 
      "size": 19, 
      "filename": "helloworld.py"
    }
  }, 
  {
    "pk": 314, 
    "model": "core.filemeta", 
    "fields": {
      "delivery": 105, 
      "size": 19, 
      "filename": "helloworld.py"
    }
  }, 
  {
    "pk": 317, 
    "model": "core.filemeta", 
    "fields": {
      "delivery": 106, 
      "size": 19, 
      "filename": "helloworld.py"
    }
  }, 
  {
    "pk": 320, 
    "model": "core.filemeta", 
    "fields": {
      "delivery": 107, 
      "size": 19, 
      "filename": "helloworld.py"
    }
  }, 
  {
    "pk": 323, 
    "model": "core.filemeta", 
    "fields": {
      "delivery": 108, 
      "size": 19, 
      "filename": "helloworld.py"
    }
  }, 
  {
    "pk": 326, 
    "model": "core.filemeta", 
    "fields": {
      "delivery": 109, 
      "size": 19, 
      "filename": "helloworld.py"
    }
  }, 
  {
    "pk": 329, 
    "model": "core.filemeta", 
    "fields": {
      "delivery": 110, 
      "size": 19, 
      "filename": "helloworld.py"
    }
  }, 
  {
    "pk": 332, 
    "model": "core.filemeta", 
    "fields": {
      "delivery": 111, 
      "size": 19, 
      "filename": "helloworld.py"
    }
  }, 
  {
    "pk": 335, 
    "model": "core.filemeta", 
    "fields": {
      "delivery": 112, 
      "size": 19, 
      "filename": "helloworld.py"
    }
  }, 
  {
    "pk": 338, 
    "model": "core.filemeta", 
    "fields": {
      "delivery": 113, 
      "size": 19, 
      "filename": "helloworld.py"
    }
  }, 
  {
    "pk": 341, 
    "model": "core.filemeta", 
    "fields": {
      "delivery": 114, 
      "size": 19, 
      "filename": "helloworld.py"
    }
  }, 
  {
    "pk": 344, 
    "model": "core.filemeta", 
    "fields": {
      "delivery": 115, 
      "size": 19, 
      "filename": "helloworld.py"
    }
  }, 
  {
    "pk": 347, 
    "model": "core.filemeta", 
    "fields": {
      "delivery": 116, 
      "size": 19, 
      "filename": "helloworld.py"
    }
  }, 
  {
    "pk": 350, 
    "model": "core.filemeta", 
    "fields": {
      "delivery": 117, 
      "size": 19, 
      "filename": "helloworld.py"
    }
  }, 
  {
    "pk": 353, 
    "model": "core.filemeta", 
    "fields": {
      "delivery": 118, 
      "size": 19, 
      "filename": "helloworld.py"
    }
  }, 
  {
    "pk": 356, 
    "model": "core.filemeta", 
    "fields": {
      "delivery": 119, 
      "size": 19, 
      "filename": "helloworld.py"
    }
  }, 
  {
    "pk": 359, 
    "model": "core.filemeta", 
    "fields": {
      "delivery": 120, 
      "size": 19, 
      "filename": "helloworld.py"
    }
  }, 
  {
    "pk": 362, 
    "model": "core.filemeta", 
    "fields": {
      "delivery": 121, 
      "size": 19, 
      "filename": "helloworld.py"
    }
  }, 
  {
    "pk": 365, 
    "model": "core.filemeta", 
    "fields": {
      "delivery": 122, 
      "size": 19, 
      "filename": "helloworld.py"
    }
  }, 
  {
    "pk": 368, 
    "model": "core.filemeta", 
    "fields": {
      "delivery": 123, 
      "size": 19, 
      "filename": "helloworld.py"
    }
  }, 
  {
    "pk": 371, 
    "model": "core.filemeta", 
    "fields": {
      "delivery": 124, 
      "size": 19, 
      "filename": "helloworld.py"
    }
  }, 
  {
    "pk": 374, 
    "model": "core.filemeta", 
    "fields": {
      "delivery": 125, 
      "size": 19, 
      "filename": "helloworld.py"
    }
  }, 
  {
    "pk": 377, 
    "model": "core.filemeta", 
    "fields": {
      "delivery": 126, 
      "size": 19, 
      "filename": "helloworld.py"
    }
  }, 
  {
    "pk": 380, 
    "model": "core.filemeta", 
    "fields": {
      "delivery": 127, 
      "size": 19, 
      "filename": "helloworld.py"
    }
  }, 
  {
    "pk": 383, 
    "model": "core.filemeta", 
    "fields": {
      "delivery": 128, 
      "size": 19, 
      "filename": "helloworld.py"
    }
  }, 
  {
    "pk": 386, 
    "model": "core.filemeta", 
    "fields": {
      "delivery": 129, 
      "size": 19, 
      "filename": "helloworld.py"
    }
  }, 
  {
    "pk": 389, 
    "model": "core.filemeta", 
    "fields": {
      "delivery": 130, 
      "size": 19, 
      "filename": "helloworld.py"
    }
  }, 
  {
    "pk": 392, 
    "model": "core.filemeta", 
    "fields": {
      "delivery": 131, 
      "size": 19, 
      "filename": "helloworld.py"
    }
  }, 
  {
    "pk": 395, 
    "model": "core.filemeta", 
    "fields": {
      "delivery": 132, 
      "size": 19, 
      "filename": "helloworld.py"
    }
  }, 
  {
    "pk": 398, 
    "model": "core.filemeta", 
    "fields": {
      "delivery": 133, 
      "size": 19, 
      "filename": "helloworld.py"
    }
  }, 
  {
    "pk": 401, 
    "model": "core.filemeta", 
    "fields": {
      "delivery": 134, 
      "size": 19, 
      "filename": "helloworld.py"
    }
  }, 
  {
    "pk": 404, 
    "model": "core.filemeta", 
    "fields": {
      "delivery": 135, 
      "size": 19, 
      "filename": "helloworld.py"
    }
  }, 
  {
    "pk": 407, 
    "model": "core.filemeta", 
    "fields": {
      "delivery": 136, 
      "size": 19, 
      "filename": "helloworld.py"
    }
  }, 
  {
    "pk": 410, 
    "model": "core.filemeta", 
    "fields": {
      "delivery": 137, 
      "size": 19, 
      "filename": "helloworld.py"
    }
  }, 
  {
    "pk": 413, 
    "model": "core.filemeta", 
    "fields": {
      "delivery": 138, 
      "size": 19, 
      "filename": "helloworld.py"
    }
  }, 
  {
    "pk": 416, 
    "model": "core.filemeta", 
    "fields": {
      "delivery": 139, 
      "size": 19, 
      "filename": "helloworld.py"
    }
  }, 
  {
    "pk": 419, 
    "model": "core.filemeta", 
    "fields": {
      "delivery": 140, 
      "size": 19, 
      "filename": "helloworld.py"
    }
  }, 
  {
    "pk": 422, 
    "model": "core.filemeta", 
    "fields": {
      "delivery": 141, 
      "size": 19, 
      "filename": "helloworld.py"
    }
  }, 
  {
    "pk": 425, 
    "model": "core.filemeta", 
    "fields": {
      "delivery": 142, 
      "size": 19, 
      "filename": "helloworld.py"
    }
  }, 
  {
    "pk": 428, 
    "model": "core.filemeta", 
    "fields": {
      "delivery": 143, 
      "size": 19, 
      "filename": "helloworld.py"
    }
  }, 
  {
    "pk": 431, 
    "model": "core.filemeta", 
    "fields": {
      "delivery": 144, 
      "size": 19, 
      "filename": "helloworld.py"
    }
  }, 
  {
    "pk": 434, 
    "model": "core.filemeta", 
    "fields": {
      "delivery": 145, 
      "size": 19, 
      "filename": "helloworld.py"
    }
  }, 
  {
    "pk": 437, 
    "model": "core.filemeta", 
    "fields": {
      "delivery": 146, 
      "size": 19, 
      "filename": "helloworld.py"
    }
  }, 
  {
    "pk": 440, 
    "model": "core.filemeta", 
    "fields": {
      "delivery": 147, 
      "size": 19, 
      "filename": "helloworld.py"
    }
  }, 
  {
    "pk": 443, 
    "model": "core.filemeta", 
    "fields": {
      "delivery": 148, 
      "size": 19, 
      "filename": "helloworld.py"
    }
  }, 
  {
    "pk": 446, 
    "model": "core.filemeta", 
    "fields": {
      "delivery": 149, 
      "size": 19, 
      "filename": "helloworld.py"
    }
  }, 
  {
    "pk": 449, 
    "model": "core.filemeta", 
    "fields": {
      "delivery": 150, 
      "size": 19, 
      "filename": "helloworld.py"
    }
  }, 
  {
    "pk": 452, 
    "model": "core.filemeta", 
    "fields": {
      "delivery": 151, 
      "size": 19, 
      "filename": "helloworld.py"
    }
  }, 
  {
    "pk": 455, 
    "model": "core.filemeta", 
    "fields": {
      "delivery": 152, 
      "size": 19, 
      "filename": "helloworld.py"
    }
  }, 
  {
    "pk": 458, 
    "model": "core.filemeta", 
    "fields": {
      "delivery": 153, 
      "size": 19, 
      "filename": "helloworld.py"
    }
  }, 
  {
    "pk": 461, 
    "model": "core.filemeta", 
    "fields": {
      "delivery": 154, 
      "size": 19, 
      "filename": "helloworld.py"
    }
  }, 
  {
    "pk": 464, 
    "model": "core.filemeta", 
    "fields": {
      "delivery": 155, 
      "size": 19, 
      "filename": "helloworld.py"
    }
  }, 
  {
    "pk": 467, 
    "model": "core.filemeta", 
    "fields": {
      "delivery": 156, 
      "size": 19, 
      "filename": "helloworld.py"
    }
  }, 
  {
    "pk": 470, 
    "model": "core.filemeta", 
    "fields": {
      "delivery": 157, 
      "size": 19, 
      "filename": "helloworld.py"
    }
  }, 
  {
    "pk": 473, 
    "model": "core.filemeta", 
    "fields": {
      "delivery": 158, 
      "size": 19, 
      "filename": "helloworld.py"
    }
  }, 
  {
    "pk": 476, 
    "model": "core.filemeta", 
    "fields": {
      "delivery": 159, 
      "size": 19, 
      "filename": "helloworld.py"
    }
  }, 
  {
    "pk": 479, 
    "model": "core.filemeta", 
    "fields": {
      "delivery": 160, 
      "size": 19, 
      "filename": "helloworld.py"
    }
  }, 
  {
    "pk": 482, 
    "model": "core.filemeta", 
    "fields": {
      "delivery": 161, 
      "size": 19, 
      "filename": "helloworld.py"
    }
  }, 
  {
    "pk": 485, 
    "model": "core.filemeta", 
    "fields": {
      "delivery": 162, 
      "size": 19, 
      "filename": "helloworld.py"
    }
  }, 
  {
    "pk": 488, 
    "model": "core.filemeta", 
    "fields": {
      "delivery": 163, 
      "size": 19, 
      "filename": "helloworld.py"
    }
  }, 
  {
    "pk": 491, 
    "model": "core.filemeta", 
    "fields": {
      "delivery": 164, 
      "size": 19, 
      "filename": "helloworld.py"
    }
  }, 
  {
    "pk": 494, 
    "model": "core.filemeta", 
    "fields": {
      "delivery": 165, 
      "size": 19, 
      "filename": "helloworld.py"
    }
  }, 
  {
    "pk": 497, 
    "model": "core.filemeta", 
    "fields": {
      "delivery": 166, 
      "size": 19, 
      "filename": "helloworld.py"
    }
  }, 
  {
    "pk": 1, 
    "model": "core.filemeta", 
    "fields": {
      "delivery": 1, 
      "size": 17, 
      "filename": "helloworld.txt"
    }
  }, 
  {
    "pk": 4, 
    "model": "core.filemeta", 
    "fields": {
      "delivery": 2, 
      "size": 17, 
      "filename": "helloworld.txt"
    }
  }, 
  {
    "pk": 7, 
    "model": "core.filemeta", 
    "fields": {
      "delivery": 3, 
      "size": 17, 
      "filename": "helloworld.txt"
    }
  }, 
  {
    "pk": 10, 
    "model": "core.filemeta", 
    "fields": {
      "delivery": 4, 
      "size": 17, 
      "filename": "helloworld.txt"
    }
  }, 
  {
    "pk": 13, 
    "model": "core.filemeta", 
    "fields": {
      "delivery": 5, 
      "size": 17, 
      "filename": "helloworld.txt"
    }
  }, 
  {
    "pk": 16, 
    "model": "core.filemeta", 
    "fields": {
      "delivery": 6, 
      "size": 17, 
      "filename": "helloworld.txt"
    }
  }, 
  {
    "pk": 19, 
    "model": "core.filemeta", 
    "fields": {
      "delivery": 7, 
      "size": 17, 
      "filename": "helloworld.txt"
    }
  }, 
  {
    "pk": 22, 
    "model": "core.filemeta", 
    "fields": {
      "delivery": 8, 
      "size": 17, 
      "filename": "helloworld.txt"
    }
  }, 
  {
    "pk": 25, 
    "model": "core.filemeta", 
    "fields": {
      "delivery": 9, 
      "size": 17, 
      "filename": "helloworld.txt"
    }
  }, 
  {
    "pk": 28, 
    "model": "core.filemeta", 
    "fields": {
      "delivery": 10, 
      "size": 17, 
      "filename": "helloworld.txt"
    }
  }, 
  {
    "pk": 31, 
    "model": "core.filemeta", 
    "fields": {
      "delivery": 11, 
      "size": 17, 
      "filename": "helloworld.txt"
    }
  }, 
  {
    "pk": 34, 
    "model": "core.filemeta", 
    "fields": {
      "delivery": 12, 
      "size": 17, 
      "filename": "helloworld.txt"
    }
  }, 
  {
    "pk": 37, 
    "model": "core.filemeta", 
    "fields": {
      "delivery": 13, 
      "size": 17, 
      "filename": "helloworld.txt"
    }
  }, 
  {
    "pk": 40, 
    "model": "core.filemeta", 
    "fields": {
      "delivery": 14, 
      "size": 17, 
      "filename": "helloworld.txt"
    }
  }, 
  {
    "pk": 43, 
    "model": "core.filemeta", 
    "fields": {
      "delivery": 15, 
      "size": 17, 
      "filename": "helloworld.txt"
    }
  }, 
  {
    "pk": 46, 
    "model": "core.filemeta", 
    "fields": {
      "delivery": 16, 
      "size": 17, 
      "filename": "helloworld.txt"
    }
  }, 
  {
    "pk": 49, 
    "model": "core.filemeta", 
    "fields": {
      "delivery": 17, 
      "size": 17, 
      "filename": "helloworld.txt"
    }
  }, 
  {
    "pk": 52, 
    "model": "core.filemeta", 
    "fields": {
      "delivery": 18, 
      "size": 17, 
      "filename": "helloworld.txt"
    }
  }, 
  {
    "pk": 55, 
    "model": "core.filemeta", 
    "fields": {
      "delivery": 19, 
      "size": 17, 
      "filename": "helloworld.txt"
    }
  }, 
  {
    "pk": 58, 
    "model": "core.filemeta", 
    "fields": {
      "delivery": 20, 
      "size": 17, 
      "filename": "helloworld.txt"
    }
  }, 
  {
    "pk": 61, 
    "model": "core.filemeta", 
    "fields": {
      "delivery": 21, 
      "size": 17, 
      "filename": "helloworld.txt"
    }
  }, 
  {
    "pk": 64, 
    "model": "core.filemeta", 
    "fields": {
      "delivery": 22, 
      "size": 17, 
      "filename": "helloworld.txt"
    }
  }, 
  {
    "pk": 67, 
    "model": "core.filemeta", 
    "fields": {
      "delivery": 23, 
      "size": 17, 
      "filename": "helloworld.txt"
    }
  }, 
  {
    "pk": 70, 
    "model": "core.filemeta", 
    "fields": {
      "delivery": 24, 
      "size": 17, 
      "filename": "helloworld.txt"
    }
  }, 
  {
    "pk": 73, 
    "model": "core.filemeta", 
    "fields": {
      "delivery": 25, 
      "size": 17, 
      "filename": "helloworld.txt"
    }
  }, 
  {
    "pk": 76, 
    "model": "core.filemeta", 
    "fields": {
      "delivery": 26, 
      "size": 17, 
      "filename": "helloworld.txt"
    }
  }, 
  {
    "pk": 79, 
    "model": "core.filemeta", 
    "fields": {
      "delivery": 27, 
      "size": 17, 
      "filename": "helloworld.txt"
    }
  }, 
  {
    "pk": 82, 
    "model": "core.filemeta", 
    "fields": {
      "delivery": 28, 
      "size": 17, 
      "filename": "helloworld.txt"
    }
  }, 
  {
    "pk": 85, 
    "model": "core.filemeta", 
    "fields": {
      "delivery": 29, 
      "size": 17, 
      "filename": "helloworld.txt"
    }
  }, 
  {
    "pk": 88, 
    "model": "core.filemeta", 
    "fields": {
      "delivery": 30, 
      "size": 17, 
      "filename": "helloworld.txt"
    }
  }, 
  {
    "pk": 91, 
    "model": "core.filemeta", 
    "fields": {
      "delivery": 31, 
      "size": 17, 
      "filename": "helloworld.txt"
    }
  }, 
  {
    "pk": 94, 
    "model": "core.filemeta", 
    "fields": {
      "delivery": 32, 
      "size": 17, 
      "filename": "helloworld.txt"
    }
  }, 
  {
    "pk": 97, 
    "model": "core.filemeta", 
    "fields": {
      "delivery": 33, 
      "size": 17, 
      "filename": "helloworld.txt"
    }
  }, 
  {
    "pk": 100, 
    "model": "core.filemeta", 
    "fields": {
      "delivery": 34, 
      "size": 17, 
      "filename": "helloworld.txt"
    }
  }, 
  {
    "pk": 103, 
    "model": "core.filemeta", 
    "fields": {
      "delivery": 35, 
      "size": 17, 
      "filename": "helloworld.txt"
    }
  }, 
  {
    "pk": 106, 
    "model": "core.filemeta", 
    "fields": {
      "delivery": 36, 
      "size": 17, 
      "filename": "helloworld.txt"
    }
  }, 
  {
    "pk": 109, 
    "model": "core.filemeta", 
    "fields": {
      "delivery": 37, 
      "size": 17, 
      "filename": "helloworld.txt"
    }
  }, 
  {
    "pk": 112, 
    "model": "core.filemeta", 
    "fields": {
      "delivery": 38, 
      "size": 17, 
      "filename": "helloworld.txt"
    }
  }, 
  {
    "pk": 115, 
    "model": "core.filemeta", 
    "fields": {
      "delivery": 39, 
      "size": 17, 
      "filename": "helloworld.txt"
    }
  }, 
  {
    "pk": 118, 
    "model": "core.filemeta", 
    "fields": {
      "delivery": 40, 
      "size": 17, 
      "filename": "helloworld.txt"
    }
  }, 
  {
    "pk": 121, 
    "model": "core.filemeta", 
    "fields": {
      "delivery": 41, 
      "size": 17, 
      "filename": "helloworld.txt"
    }
  }, 
  {
    "pk": 124, 
    "model": "core.filemeta", 
    "fields": {
      "delivery": 42, 
      "size": 17, 
      "filename": "helloworld.txt"
    }
  }, 
  {
    "pk": 127, 
    "model": "core.filemeta", 
    "fields": {
      "delivery": 43, 
      "size": 17, 
      "filename": "helloworld.txt"
    }
  }, 
  {
    "pk": 130, 
    "model": "core.filemeta", 
    "fields": {
      "delivery": 44, 
      "size": 17, 
      "filename": "helloworld.txt"
    }
  }, 
  {
    "pk": 133, 
    "model": "core.filemeta", 
    "fields": {
      "delivery": 45, 
      "size": 17, 
      "filename": "helloworld.txt"
    }
  }, 
  {
    "pk": 136, 
    "model": "core.filemeta", 
    "fields": {
      "delivery": 46, 
      "size": 17, 
      "filename": "helloworld.txt"
    }
  }, 
  {
    "pk": 139, 
    "model": "core.filemeta", 
    "fields": {
      "delivery": 47, 
      "size": 17, 
      "filename": "helloworld.txt"
    }
  }, 
  {
    "pk": 142, 
    "model": "core.filemeta", 
    "fields": {
      "delivery": 48, 
      "size": 17, 
      "filename": "helloworld.txt"
    }
  }, 
  {
    "pk": 145, 
    "model": "core.filemeta", 
    "fields": {
      "delivery": 49, 
      "size": 17, 
      "filename": "helloworld.txt"
    }
  }, 
  {
    "pk": 148, 
    "model": "core.filemeta", 
    "fields": {
      "delivery": 50, 
      "size": 17, 
      "filename": "helloworld.txt"
    }
  }, 
  {
    "pk": 151, 
    "model": "core.filemeta", 
    "fields": {
      "delivery": 51, 
      "size": 17, 
      "filename": "helloworld.txt"
    }
  }, 
  {
    "pk": 154, 
    "model": "core.filemeta", 
    "fields": {
      "delivery": 52, 
      "size": 17, 
      "filename": "helloworld.txt"
    }
  }, 
  {
    "pk": 157, 
    "model": "core.filemeta", 
    "fields": {
      "delivery": 53, 
      "size": 17, 
      "filename": "helloworld.txt"
    }
  }, 
  {
    "pk": 160, 
    "model": "core.filemeta", 
    "fields": {
      "delivery": 54, 
      "size": 17, 
      "filename": "helloworld.txt"
    }
  }, 
  {
    "pk": 163, 
    "model": "core.filemeta", 
    "fields": {
      "delivery": 55, 
      "size": 17, 
      "filename": "helloworld.txt"
    }
  }, 
  {
    "pk": 166, 
    "model": "core.filemeta", 
    "fields": {
      "delivery": 56, 
      "size": 17, 
      "filename": "helloworld.txt"
    }
  }, 
  {
    "pk": 169, 
    "model": "core.filemeta", 
    "fields": {
      "delivery": 57, 
      "size": 17, 
      "filename": "helloworld.txt"
    }
  }, 
  {
    "pk": 172, 
    "model": "core.filemeta", 
    "fields": {
      "delivery": 58, 
      "size": 17, 
      "filename": "helloworld.txt"
    }
  }, 
  {
    "pk": 175, 
    "model": "core.filemeta", 
    "fields": {
      "delivery": 59, 
      "size": 17, 
      "filename": "helloworld.txt"
    }
  }, 
  {
    "pk": 178, 
    "model": "core.filemeta", 
    "fields": {
      "delivery": 60, 
      "size": 17, 
      "filename": "helloworld.txt"
    }
  }, 
  {
    "pk": 181, 
    "model": "core.filemeta", 
    "fields": {
      "delivery": 61, 
      "size": 17, 
      "filename": "helloworld.txt"
    }
  }, 
  {
    "pk": 184, 
    "model": "core.filemeta", 
    "fields": {
      "delivery": 62, 
      "size": 17, 
      "filename": "helloworld.txt"
    }
  }, 
  {
    "pk": 187, 
    "model": "core.filemeta", 
    "fields": {
      "delivery": 63, 
      "size": 17, 
      "filename": "helloworld.txt"
    }
  }, 
  {
    "pk": 190, 
    "model": "core.filemeta", 
    "fields": {
      "delivery": 64, 
      "size": 17, 
      "filename": "helloworld.txt"
    }
  }, 
  {
    "pk": 193, 
    "model": "core.filemeta", 
    "fields": {
      "delivery": 65, 
      "size": 17, 
      "filename": "helloworld.txt"
    }
  }, 
  {
    "pk": 196, 
    "model": "core.filemeta", 
    "fields": {
      "delivery": 66, 
      "size": 17, 
      "filename": "helloworld.txt"
    }
  }, 
  {
    "pk": 199, 
    "model": "core.filemeta", 
    "fields": {
      "delivery": 67, 
      "size": 17, 
      "filename": "helloworld.txt"
    }
  }, 
  {
    "pk": 202, 
    "model": "core.filemeta", 
    "fields": {
      "delivery": 68, 
      "size": 17, 
      "filename": "helloworld.txt"
    }
  }, 
  {
    "pk": 205, 
    "model": "core.filemeta", 
    "fields": {
      "delivery": 69, 
      "size": 17, 
      "filename": "helloworld.txt"
    }
  }, 
  {
    "pk": 208, 
    "model": "core.filemeta", 
    "fields": {
      "delivery": 70, 
      "size": 17, 
      "filename": "helloworld.txt"
    }
  }, 
  {
    "pk": 211, 
    "model": "core.filemeta", 
    "fields": {
      "delivery": 71, 
      "size": 17, 
      "filename": "helloworld.txt"
    }
  }, 
  {
    "pk": 214, 
    "model": "core.filemeta", 
    "fields": {
      "delivery": 72, 
      "size": 17, 
      "filename": "helloworld.txt"
    }
  }, 
  {
    "pk": 217, 
    "model": "core.filemeta", 
    "fields": {
      "delivery": 73, 
      "size": 17, 
      "filename": "helloworld.txt"
    }
  }, 
  {
    "pk": 220, 
    "model": "core.filemeta", 
    "fields": {
      "delivery": 74, 
      "size": 17, 
      "filename": "helloworld.txt"
    }
  }, 
  {
    "pk": 223, 
    "model": "core.filemeta", 
    "fields": {
      "delivery": 75, 
      "size": 17, 
      "filename": "helloworld.txt"
    }
  }, 
  {
    "pk": 226, 
    "model": "core.filemeta", 
    "fields": {
      "delivery": 76, 
      "size": 17, 
      "filename": "helloworld.txt"
    }
  }, 
  {
    "pk": 229, 
    "model": "core.filemeta", 
    "fields": {
      "delivery": 77, 
      "size": 17, 
      "filename": "helloworld.txt"
    }
  }, 
  {
    "pk": 232, 
    "model": "core.filemeta", 
    "fields": {
      "delivery": 78, 
      "size": 17, 
      "filename": "helloworld.txt"
    }
  }, 
  {
    "pk": 235, 
    "model": "core.filemeta", 
    "fields": {
      "delivery": 79, 
      "size": 17, 
      "filename": "helloworld.txt"
    }
  }, 
  {
    "pk": 238, 
    "model": "core.filemeta", 
    "fields": {
      "delivery": 80, 
      "size": 17, 
      "filename": "helloworld.txt"
    }
  }, 
  {
    "pk": 241, 
    "model": "core.filemeta", 
    "fields": {
      "delivery": 81, 
      "size": 17, 
      "filename": "helloworld.txt"
    }
  }, 
  {
    "pk": 244, 
    "model": "core.filemeta", 
    "fields": {
      "delivery": 82, 
      "size": 17, 
      "filename": "helloworld.txt"
    }
  }, 
  {
    "pk": 247, 
    "model": "core.filemeta", 
    "fields": {
      "delivery": 83, 
      "size": 17, 
      "filename": "helloworld.txt"
    }
  }, 
  {
    "pk": 250, 
    "model": "core.filemeta", 
    "fields": {
      "delivery": 84, 
      "size": 17, 
      "filename": "helloworld.txt"
    }
  }, 
  {
    "pk": 253, 
    "model": "core.filemeta", 
    "fields": {
      "delivery": 85, 
      "size": 17, 
      "filename": "helloworld.txt"
    }
  }, 
  {
    "pk": 256, 
    "model": "core.filemeta", 
    "fields": {
      "delivery": 86, 
      "size": 17, 
      "filename": "helloworld.txt"
    }
  }, 
  {
    "pk": 259, 
    "model": "core.filemeta", 
    "fields": {
      "delivery": 87, 
      "size": 17, 
      "filename": "helloworld.txt"
    }
  }, 
  {
    "pk": 262, 
    "model": "core.filemeta", 
    "fields": {
      "delivery": 88, 
      "size": 17, 
      "filename": "helloworld.txt"
    }
  }, 
  {
    "pk": 265, 
    "model": "core.filemeta", 
    "fields": {
      "delivery": 89, 
      "size": 17, 
      "filename": "helloworld.txt"
    }
  }, 
  {
    "pk": 268, 
    "model": "core.filemeta", 
    "fields": {
      "delivery": 90, 
      "size": 17, 
      "filename": "helloworld.txt"
    }
  }, 
  {
    "pk": 271, 
    "model": "core.filemeta", 
    "fields": {
      "delivery": 91, 
      "size": 17, 
      "filename": "helloworld.txt"
    }
  }, 
  {
    "pk": 274, 
    "model": "core.filemeta", 
    "fields": {
      "delivery": 92, 
      "size": 17, 
      "filename": "helloworld.txt"
    }
  }, 
  {
    "pk": 277, 
    "model": "core.filemeta", 
    "fields": {
      "delivery": 93, 
      "size": 17, 
      "filename": "helloworld.txt"
    }
  }, 
  {
    "pk": 280, 
    "model": "core.filemeta", 
    "fields": {
      "delivery": 94, 
      "size": 17, 
      "filename": "helloworld.txt"
    }
  }, 
  {
    "pk": 283, 
    "model": "core.filemeta", 
    "fields": {
      "delivery": 95, 
      "size": 17, 
      "filename": "helloworld.txt"
    }
  }, 
  {
    "pk": 286, 
    "model": "core.filemeta", 
    "fields": {
      "delivery": 96, 
      "size": 17, 
      "filename": "helloworld.txt"
    }
  }, 
  {
    "pk": 289, 
    "model": "core.filemeta", 
    "fields": {
      "delivery": 97, 
      "size": 17, 
      "filename": "helloworld.txt"
    }
  }, 
  {
    "pk": 292, 
    "model": "core.filemeta", 
    "fields": {
      "delivery": 98, 
      "size": 17, 
      "filename": "helloworld.txt"
    }
  }, 
  {
    "pk": 295, 
    "model": "core.filemeta", 
    "fields": {
      "delivery": 99, 
      "size": 17, 
      "filename": "helloworld.txt"
    }
  }, 
  {
    "pk": 298, 
    "model": "core.filemeta", 
    "fields": {
      "delivery": 100, 
      "size": 17, 
      "filename": "helloworld.txt"
    }
  }, 
  {
    "pk": 301, 
    "model": "core.filemeta", 
    "fields": {
      "delivery": 101, 
      "size": 17, 
      "filename": "helloworld.txt"
    }
  }, 
  {
    "pk": 304, 
    "model": "core.filemeta", 
    "fields": {
      "delivery": 102, 
      "size": 17, 
      "filename": "helloworld.txt"
    }
  }, 
  {
    "pk": 307, 
    "model": "core.filemeta", 
    "fields": {
      "delivery": 103, 
      "size": 17, 
      "filename": "helloworld.txt"
    }
  }, 
  {
    "pk": 310, 
    "model": "core.filemeta", 
    "fields": {
      "delivery": 104, 
      "size": 17, 
      "filename": "helloworld.txt"
    }
  }, 
  {
    "pk": 313, 
    "model": "core.filemeta", 
    "fields": {
      "delivery": 105, 
      "size": 17, 
      "filename": "helloworld.txt"
    }
  }, 
  {
    "pk": 316, 
    "model": "core.filemeta", 
    "fields": {
      "delivery": 106, 
      "size": 17, 
      "filename": "helloworld.txt"
    }
  }, 
  {
    "pk": 319, 
    "model": "core.filemeta", 
    "fields": {
      "delivery": 107, 
      "size": 17, 
      "filename": "helloworld.txt"
    }
  }, 
  {
    "pk": 322, 
    "model": "core.filemeta", 
    "fields": {
      "delivery": 108, 
      "size": 17, 
      "filename": "helloworld.txt"
    }
  }, 
  {
    "pk": 325, 
    "model": "core.filemeta", 
    "fields": {
      "delivery": 109, 
      "size": 17, 
      "filename": "helloworld.txt"
    }
  }, 
  {
    "pk": 328, 
    "model": "core.filemeta", 
    "fields": {
      "delivery": 110, 
      "size": 17, 
      "filename": "helloworld.txt"
    }
  }, 
  {
    "pk": 331, 
    "model": "core.filemeta", 
    "fields": {
      "delivery": 111, 
      "size": 17, 
      "filename": "helloworld.txt"
    }
  }, 
  {
    "pk": 334, 
    "model": "core.filemeta", 
    "fields": {
      "delivery": 112, 
      "size": 17, 
      "filename": "helloworld.txt"
    }
  }, 
  {
    "pk": 337, 
    "model": "core.filemeta", 
    "fields": {
      "delivery": 113, 
      "size": 17, 
      "filename": "helloworld.txt"
    }
  }, 
  {
    "pk": 340, 
    "model": "core.filemeta", 
    "fields": {
      "delivery": 114, 
      "size": 17, 
      "filename": "helloworld.txt"
    }
  }, 
  {
    "pk": 343, 
    "model": "core.filemeta", 
    "fields": {
      "delivery": 115, 
      "size": 17, 
      "filename": "helloworld.txt"
    }
  }, 
  {
    "pk": 346, 
    "model": "core.filemeta", 
    "fields": {
      "delivery": 116, 
      "size": 17, 
      "filename": "helloworld.txt"
    }
  }, 
  {
    "pk": 349, 
    "model": "core.filemeta", 
    "fields": {
      "delivery": 117, 
      "size": 17, 
      "filename": "helloworld.txt"
    }
  }, 
  {
    "pk": 352, 
    "model": "core.filemeta", 
    "fields": {
      "delivery": 118, 
      "size": 17, 
      "filename": "helloworld.txt"
    }
  }, 
  {
    "pk": 355, 
    "model": "core.filemeta", 
    "fields": {
      "delivery": 119, 
      "size": 17, 
      "filename": "helloworld.txt"
    }
  }, 
  {
    "pk": 358, 
    "model": "core.filemeta", 
    "fields": {
      "delivery": 120, 
      "size": 17, 
      "filename": "helloworld.txt"
    }
  }, 
  {
    "pk": 361, 
    "model": "core.filemeta", 
    "fields": {
      "delivery": 121, 
      "size": 17, 
      "filename": "helloworld.txt"
    }
  }, 
  {
    "pk": 364, 
    "model": "core.filemeta", 
    "fields": {
      "delivery": 122, 
      "size": 17, 
      "filename": "helloworld.txt"
    }
  }, 
  {
    "pk": 367, 
    "model": "core.filemeta", 
    "fields": {
      "delivery": 123, 
      "size": 17, 
      "filename": "helloworld.txt"
    }
  }, 
  {
    "pk": 370, 
    "model": "core.filemeta", 
    "fields": {
      "delivery": 124, 
      "size": 17, 
      "filename": "helloworld.txt"
    }
  }, 
  {
    "pk": 373, 
    "model": "core.filemeta", 
    "fields": {
      "delivery": 125, 
      "size": 17, 
      "filename": "helloworld.txt"
    }
  }, 
  {
    "pk": 376, 
    "model": "core.filemeta", 
    "fields": {
      "delivery": 126, 
      "size": 17, 
      "filename": "helloworld.txt"
    }
  }, 
  {
    "pk": 379, 
    "model": "core.filemeta", 
    "fields": {
      "delivery": 127, 
      "size": 17, 
      "filename": "helloworld.txt"
    }
  }, 
  {
    "pk": 382, 
    "model": "core.filemeta", 
    "fields": {
      "delivery": 128, 
      "size": 17, 
      "filename": "helloworld.txt"
    }
  }, 
  {
    "pk": 385, 
    "model": "core.filemeta", 
    "fields": {
      "delivery": 129, 
      "size": 17, 
      "filename": "helloworld.txt"
    }
  }, 
  {
    "pk": 388, 
    "model": "core.filemeta", 
    "fields": {
      "delivery": 130, 
      "size": 17, 
      "filename": "helloworld.txt"
    }
  }, 
  {
    "pk": 391, 
    "model": "core.filemeta", 
    "fields": {
      "delivery": 131, 
      "size": 17, 
      "filename": "helloworld.txt"
    }
  }, 
  {
    "pk": 394, 
    "model": "core.filemeta", 
    "fields": {
      "delivery": 132, 
      "size": 17, 
      "filename": "helloworld.txt"
    }
  }, 
  {
    "pk": 397, 
    "model": "core.filemeta", 
    "fields": {
      "delivery": 133, 
      "size": 17, 
      "filename": "helloworld.txt"
    }
  }, 
  {
    "pk": 400, 
    "model": "core.filemeta", 
    "fields": {
      "delivery": 134, 
      "size": 17, 
      "filename": "helloworld.txt"
    }
  }, 
  {
    "pk": 403, 
    "model": "core.filemeta", 
    "fields": {
      "delivery": 135, 
      "size": 17, 
      "filename": "helloworld.txt"
    }
  }, 
  {
    "pk": 406, 
    "model": "core.filemeta", 
    "fields": {
      "delivery": 136, 
      "size": 17, 
      "filename": "helloworld.txt"
    }
  }, 
  {
    "pk": 409, 
    "model": "core.filemeta", 
    "fields": {
      "delivery": 137, 
      "size": 17, 
      "filename": "helloworld.txt"
    }
  }, 
  {
    "pk": 412, 
    "model": "core.filemeta", 
    "fields": {
      "delivery": 138, 
      "size": 17, 
      "filename": "helloworld.txt"
    }
  }, 
  {
    "pk": 415, 
    "model": "core.filemeta", 
    "fields": {
      "delivery": 139, 
      "size": 17, 
      "filename": "helloworld.txt"
    }
  }, 
  {
    "pk": 418, 
    "model": "core.filemeta", 
    "fields": {
      "delivery": 140, 
      "size": 17, 
      "filename": "helloworld.txt"
    }
  }, 
  {
    "pk": 421, 
    "model": "core.filemeta", 
    "fields": {
      "delivery": 141, 
      "size": 17, 
      "filename": "helloworld.txt"
    }
  }, 
  {
    "pk": 424, 
    "model": "core.filemeta", 
    "fields": {
      "delivery": 142, 
      "size": 17, 
      "filename": "helloworld.txt"
    }
  }, 
  {
    "pk": 427, 
    "model": "core.filemeta", 
    "fields": {
      "delivery": 143, 
      "size": 17, 
      "filename": "helloworld.txt"
    }
  }, 
  {
    "pk": 430, 
    "model": "core.filemeta", 
    "fields": {
      "delivery": 144, 
      "size": 17, 
      "filename": "helloworld.txt"
    }
  }, 
  {
    "pk": 433, 
    "model": "core.filemeta", 
    "fields": {
      "delivery": 145, 
      "size": 17, 
      "filename": "helloworld.txt"
    }
  }, 
  {
    "pk": 436, 
    "model": "core.filemeta", 
    "fields": {
      "delivery": 146, 
      "size": 17, 
      "filename": "helloworld.txt"
    }
  }, 
  {
    "pk": 439, 
    "model": "core.filemeta", 
    "fields": {
      "delivery": 147, 
      "size": 17, 
      "filename": "helloworld.txt"
    }
  }, 
  {
    "pk": 442, 
    "model": "core.filemeta", 
    "fields": {
      "delivery": 148, 
      "size": 17, 
      "filename": "helloworld.txt"
    }
  }, 
  {
    "pk": 445, 
    "model": "core.filemeta", 
    "fields": {
      "delivery": 149, 
      "size": 17, 
      "filename": "helloworld.txt"
    }
  }, 
  {
    "pk": 448, 
    "model": "core.filemeta", 
    "fields": {
      "delivery": 150, 
      "size": 17, 
      "filename": "helloworld.txt"
    }
  }, 
  {
    "pk": 451, 
    "model": "core.filemeta", 
    "fields": {
      "delivery": 151, 
      "size": 17, 
      "filename": "helloworld.txt"
    }
  }, 
  {
    "pk": 454, 
    "model": "core.filemeta", 
    "fields": {
      "delivery": 152, 
      "size": 17, 
      "filename": "helloworld.txt"
    }
  }, 
  {
    "pk": 457, 
    "model": "core.filemeta", 
    "fields": {
      "delivery": 153, 
      "size": 17, 
      "filename": "helloworld.txt"
    }
  }, 
  {
    "pk": 460, 
    "model": "core.filemeta", 
    "fields": {
      "delivery": 154, 
      "size": 17, 
      "filename": "helloworld.txt"
    }
  }, 
  {
    "pk": 463, 
    "model": "core.filemeta", 
    "fields": {
      "delivery": 155, 
      "size": 17, 
      "filename": "helloworld.txt"
    }
  }, 
  {
    "pk": 466, 
    "model": "core.filemeta", 
    "fields": {
      "delivery": 156, 
      "size": 17, 
      "filename": "helloworld.txt"
    }
  }, 
  {
    "pk": 469, 
    "model": "core.filemeta", 
    "fields": {
      "delivery": 157, 
      "size": 17, 
      "filename": "helloworld.txt"
    }
  }, 
  {
    "pk": 472, 
    "model": "core.filemeta", 
    "fields": {
      "delivery": 158, 
      "size": 17, 
      "filename": "helloworld.txt"
    }
  }, 
  {
    "pk": 475, 
    "model": "core.filemeta", 
    "fields": {
      "delivery": 159, 
      "size": 17, 
      "filename": "helloworld.txt"
    }
  }, 
  {
    "pk": 478, 
    "model": "core.filemeta", 
    "fields": {
      "delivery": 160, 
      "size": 17, 
      "filename": "helloworld.txt"
    }
  }, 
  {
    "pk": 481, 
    "model": "core.filemeta", 
    "fields": {
      "delivery": 161, 
      "size": 17, 
      "filename": "helloworld.txt"
    }
  }, 
  {
    "pk": 484, 
    "model": "core.filemeta", 
    "fields": {
      "delivery": 162, 
      "size": 17, 
      "filename": "helloworld.txt"
    }
  }, 
  {
    "pk": 487, 
    "model": "core.filemeta", 
    "fields": {
      "delivery": 163, 
      "size": 17, 
      "filename": "helloworld.txt"
    }
  }, 
  {
    "pk": 490, 
    "model": "core.filemeta", 
    "fields": {
      "delivery": 164, 
      "size": 17, 
      "filename": "helloworld.txt"
    }
  }, 
  {
    "pk": 493, 
    "model": "core.filemeta", 
    "fields": {
      "delivery": 165, 
      "size": 17, 
      "filename": "helloworld.txt"
    }
  }, 
  {
    "pk": 496, 
    "model": "core.filemeta", 
    "fields": {
      "delivery": 166, 
      "size": 17, 
      "filename": "helloworld.txt"
    }
  }, 
  {
    "pk": 7, 
    "model": "auth.permission", 
    "fields": {
      "codename": "add_logentry", 
      "name": "Can add log entry", 
      "content_type": 3
    }
  }, 
  {
    "pk": 8, 
    "model": "auth.permission", 
    "fields": {
      "codename": "change_logentry", 
      "name": "Can change log entry", 
      "content_type": 3
    }
  }, 
  {
    "pk": 9, 
    "model": "auth.permission", 
    "fields": {
      "codename": "delete_logentry", 
      "name": "Can delete log entry", 
      "content_type": 3
    }
  }, 
  {
    "pk": 37, 
    "model": "auth.permission", 
    "fields": {
      "codename": "add_group", 
      "name": "Can add group", 
      "content_type": 13
    }
  }, 
  {
    "pk": 38, 
    "model": "auth.permission", 
    "fields": {
      "codename": "change_group", 
      "name": "Can change group", 
      "content_type": 13
    }
  }, 
  {
    "pk": 39, 
    "model": "auth.permission", 
    "fields": {
      "codename": "delete_group", 
      "name": "Can delete group", 
      "content_type": 13
    }
  }, 
  {
    "pk": 43, 
    "model": "auth.permission", 
    "fields": {
      "codename": "add_message", 
      "name": "Can add message", 
      "content_type": 15
    }
  }, 
  {
    "pk": 44, 
    "model": "auth.permission", 
    "fields": {
      "codename": "change_message", 
      "name": "Can change message", 
      "content_type": 15
    }
  }, 
  {
    "pk": 45, 
    "model": "auth.permission", 
    "fields": {
      "codename": "delete_message", 
      "name": "Can delete message", 
      "content_type": 15
    }
  }, 
  {
    "pk": 34, 
    "model": "auth.permission", 
    "fields": {
      "codename": "add_permission", 
      "name": "Can add permission", 
      "content_type": 12
    }
  }, 
  {
    "pk": 35, 
    "model": "auth.permission", 
    "fields": {
      "codename": "change_permission", 
      "name": "Can change permission", 
      "content_type": 12
    }
  }, 
  {
    "pk": 36, 
    "model": "auth.permission", 
    "fields": {
      "codename": "delete_permission", 
      "name": "Can delete permission", 
      "content_type": 12
    }
  }, 
  {
    "pk": 40, 
    "model": "auth.permission", 
    "fields": {
      "codename": "add_user", 
      "name": "Can add user", 
      "content_type": 14
    }
  }, 
  {
    "pk": 41, 
    "model": "auth.permission", 
    "fields": {
      "codename": "change_user", 
      "name": "Can change user", 
      "content_type": 14
    }
  }, 
  {
    "pk": 42, 
    "model": "auth.permission", 
    "fields": {
      "codename": "delete_user", 
      "name": "Can delete user", 
      "content_type": 14
    }
  }, 
  {
    "pk": 46, 
    "model": "auth.permission", 
    "fields": {
      "codename": "add_contenttype", 
      "name": "Can add content type", 
      "content_type": 16
    }
  }, 
  {
    "pk": 47, 
    "model": "auth.permission", 
    "fields": {
      "codename": "change_contenttype", 
      "name": "Can change content type", 
      "content_type": 16
    }
  }, 
  {
    "pk": 48, 
    "model": "auth.permission", 
    "fields": {
      "codename": "delete_contenttype", 
      "name": "Can delete content type", 
      "content_type": 16
    }
  }, 
  {
    "pk": 61, 
    "model": "auth.permission", 
    "fields": {
      "codename": "add_assignment", 
      "name": "Can add Assignment", 
      "content_type": 21
    }
  }, 
  {
    "pk": 62, 
    "model": "auth.permission", 
    "fields": {
      "codename": "change_assignment", 
      "name": "Can change Assignment", 
      "content_type": 21
    }
  }, 
  {
    "pk": 63, 
    "model": "auth.permission", 
    "fields": {
      "codename": "delete_assignment", 
      "name": "Can delete Assignment", 
      "content_type": 21
    }
  }, 
  {
    "pk": 67, 
    "model": "auth.permission", 
    "fields": {
      "codename": "add_assignmentgroup", 
      "name": "Can add assignment group", 
      "content_type": 23
    }
  }, 
  {
    "pk": 68, 
    "model": "auth.permission", 
    "fields": {
      "codename": "change_assignmentgroup", 
      "name": "Can change assignment group", 
      "content_type": 23
    }
  }, 
  {
    "pk": 69, 
    "model": "auth.permission", 
    "fields": {
      "codename": "delete_assignmentgroup", 
      "name": "Can delete assignment group", 
      "content_type": 23
    }
  }, 
  {
    "pk": 64, 
    "model": "auth.permission", 
    "fields": {
      "codename": "add_candidate", 
      "name": "Can add candidate", 
      "content_type": 22
    }
  }, 
  {
    "pk": 65, 
    "model": "auth.permission", 
    "fields": {
      "codename": "change_candidate", 
      "name": "Can change candidate", 
      "content_type": 22
    }
  }, 
  {
    "pk": 66, 
    "model": "auth.permission", 
    "fields": {
      "codename": "delete_candidate", 
      "name": "Can delete candidate", 
      "content_type": 22
    }
  }, 
  {
    "pk": 70, 
    "model": "auth.permission", 
    "fields": {
      "codename": "add_deadline", 
      "name": "Can add Deadline", 
      "content_type": 24
    }
  }, 
  {
    "pk": 71, 
    "model": "auth.permission", 
    "fields": {
      "codename": "change_deadline", 
      "name": "Can change Deadline", 
      "content_type": 24
    }
  }, 
  {
    "pk": 72, 
    "model": "auth.permission", 
    "fields": {
      "codename": "delete_deadline", 
      "name": "Can delete Deadline", 
      "content_type": 24
    }
  }, 
  {
    "pk": 73, 
    "model": "auth.permission", 
    "fields": {
      "codename": "add_delivery", 
      "name": "Can add Delivery", 
      "content_type": 25
    }
  }, 
  {
    "pk": 74, 
    "model": "auth.permission", 
    "fields": {
      "codename": "change_delivery", 
      "name": "Can change Delivery", 
      "content_type": 25
    }
  }, 
  {
    "pk": 75, 
    "model": "auth.permission", 
    "fields": {
      "codename": "delete_delivery", 
      "name": "Can delete Delivery", 
      "content_type": 25
    }
  }, 
  {
    "pk": 76, 
    "model": "auth.permission", 
    "fields": {
      "codename": "add_feedback", 
      "name": "Can add feedback", 
      "content_type": 26
    }
  }, 
  {
    "pk": 77, 
    "model": "auth.permission", 
    "fields": {
      "codename": "change_feedback", 
      "name": "Can change feedback", 
      "content_type": 26
    }
  }, 
  {
    "pk": 78, 
    "model": "auth.permission", 
    "fields": {
      "codename": "delete_feedback", 
      "name": "Can delete feedback", 
      "content_type": 26
    }
  }, 
  {
    "pk": 79, 
    "model": "auth.permission", 
    "fields": {
      "codename": "add_filemeta", 
      "name": "Can add FileMeta", 
      "content_type": 27
    }
  }, 
  {
    "pk": 80, 
    "model": "auth.permission", 
    "fields": {
      "codename": "change_filemeta", 
      "name": "Can change FileMeta", 
      "content_type": 27
    }
  }, 
  {
    "pk": 81, 
    "model": "auth.permission", 
    "fields": {
      "codename": "delete_filemeta", 
      "name": "Can delete FileMeta", 
      "content_type": 27
    }
  }, 
  {
    "pk": 49, 
    "model": "auth.permission", 
    "fields": {
      "codename": "add_grademodel", 
      "name": "Can add grade model", 
      "content_type": 17
    }
  }, 
  {
    "pk": 50, 
    "model": "auth.permission", 
    "fields": {
      "codename": "change_grademodel", 
      "name": "Can change grade model", 
      "content_type": 17
    }
  }, 
  {
    "pk": 51, 
    "model": "auth.permission", 
    "fields": {
      "codename": "delete_grademodel", 
      "name": "Can delete grade model", 
      "content_type": 17
    }
  }, 
  {
    "pk": 52, 
    "model": "auth.permission", 
    "fields": {
      "codename": "add_node", 
      "name": "Can add Node", 
      "content_type": 18
    }
  }, 
  {
    "pk": 53, 
    "model": "auth.permission", 
    "fields": {
      "codename": "change_node", 
      "name": "Can change Node", 
      "content_type": 18
    }
  }, 
  {
    "pk": 54, 
    "model": "auth.permission", 
    "fields": {
      "codename": "delete_node", 
      "name": "Can delete Node", 
      "content_type": 18
    }
  }, 
  {
    "pk": 58, 
    "model": "auth.permission", 
    "fields": {
      "codename": "add_period", 
      "name": "Can add Period", 
      "content_type": 20
    }
  }, 
  {
    "pk": 59, 
    "model": "auth.permission", 
    "fields": {
      "codename": "change_period", 
      "name": "Can change Period", 
      "content_type": 20
    }
  }, 
  {
    "pk": 60, 
    "model": "auth.permission", 
    "fields": {
      "codename": "delete_period", 
      "name": "Can delete Period", 
      "content_type": 20
    }
  }, 
  {
    "pk": 55, 
    "model": "auth.permission", 
    "fields": {
      "codename": "add_subject", 
      "name": "Can add Subject", 
      "content_type": 19
    }
  }, 
  {
    "pk": 56, 
    "model": "auth.permission", 
    "fields": {
      "codename": "change_subject", 
      "name": "Can change Subject", 
      "content_type": 19
    }
  }, 
  {
    "pk": 57, 
    "model": "auth.permission", 
    "fields": {
      "codename": "delete_subject", 
      "name": "Can delete Subject", 
      "content_type": 19
    }
  }, 
  {
    "pk": 10, 
    "model": "auth.permission", 
    "fields": {
      "codename": "add_approvedgrade", 
      "name": "Can add approved grade", 
      "content_type": 4
    }
  }, 
  {
    "pk": 11, 
    "model": "auth.permission", 
    "fields": {
      "codename": "change_approvedgrade", 
      "name": "Can change approved grade", 
      "content_type": 4
    }
  }, 
  {
    "pk": 12, 
    "model": "auth.permission", 
    "fields": {
      "codename": "delete_approvedgrade", 
      "name": "Can delete approved grade", 
      "content_type": 4
    }
  }, 
  {
    "pk": 13, 
    "model": "auth.permission", 
    "fields": {
      "codename": "add_charfieldgrade", 
      "name": "Can add char field grade", 
      "content_type": 5
    }
  }, 
  {
    "pk": 14, 
    "model": "auth.permission", 
    "fields": {
      "codename": "change_charfieldgrade", 
      "name": "Can change char field grade", 
      "content_type": 5
    }
  }, 
  {
    "pk": 15, 
    "model": "auth.permission", 
    "fields": {
      "codename": "delete_charfieldgrade", 
      "name": "Can delete char field grade", 
      "content_type": 5
    }
  }, 
  {
    "pk": 28, 
    "model": "auth.permission", 
    "fields": {
      "codename": "add_rstschemadefinition", 
      "name": "Can add rst schema definition", 
      "content_type": 10
    }
  }, 
  {
    "pk": 29, 
    "model": "auth.permission", 
    "fields": {
      "codename": "change_rstschemadefinition", 
      "name": "Can change rst schema definition", 
      "content_type": 10
    }
  }, 
  {
    "pk": 30, 
    "model": "auth.permission", 
    "fields": {
      "codename": "delete_rstschemadefinition", 
      "name": "Can delete rst schema definition", 
      "content_type": 10
    }
  }, 
  {
    "pk": 31, 
    "model": "auth.permission", 
    "fields": {
      "codename": "add_rstschemagrade", 
      "name": "Can add rst schema grade", 
      "content_type": 11
    }
  }, 
  {
    "pk": 32, 
    "model": "auth.permission", 
    "fields": {
      "codename": "change_rstschemagrade", 
      "name": "Can change rst schema grade", 
      "content_type": 11
    }
  }, 
  {
    "pk": 33, 
    "model": "auth.permission", 
    "fields": {
      "codename": "delete_rstschemagrade", 
      "name": "Can delete rst schema grade", 
      "content_type": 11
    }
  }, 
  {
    "pk": 19, 
    "model": "auth.permission", 
    "fields": {
      "codename": "add_entry", 
      "name": "Can add entry", 
      "content_type": 7
    }
  }, 
  {
    "pk": 20, 
    "model": "auth.permission", 
    "fields": {
      "codename": "change_entry", 
      "name": "Can change entry", 
      "content_type": 7
    }
  }, 
  {
    "pk": 21, 
    "model": "auth.permission", 
    "fields": {
      "codename": "delete_entry", 
      "name": "Can delete entry", 
      "content_type": 7
    }
  }, 
  {
    "pk": 25, 
    "model": "auth.permission", 
    "fields": {
      "codename": "add_result", 
      "name": "Can add result", 
      "content_type": 9
    }
  }, 
  {
    "pk": 26, 
    "model": "auth.permission", 
    "fields": {
      "codename": "change_result", 
      "name": "Can change result", 
      "content_type": 9
    }
  }, 
  {
    "pk": 27, 
    "model": "auth.permission", 
    "fields": {
      "codename": "delete_result", 
      "name": "Can delete result", 
      "content_type": 9
    }
  }, 
  {
    "pk": 16, 
    "model": "auth.permission", 
    "fields": {
      "codename": "add_schemagrade", 
      "name": "Can add schema grade", 
      "content_type": 6
    }
  }, 
  {
    "pk": 17, 
    "model": "auth.permission", 
    "fields": {
      "codename": "change_schemagrade", 
      "name": "Can change schema grade", 
      "content_type": 6
    }
  }, 
  {
    "pk": 18, 
    "model": "auth.permission", 
    "fields": {
      "codename": "delete_schemagrade", 
      "name": "Can delete schema grade", 
      "content_type": 6
    }
  }, 
  {
    "pk": 22, 
    "model": "auth.permission", 
    "fields": {
      "codename": "add_schemagraderesults", 
      "name": "Can add schema grade results", 
      "content_type": 8
    }
  }, 
  {
    "pk": 23, 
    "model": "auth.permission", 
    "fields": {
      "codename": "change_schemagraderesults", 
      "name": "Can change schema grade results", 
      "content_type": 8
    }
  }, 
  {
    "pk": 24, 
    "model": "auth.permission", 
    "fields": {
      "codename": "delete_schemagraderesults", 
      "name": "Can delete schema grade results", 
      "content_type": 8
    }
  }, 
  {
    "pk": 1, 
    "model": "auth.permission", 
    "fields": {
      "codename": "add_session", 
      "name": "Can add session", 
      "content_type": 1
    }
  }, 
  {
    "pk": 2, 
    "model": "auth.permission", 
    "fields": {
      "codename": "change_session", 
      "name": "Can change session", 
      "content_type": 1
    }
  }, 
  {
    "pk": 3, 
    "model": "auth.permission", 
    "fields": {
      "codename": "delete_session", 
      "name": "Can delete session", 
      "content_type": 1
    }
  }, 
  {
    "pk": 4, 
    "model": "auth.permission", 
    "fields": {
      "codename": "add_site", 
      "name": "Can add site", 
      "content_type": 2
    }
  }, 
  {
    "pk": 5, 
    "model": "auth.permission", 
    "fields": {
      "codename": "change_site", 
      "name": "Can change site", 
      "content_type": 2
    }
  }, 
  {
    "pk": 6, 
    "model": "auth.permission", 
    "fields": {
      "codename": "delete_site", 
      "name": "Can delete site", 
      "content_type": 2
    }
  }, 
  {
    "pk": 1, 
    "model": "auth.user", 
    "fields": {
      "username": "grandma", 
      "first_name": "Elvira 'Grandma'", 
      "last_name": "Coot", 
      "is_active": true, 
      "is_superuser": true, 
      "is_staff": true, 
      "last_login": "2010-10-26 21:14:02", 
      "groups": [], 
      "user_permissions": [], 
      "password": "sha1$7b509$a73b4c9c803a2d5224c98f51f29630e77dce1ef4", 
      "email": "mail@example.com", 
      "date_joined": "2010-01-23 09:32:37"
    }
  }, 
  {
    "pk": 2, 
    "model": "auth.user", 
    "fields": {
      "username": "huey", 
      "first_name": "Huey", 
      "last_name": "Duck", 
      "is_active": true, 
      "is_superuser": false, 
      "is_staff": false, 
      "last_login": "2010-08-25 22:17:21", 
      "groups": [], 
      "user_permissions": [], 
      "password": "sha1$2c178$b02865f8883eb753cc6419cd95d7fe7f9a6bf9f5", 
      "email": "mail@example.com", 
      "date_joined": "2010-03-05 16:54:03"
    }
  }, 
  {
    "pk": 3, 
    "model": "auth.user", 
    "fields": {
      "username": "dewey", 
      "first_name": "Dewey", 
      "last_name": "Duck", 
      "is_active": true, 
      "is_superuser": false, 
      "is_staff": false, 
      "last_login": "2010-05-29 12:42:50", 
      "groups": [], 
      "user_permissions": [], 
      "password": "sha1$2c178$b02865f8883eb753cc6419cd95d7fe7f9a6bf9f5", 
      "email": "mail@example.com", 
      "date_joined": "2010-03-05 16:54:03"
    }
  }, 
  {
    "pk": 4, 
    "model": "auth.user", 
    "fields": {
      "username": "louie", 
      "first_name": "Louie", 
      "last_name": "Duck", 
      "is_active": true, 
      "is_superuser": false, 
      "is_staff": false, 
      "last_login": "2010-05-29 12:42:50", 
      "groups": [], 
      "user_permissions": [], 
      "password": "sha1$2c178$b02865f8883eb753cc6419cd95d7fe7f9a6bf9f5", 
      "email": "mail@example.com", 
      "date_joined": "2010-03-05 16:54:03"
    }
  }, 
  {
    "pk": 5, 
    "model": "auth.user", 
    "fields": {
      "username": "donald", 
      "first_name": "Donald", 
      "last_name": "Duck", 
      "is_active": true, 
      "is_superuser": false, 
      "is_staff": false, 
      "last_login": "2010-08-26 17:45:46", 
      "groups": [], 
      "user_permissions": [], 
      "password": "sha1$2c178$b02865f8883eb753cc6419cd95d7fe7f9a6bf9f5", 
      "email": "mail@example.com", 
      "date_joined": "2010-03-05 16:54:03"
    }
  }, 
  {
    "pk": 6, 
    "model": "auth.user", 
    "fields": {
      "username": "della", 
      "first_name": "Della", 
      "last_name": "Duck", 
      "is_active": true, 
      "is_superuser": false, 
      "is_staff": false, 
      "last_login": "2010-05-29 12:42:50", 
      "groups": [], 
      "user_permissions": [], 
      "password": "sha1$2c178$b02865f8883eb753cc6419cd95d7fe7f9a6bf9f5", 
      "email": "mail@example.com", 
      "date_joined": "2010-03-05 16:54:03"
    }
  }, 
  {
    "pk": 7, 
    "model": "auth.user", 
    "fields": {
      "username": "gladstone", 
      "first_name": "Gladstone", 
      "last_name": "Gander", 
      "is_active": true, 
      "is_superuser": false, 
      "is_staff": false, 
      "last_login": "2010-05-29 12:42:50", 
      "groups": [], 
      "user_permissions": [], 
      "password": "sha1$2c178$b02865f8883eb753cc6419cd95d7fe7f9a6bf9f5", 
      "email": "mail@example.com", 
      "date_joined": "2010-03-05 16:54:03"
    }
  }, 
  {
    "pk": 8, 
    "model": "auth.user", 
    "fields": {
      "username": "fethry", 
      "first_name": "Fethry", 
      "last_name": "Duck", 
      "is_active": true, 
      "is_superuser": false, 
      "is_staff": false, 
      "last_login": "2010-05-29 12:42:50", 
      "groups": [], 
      "user_permissions": [], 
      "password": "sha1$2c178$b02865f8883eb753cc6419cd95d7fe7f9a6bf9f5", 
      "email": "mail@example.com", 
      "date_joined": "2010-03-05 16:54:03"
    }
  }, 
  {
    "pk": 9, 
    "model": "auth.user", 
    "fields": {
      "username": "gus", 
      "first_name": "Gus", 
      "last_name": "Goose", 
      "is_active": true, 
      "is_superuser": false, 
      "is_staff": false, 
      "last_login": "2010-05-29 12:42:50", 
      "groups": [], 
      "user_permissions": [], 
      "password": "sha1$2c178$b02865f8883eb753cc6419cd95d7fe7f9a6bf9f5", 
      "email": "mail@example.com", 
      "date_joined": "2010-03-05 16:54:03"
    }
  }, 
  {
    "pk": 10, 
    "model": "auth.user", 
    "fields": {
      "username": "scrooge", 
      "first_name": "Scrooge", 
      "last_name": "McDuck", 
      "is_active": true, 
      "is_superuser": false, 
      "is_staff": false, 
      "last_login": "2010-05-29 12:42:50", 
      "groups": [], 
      "user_permissions": [], 
      "password": "sha1$2c178$b02865f8883eb753cc6419cd95d7fe7f9a6bf9f5", 
      "email": "mail@example.com", 
      "date_joined": "2010-03-05 16:54:03"
    }
  }, 
  {
    "pk": 11, 
    "model": "auth.user", 
    "fields": {
      "username": "matilda", 
      "first_name": "Matilda", 
      "last_name": "McDuck", 
      "is_active": true, 
      "is_superuser": false, 
      "is_staff": false, 
      "last_login": "2010-05-29 12:42:50", 
      "groups": [], 
      "user_permissions": [], 
      "password": "sha1$2c178$b02865f8883eb753cc6419cd95d7fe7f9a6bf9f5", 
      "email": "mail@example.com", 
      "date_joined": "2010-03-05 16:54:03"
    }
  }, 
  {
    "pk": 12, 
    "model": "auth.user", 
    "fields": {
      "username": "daisy", 
      "first_name": "Daisy", 
      "last_name": "Duck", 
      "is_active": true, 
      "is_superuser": false, 
      "is_staff": false, 
      "last_login": "2010-08-06 21:39:57", 
      "groups": [], 
      "user_permissions": [], 
      "password": "sha1$2c178$b02865f8883eb753cc6419cd95d7fe7f9a6bf9f5", 
      "email": "mail@example.com", 
      "date_joined": "2010-03-05 16:54:03"
    }
  }, 
  {
    "pk": 13, 
    "model": "auth.user", 
    "fields": {
      "username": "clarabelle", 
      "first_name": "Clarabelle", 
      "last_name": "Cow", 
      "is_active": true, 
      "is_superuser": false, 
      "is_staff": false, 
      "last_login": "2010-08-26 13:06:33", 
      "groups": [], 
      "user_permissions": [], 
      "password": "sha1$2c178$b02865f8883eb753cc6419cd95d7fe7f9a6bf9f5", 
      "email": "mail@example.com", 
      "date_joined": "2010-03-05 16:54:03"
    }
  }, 
  {
    "pk": 14, 
    "model": "auth.user", 
    "fields": {
      "username": "april", 
      "first_name": "April", 
      "last_name": "Duck", 
      "is_active": true, 
      "is_superuser": false, 
      "is_staff": false, 
      "last_login": "2010-08-05 18:26:29", 
      "groups": [], 
      "user_permissions": [], 
      "password": "sha1$2c178$b02865f8883eb753cc6419cd95d7fe7f9a6bf9f5", 
      "email": "mail@example.com", 
      "date_joined": "2010-03-05 16:54:03"
    }
  }, 
  {
    "pk": 15, 
    "model": "auth.user", 
    "fields": {
      "username": "may", 
      "first_name": "May", 
      "last_name": "Duck", 
      "is_active": true, 
      "is_superuser": false, 
      "is_staff": false, 
      "last_login": "2010-08-26 12:41:49", 
      "groups": [], 
      "user_permissions": [], 
      "password": "sha1$2c178$b02865f8883eb753cc6419cd95d7fe7f9a6bf9f5", 
      "email": "mail@example.com", 
      "date_joined": "2010-03-05 16:54:03"
    }
  }, 
  {
    "pk": 16, 
    "model": "auth.user", 
    "fields": {
      "username": "june", 
      "first_name": "June", 
      "last_name": "Duck", 
      "is_active": true, 
      "is_superuser": false, 
      "is_staff": false, 
      "last_login": "2010-10-19 02:11:52", 
      "groups": [], 
      "user_permissions": [], 
      "password": "sha1$2c178$b02865f8883eb753cc6419cd95d7fe7f9a6bf9f5", 
      "email": "mail@example.com", 
      "date_joined": "2010-03-05 16:54:03"
    }
  }, 
  {
    "pk": 17, 
    "model": "auth.user", 
    "fields": {
      "username": "pinocchio", 
      "first_name": "Pinocchio", 
      "last_name": "", 
      "is_active": true, 
      "is_superuser": false, 
      "is_staff": false, 
      "last_login": "2010-08-11 12:17:15", 
      "groups": [], 
      "user_permissions": [], 
      "password": "sha1$b6f97$4f19b2ce4979b4f2489966215755df6d120d66fd", 
      "email": "mail@example.com", 
      "date_joined": "2010-08-11 12:17:15"
    }
  }, 
  {
    "pk": 18, 
    "model": "auth.user", 
    "fields": {
      "username": "mowgli", 
      "first_name": "Mowgli", 
      "last_name": "", 
      "is_active": true, 
      "is_superuser": false, 
      "is_staff": false, 
      "last_login": "2010-08-11 12:17:42", 
      "groups": [], 
      "user_permissions": [], 
      "password": "sha1$1fda2$a6318c5175c77fe6b60442622e802f8144ef4fe3", 
      "email": "mail@example.com", 
      "date_joined": "2010-08-11 12:17:42"
    }
  }, 
  {
    "pk": 19, 
    "model": "auth.user", 
    "fields": {
      "username": "peterpan", 
      "first_name": "Peter", 
      "last_name": "Pan", 
      "is_active": true, 
      "is_superuser": false, 
      "is_staff": false, 
      "last_login": "2010-08-11 12:19:19", 
      "groups": [], 
      "user_permissions": [], 
      "password": "sha1$c85c2$cb6b4be3c25ec66087cb02fb3e98042f6162b71e", 
      "email": "mail@example.com", 
      "date_joined": "2010-08-11 12:19:19"
    }
  }, 
  {
    "pk": 20, 
    "model": "auth.user", 
    "fields": {
      "username": "wendy", 
      "first_name": "Wendy", 
      "last_name": "", 
      "is_active": true, 
      "is_superuser": false, 
      "is_staff": false, 
      "last_login": "2010-08-11 12:19:31", 
      "groups": [], 
      "user_permissions": [], 
      "password": "sha1$9a4ac$56bbd06b3f55155de56ad6472b83343c37663bd9", 
      "email": "mail@example.com", 
      "date_joined": "2010-08-11 12:19:31"
    }
  }, 
  {
    "pk": 21, 
    "model": "auth.user", 
    "fields": {
      "username": "simba", 
      "first_name": "Simba", 
      "last_name": "", 
      "is_active": true, 
      "is_superuser": false, 
      "is_staff": false, 
      "last_login": "2010-08-11 12:19:44", 
      "groups": [], 
      "user_permissions": [], 
      "password": "sha1$7271a$e6f99cf085377cd893543f58e95c7299270b2c05", 
      "email": "mail@example.com", 
      "date_joined": "2010-08-11 12:19:44"
    }
  }, 
  {
    "pk": 22, 
    "model": "auth.user", 
    "fields": {
      "username": "stud1", 
      "first_name": "", 
      "last_name": "", 
      "is_active": true, 
      "is_superuser": false, 
      "is_staff": false, 
      "last_login": "2010-08-25 20:56:03", 
      "groups": [], 
      "user_permissions": [], 
      "password": "sha1$242ef$6f4e1993398ca80258299579cf7a031bb9569b23", 
      "email": "", 
      "date_joined": "2010-08-25 20:56:03"
    }
  }, 
  {
    "pk": 23, 
    "model": "auth.user", 
    "fields": {
      "username": "stud2", 
      "first_name": "", 
      "last_name": "", 
      "is_active": true, 
      "is_superuser": false, 
      "is_staff": false, 
      "last_login": "2010-08-25 20:56:26", 
      "groups": [], 
      "user_permissions": [], 
      "password": "sha1$adb55$fb42a317ad674c47787cbc6e65f1b1fb26e26c0a", 
      "email": "", 
      "date_joined": "2010-08-25 20:56:26"
    }
  }, 
  {
    "pk": 24, 
    "model": "auth.user", 
    "fields": {
      "username": "stud3", 
      "first_name": "", 
      "last_name": "", 
      "is_active": true, 
      "is_superuser": false, 
      "is_staff": false, 
      "last_login": "2010-08-25 20:56:38", 
      "groups": [], 
      "user_permissions": [], 
      "password": "sha1$3b8d0$93da7a74ccd4db48dac25fab6267069a1e83d94f", 
      "email": "", 
      "date_joined": "2010-08-25 20:56:38"
    }
  }, 
  {
    "pk": 25, 
    "model": "auth.user", 
    "fields": {
      "username": "stud4", 
      "first_name": "", 
      "last_name": "", 
      "is_active": true, 
      "is_superuser": false, 
      "is_staff": false, 
      "last_login": "2010-08-25 20:56:54", 
      "groups": [], 
      "user_permissions": [], 
      "password": "sha1$e3edc$3656efd31b242fb3452095ab1851aec50b57aa8d", 
      "email": "", 
      "date_joined": "2010-08-25 20:56:54"
    }
  }, 
  {
    "pk": 26, 
    "model": "auth.user", 
    "fields": {
      "username": "stud5", 
      "first_name": "", 
      "last_name": "", 
      "is_active": true, 
      "is_superuser": false, 
      "is_staff": false, 
      "last_login": "2010-08-25 20:57:04", 
      "groups": [], 
      "user_permissions": [], 
      "password": "sha1$3f985$f62933f4b20bddb7abb8ab26fd4453df977f348d", 
      "email": "", 
      "date_joined": "2010-08-25 20:57:04"
    }
  }, 
  {
    "pk": 27, 
    "model": "auth.user", 
    "fields": {
      "username": "stud6", 
      "first_name": "", 
      "last_name": "", 
      "is_active": true, 
      "is_superuser": false, 
      "is_staff": false, 
      "last_login": "2010-08-25 20:57:14", 
      "groups": [], 
      "user_permissions": [], 
      "password": "sha1$9a0c4$716c5b86c3a7f3c4abefea627304906b6028ba50", 
      "email": "", 
      "date_joined": "2010-08-25 20:57:14"
    }
  }, 
  {
    "pk": 28, 
    "model": "auth.user", 
    "fields": {
      "username": "stud7", 
      "first_name": "", 
      "last_name": "", 
      "is_active": true, 
      "is_superuser": false, 
      "is_staff": false, 
      "last_login": "2010-08-25 20:57:23", 
      "groups": [], 
      "user_permissions": [], 
      "password": "sha1$48de8$dd3d119a67a6bf8ef19067fe1aa7e0a991c637fd", 
      "email": "", 
      "date_joined": "2010-08-25 20:57:23"
    }
  }, 
  {
    "pk": 29, 
    "model": "auth.user", 
    "fields": {
      "username": "stud8", 
      "first_name": "", 
      "last_name": "", 
      "is_active": true, 
      "is_superuser": false, 
      "is_staff": false, 
      "last_login": "2010-08-25 20:57:34", 
      "groups": [], 
      "user_permissions": [], 
      "password": "sha1$765d0$92c1017ab45f6d6f45773f93fa0b3d85dc51064f", 
      "email": "", 
      "date_joined": "2010-08-25 20:57:34"
    }
  }, 
  {
    "pk": 30, 
    "model": "auth.user", 
    "fields": {
      "username": "stud9", 
      "first_name": "", 
      "last_name": "", 
      "is_active": true, 
      "is_superuser": false, 
      "is_staff": false, 
      "last_login": "2010-08-25 20:57:44", 
      "groups": [], 
      "user_permissions": [], 
      "password": "sha1$2fb03$53b1eaebc5715b6c9a13b4deb52fdf5d8f652f4a", 
      "email": "", 
      "date_joined": "2010-08-25 20:57:44"
    }
  }, 
  {
    "pk": 31, 
    "model": "auth.user", 
    "fields": {
      "username": "stud10", 
      "first_name": "", 
      "last_name": "", 
      "is_active": true, 
      "is_superuser": false, 
      "is_staff": false, 
      "last_login": "2010-08-25 20:57:52", 
      "groups": [], 
      "user_permissions": [], 
      "password": "sha1$37f6d$a8ddc6f89a2f8b802df8755dafb53dd494fbde18", 
      "email": "", 
      "date_joined": "2010-08-25 20:57:52"
    }
  }, 
  {
    "pk": 32, 
    "model": "auth.user", 
    "fields": {
      "username": "stud11", 
      "first_name": "", 
      "last_name": "", 
      "is_active": true, 
      "is_superuser": false, 
      "is_staff": false, 
      "last_login": "2010-08-25 20:58:02", 
      "groups": [], 
      "user_permissions": [], 
      "password": "sha1$7e99b$88cecd7d118ec7d3f7b6156cf27442ce81bf87fe", 
      "email": "", 
      "date_joined": "2010-08-25 20:58:02"
    }
  }, 
  {
    "pk": 33, 
    "model": "auth.user", 
    "fields": {
      "username": "stud12", 
      "first_name": "", 
      "last_name": "", 
      "is_active": true, 
      "is_superuser": false, 
      "is_staff": false, 
      "last_login": "2010-08-25 20:58:11", 
      "groups": [], 
      "user_permissions": [], 
      "password": "sha1$11223$5d2a8cb212d037a0fc893f498fbb84e7c2c267bc", 
      "email": "", 
      "date_joined": "2010-08-25 20:58:11"
    }
  }, 
  {
    "pk": 34, 
    "model": "auth.user", 
    "fields": {
      "username": "stud13", 
      "first_name": "", 
      "last_name": "", 
      "is_active": true, 
      "is_superuser": false, 
      "is_staff": false, 
      "last_login": "2010-08-25 20:58:20", 
      "groups": [], 
      "user_permissions": [], 
      "password": "sha1$ac661$385d3668aca45eafaf33afccd1b98a2026264699", 
      "email": "", 
      "date_joined": "2010-08-25 20:58:20"
    }
  }, 
  {
    "pk": 35, 
    "model": "auth.user", 
    "fields": {
      "username": "stud14", 
      "first_name": "", 
      "last_name": "", 
      "is_active": true, 
      "is_superuser": false, 
      "is_staff": false, 
      "last_login": "2010-08-25 20:58:29", 
      "groups": [], 
      "user_permissions": [], 
      "password": "sha1$7687c$c80bc01cbaffda09fdcfc2cbbbad372ed02075c8", 
      "email": "", 
      "date_joined": "2010-08-25 20:58:29"
    }
  }, 
  {
    "pk": 36, 
    "model": "auth.user", 
    "fields": {
      "username": "stud15", 
      "first_name": "", 
      "last_name": "", 
      "is_active": true, 
      "is_superuser": false, 
      "is_staff": false, 
      "last_login": "2010-08-25 20:58:39", 
      "groups": [], 
      "user_permissions": [], 
      "password": "sha1$9a267$e2c9be5ac4cd0bfc4a3d290c0b3abc844d1d6cef", 
      "email": "", 
      "date_joined": "2010-08-25 20:58:39"
    }
  }, 
  {
    "pk": 37, 
    "model": "auth.user", 
    "fields": {
      "username": "stud16", 
      "first_name": "", 
      "last_name": "", 
      "is_active": true, 
      "is_superuser": false, 
      "is_staff": false, 
      "last_login": "2010-08-25 20:58:48", 
      "groups": [], 
      "user_permissions": [], 
      "password": "sha1$10ead$f3a7a64fdfa7bee89dba6a78ad63623265275e6a", 
      "email": "", 
      "date_joined": "2010-08-25 20:58:48"
    }
  }, 
  {
    "pk": 38, 
    "model": "auth.user", 
    "fields": {
      "username": "stud17", 
      "first_name": "", 
      "last_name": "", 
      "is_active": true, 
      "is_superuser": false, 
      "is_staff": false, 
      "last_login": "2010-08-25 20:58:56", 
      "groups": [], 
      "user_permissions": [], 
      "password": "sha1$1b195$c8c05529dbe02ae68b7cd3b04ec861acf0e72382", 
      "email": "", 
      "date_joined": "2010-08-25 20:58:56"
    }
  }, 
  {
    "pk": 39, 
    "model": "auth.user", 
    "fields": {
      "username": "stud19", 
      "first_name": "", 
      "last_name": "", 
      "is_active": true, 
      "is_superuser": false, 
      "is_staff": false, 
      "last_login": "2010-08-25 20:59:05", 
      "groups": [], 
      "user_permissions": [], 
      "password": "sha1$e1219$ca1ef0f378814c856105de0d1525171d2ae025bf", 
      "email": "", 
      "date_joined": "2010-08-25 20:59:05"
    }
  }, 
  {
    "pk": 40, 
    "model": "auth.user", 
    "fields": {
      "username": "stud20", 
      "first_name": "", 
      "last_name": "", 
      "is_active": true, 
      "is_superuser": false, 
      "is_staff": false, 
      "last_login": "2010-08-25 20:59:14", 
      "groups": [], 
      "user_permissions": [], 
      "password": "sha1$50a95$3b000bccfc241cdebd18ffab23ceb574b10c7cca", 
      "email": "", 
      "date_joined": "2010-08-25 20:59:14"
    }
  }, 
  {
    "pk": 41, 
    "model": "auth.user", 
    "fields": {
      "username": "stud18", 
      "first_name": "", 
      "last_name": "", 
      "is_active": true, 
      "is_superuser": false, 
      "is_staff": false, 
      "last_login": "2010-08-25 20:59:52", 
      "groups": [], 
      "user_permissions": [], 
      "password": "sha1$7a7c2$7ea7c0af0d4db08ac711e0e10a2a50860c945d79", 
      "email": "", 
      "date_joined": "2010-08-25 20:59:52"
    }
  }, 
  {
    "pk": 42, 
    "model": "auth.user", 
    "fields": {
      "username": "stud21", 
      "first_name": "", 
      "last_name": "", 
      "is_active": true, 
      "is_superuser": false, 
      "is_staff": false, 
      "last_login": "2010-08-26 16:30:22", 
      "groups": [], 
      "user_permissions": [], 
      "password": "sha1$e77ca$cc04f6d2841d5cdb044ce821ea2e47a41519df94", 
      "email": "", 
      "date_joined": "2010-08-26 16:30:22"
    }
  }, 
  {
    "pk": 43, 
    "model": "auth.user", 
    "fields": {
      "username": "stud22", 
      "first_name": "", 
      "last_name": "", 
      "is_active": true, 
      "is_superuser": false, 
      "is_staff": false, 
      "last_login": "2010-08-26 16:30:32", 
      "groups": [], 
      "user_permissions": [], 
      "password": "sha1$f61fb$19c457f5ac0aaba2b7d8465b3b92488232e21e6c", 
      "email": "", 
      "date_joined": "2010-08-26 16:30:32"
    }
  }, 
  {
    "pk": 44, 
    "model": "auth.user", 
    "fields": {
      "username": "stud23", 
      "first_name": "", 
      "last_name": "", 
      "is_active": true, 
      "is_superuser": false, 
      "is_staff": false, 
      "last_login": "2010-08-26 16:30:41", 
      "groups": [], 
      "user_permissions": [], 
      "password": "sha1$c87b4$012e90541338517e12cd608e27c3883021ff9677", 
      "email": "", 
      "date_joined": "2010-08-26 16:30:41"
    }
  }, 
  {
    "pk": 45, 
    "model": "auth.user", 
    "fields": {
      "username": "stud24", 
      "first_name": "", 
      "last_name": "", 
      "is_active": true, 
      "is_superuser": false, 
      "is_staff": false, 
      "last_login": "2010-08-26 16:30:53", 
      "groups": [], 
      "user_permissions": [], 
      "password": "sha1$7e398$c2896d1348b6d50d6e4598024874f0f66f35a9e9", 
      "email": "", 
      "date_joined": "2010-08-26 16:30:53"
    }
  }, 
  {
    "pk": 46, 
    "model": "auth.user", 
    "fields": {
      "username": "stud25", 
      "first_name": "", 
      "last_name": "", 
      "is_active": true, 
      "is_superuser": false, 
      "is_staff": false, 
      "last_login": "2010-08-26 16:31:02", 
      "groups": [], 
      "user_permissions": [], 
      "password": "sha1$23adf$0bfd65024e08cec0782b531d4c997ea373c1d829", 
      "email": "", 
      "date_joined": "2010-08-26 16:31:02"
    }
  }, 
  {
    "pk": 47, 
    "model": "auth.user", 
    "fields": {
      "username": "stud26", 
      "first_name": "", 
      "last_name": "", 
      "is_active": true, 
      "is_superuser": false, 
      "is_staff": false, 
      "last_login": "2010-08-26 16:31:11", 
      "groups": [], 
      "user_permissions": [], 
      "password": "sha1$70d6f$05c62254c69c928c5f72a01ae8aead74bcddd0ee", 
      "email": "", 
      "date_joined": "2010-08-26 16:31:11"
    }
  }, 
  {
    "pk": 48, 
    "model": "auth.user", 
    "fields": {
      "username": "stud27", 
      "first_name": "", 
      "last_name": "", 
      "is_active": true, 
      "is_superuser": false, 
      "is_staff": false, 
      "last_login": "2010-08-26 16:31:21", 
      "groups": [], 
      "user_permissions": [], 
      "password": "sha1$212fe$9adab07b5ae49ade3bd3dd9184354f8550df503f", 
      "email": "", 
      "date_joined": "2010-08-26 16:31:21"
    }
  }, 
  {
    "pk": 49, 
    "model": "auth.user", 
    "fields": {
      "username": "stud28", 
      "first_name": "", 
      "last_name": "", 
      "is_active": true, 
      "is_superuser": false, 
      "is_staff": false, 
      "last_login": "2010-08-26 16:31:29", 
      "groups": [], 
      "user_permissions": [], 
      "password": "sha1$2012d$915b3dc0e9b4bc05b5f370577a818feabfa56d54", 
      "email": "", 
      "date_joined": "2010-08-26 16:31:29"
    }
  }, 
  {
    "pk": 50, 
    "model": "auth.user", 
    "fields": {
      "username": "stud29", 
      "first_name": "", 
      "last_name": "", 
      "is_active": true, 
      "is_superuser": false, 
      "is_staff": false, 
      "last_login": "2010-08-26 16:31:49", 
      "groups": [], 
      "user_permissions": [], 
      "password": "sha1$cb15d$42b708f3a09ddc2cf846d84234622ec56741713b", 
      "email": "", 
      "date_joined": "2010-08-26 16:31:49"
    }
  }, 
  {
    "pk": 51, 
    "model": "auth.user", 
    "fields": {
      "username": "stud30", 
      "first_name": "", 
      "last_name": "", 
      "is_active": true, 
      "is_superuser": false, 
      "is_staff": false, 
      "last_login": "2010-08-26 16:32:02", 
      "groups": [], 
      "user_permissions": [], 
      "password": "sha1$914c8$21bdef351a2e08182e3f1a9c620191b0ca346d82", 
      "email": "", 
      "date_joined": "2010-08-26 16:32:02"
    }
  }, 
  {
    "pk": 52, 
    "model": "auth.user", 
    "fields": {
      "username": "student0", 
      "first_name": "", 
      "last_name": "", 
      "is_active": true, 
      "is_superuser": false, 
      "is_staff": false, 
      "last_login": "2011-05-25 20:12:46", 
      "groups": [], 
      "user_permissions": [], 
      "password": "sha1$907e8$45fd7e9a1aeec65b542f4e2ea6cd3b733cc5824a", 
      "email": "student0@example.com", 
      "date_joined": "2011-05-25 20:12:46"
    }
  }, 
  {
    "pk": 53, 
    "model": "auth.user", 
    "fields": {
      "username": "student1", 
      "first_name": "", 
      "last_name": "", 
      "is_active": true, 
      "is_superuser": false, 
      "is_staff": false, 
      "last_login": "2011-05-25 20:12:46", 
      "groups": [], 
      "user_permissions": [], 
      "password": "sha1$a3eb2$7f19673d898488c9a7bb731ba533101253c9c164", 
      "email": "student1@example.com", 
      "date_joined": "2011-05-25 20:12:46"
    }
  }, 
  {
    "pk": 54, 
    "model": "auth.user", 
    "fields": {
      "username": "student2", 
      "first_name": "", 
      "last_name": "", 
      "is_active": true, 
      "is_superuser": false, 
      "is_staff": false, 
      "last_login": "2011-05-25 20:12:46", 
      "groups": [], 
      "user_permissions": [], 
      "password": "sha1$81e8c$80e5772db963f5baf6fe0d3604c2bdb71f593603", 
      "email": "student2@example.com", 
      "date_joined": "2011-05-25 20:12:46"
    }
  }, 
  {
    "pk": 55, 
    "model": "auth.user", 
    "fields": {
      "username": "student3", 
      "first_name": "", 
      "last_name": "", 
      "is_active": true, 
      "is_superuser": false, 
      "is_staff": false, 
      "last_login": "2011-05-25 20:12:46", 
      "groups": [], 
      "user_permissions": [], 
      "password": "sha1$62e9a$e18fbecf04ed00c3349ce698b60112c6af87bacc", 
      "email": "student3@example.com", 
      "date_joined": "2011-05-25 20:12:46"
    }
  }, 
  {
    "pk": 56, 
    "model": "auth.user", 
    "fields": {
      "username": "student4", 
      "first_name": "", 
      "last_name": "", 
      "is_active": true, 
      "is_superuser": false, 
      "is_staff": false, 
      "last_login": "2011-05-25 20:12:46", 
      "groups": [], 
      "user_permissions": [], 
      "password": "sha1$53661$6bd396e1ae2d3d44c09a9a5a99e0a9fbd6e03de9", 
      "email": "student4@example.com", 
      "date_joined": "2011-05-25 20:12:46"
    }
  }, 
  {
    "pk": 57, 
    "model": "auth.user", 
    "fields": {
      "username": "student5", 
      "first_name": "", 
      "last_name": "", 
      "is_active": true, 
      "is_superuser": false, 
      "is_staff": false, 
      "last_login": "2011-05-25 20:12:46", 
      "groups": [], 
      "user_permissions": [], 
      "password": "sha1$76cbf$a35ac0bfbbc415b41de85f3ad6ec81598d7de595", 
      "email": "student5@example.com", 
      "date_joined": "2011-05-25 20:12:46"
    }
  }, 
  {
    "pk": 58, 
    "model": "auth.user", 
    "fields": {
      "username": "student6", 
      "first_name": "", 
      "last_name": "", 
      "is_active": true, 
      "is_superuser": false, 
      "is_staff": false, 
      "last_login": "2011-05-25 20:12:46", 
      "groups": [], 
      "user_permissions": [], 
      "password": "sha1$4d5c6$c9ed382466b343b568d68cc7b0069c9a9777df06", 
      "email": "student6@example.com", 
      "date_joined": "2011-05-25 20:12:46"
    }
  }, 
  {
    "pk": 59, 
    "model": "auth.user", 
    "fields": {
      "username": "student7", 
      "first_name": "", 
      "last_name": "", 
      "is_active": true, 
      "is_superuser": false, 
      "is_staff": false, 
      "last_login": "2011-05-25 20:12:46", 
      "groups": [], 
      "user_permissions": [], 
      "password": "sha1$9ab0d$2bb7cce29dd7e52b5007e2b2a6efed899ed37a2c", 
      "email": "student7@example.com", 
      "date_joined": "2011-05-25 20:12:46"
    }
  }, 
  {
    "pk": 60, 
    "model": "auth.user", 
    "fields": {
      "username": "student8", 
      "first_name": "", 
      "last_name": "", 
      "is_active": true, 
      "is_superuser": false, 
      "is_staff": false, 
      "last_login": "2011-05-25 20:12:46", 
      "groups": [], 
      "user_permissions": [], 
      "password": "sha1$85d6c$348664569a4b81ce5e7277db54df76ddddbb2e14", 
      "email": "student8@example.com", 
      "date_joined": "2011-05-25 20:12:46"
    }
  }, 
  {
    "pk": 61, 
    "model": "auth.user", 
    "fields": {
      "username": "student9", 
      "first_name": "", 
      "last_name": "", 
      "is_active": true, 
      "is_superuser": false, 
      "is_staff": false, 
      "last_login": "2011-05-25 20:12:46", 
      "groups": [], 
      "user_permissions": [], 
      "password": "sha1$3ec42$83c79da0b9604d911aaf20ec6b95c8b9e9b07f87", 
      "email": "student9@example.com", 
      "date_joined": "2011-05-25 20:12:46"
    }
  }, 
  {
    "pk": 62, 
    "model": "auth.user", 
    "fields": {
      "username": "student10", 
      "first_name": "", 
      "last_name": "", 
      "is_active": true, 
      "is_superuser": false, 
      "is_staff": false, 
      "last_login": "2011-05-25 20:12:46", 
      "groups": [], 
      "user_permissions": [], 
      "password": "sha1$fe5c6$9771d57b24f668e43e50957245c4b749fa3a9ddb", 
      "email": "student10@example.com", 
      "date_joined": "2011-05-25 20:12:46"
    }
  }, 
  {
    "pk": 63, 
    "model": "auth.user", 
    "fields": {
      "username": "student11", 
      "first_name": "", 
      "last_name": "", 
      "is_active": true, 
      "is_superuser": false, 
      "is_staff": false, 
      "last_login": "2011-05-25 20:12:46", 
      "groups": [], 
      "user_permissions": [], 
      "password": "sha1$adc6b$58849e08dd8927c52eb464de61175b7b28f2825d", 
      "email": "student11@example.com", 
      "date_joined": "2011-05-25 20:12:46"
    }
  }, 
  {
    "pk": 64, 
    "model": "auth.user", 
    "fields": {
      "username": "examiner0", 
      "first_name": "", 
      "last_name": "", 
      "is_active": true, 
      "is_superuser": false, 
      "is_staff": false, 
      "last_login": "2011-05-25 20:12:46", 
      "groups": [], 
      "user_permissions": [], 
      "password": "sha1$f94f3$cdeb2d8b233dd2b4789b3aaf334a633960a536e3", 
      "email": "examiner0@example.com", 
      "date_joined": "2011-05-25 20:12:46"
    }
  }, 
  {
    "pk": 65, 
    "model": "auth.user", 
    "fields": {
      "username": "examiner1", 
      "first_name": "", 
      "last_name": "", 
      "is_active": true, 
      "is_superuser": false, 
      "is_staff": false, 
      "last_login": "2011-05-25 20:12:46", 
      "groups": [], 
      "user_permissions": [], 
      "password": "sha1$81342$452d6f6d4ed0b786390c800c02b2dfa055d6b529", 
      "email": "examiner1@example.com", 
      "date_joined": "2011-05-25 20:12:46"
    }
  }
]