[
  {
    "pk": 4, 
    "model": "core.node", 
    "fields": {
      "long_name": "Deep dummy One", 
      "admins": [], 
      "parentnode": 1, 
      "short_name": "deepdummy1"
    }
  }, 
  {
    "pk": 5, 
    "model": "core.node", 
    "fields": {
      "long_name": "Deep dummy Two", 
      "admins": [], 
      "parentnode": 4, 
      "short_name": "deepdummy2"
    }
  }, 
  {
    "pk": 6, 
    "model": "core.node", 
    "fields": {
      "long_name": "Deep dummy Three", 
      "admins": [], 
      "parentnode": 5, 
      "short_name": "deepdummy3"
    }
  }, 
  {
    "pk": 3, 
    "model": "core.node", 
    "fields": {
      "long_name": "Fysisk institutt", 
      "admins": [], 
      "parentnode": 1, 
      "short_name": "fys"
    }
  }, 
  {
    "pk": 2, 
    "model": "core.node", 
    "fields": {
      "long_name": "Institutt for informatikk", 
      "admins": [
        2, 
        3
      ], 
      "parentnode": 1, 
      "short_name": "ifi"
    }
  }, 
  {
    "pk": 1, 
    "model": "core.node", 
    "fields": {
      "long_name": "UiO", 
      "admins": [
        9
      ], 
      "parentnode": null, 
      "short_name": "uio"
    }
  }, 
  {
    "pk": 2, 
    "model": "core.subject", 
    "fields": {
      "long_name": "INF1060", 
      "admins": [
        5
      ], 
      "parentnode": 2, 
      "short_name": "inf1060"
    }
  }, 
  {
    "pk": 1, 
    "model": "core.subject", 
    "fields": {
      "long_name": "INF1100", 
      "admins": [
        4
      ], 
      "parentnode": 2, 
      "short_name": "inf1100"
    }
  }, 
  {
    "pk": 1, 
    "model": "core.period", 
    "fields": {
      "short_name": "looong", 
      "start_time": "2010-06-05 00:13:35", 
      "parentnode": 1, 
      "long_name": "A long period", 
      "admins": [], 
      "end_time": "2110-06-05 00:13:37", 
      "minimum_points": 0
    }
  }, 
  {
    "pk": 2, 
    "model": "core.period", 
    "fields": {
      "short_name": "old", 
      "start_time": "2010-01-05 00:00:00", 
      "parentnode": 1, 
      "long_name": "A old period", 
      "admins": [], 
      "end_time": "2010-06-10 00:00:00", 
      "minimum_points": 0
    }
  }, 
  {
    "pk": 1, 
    "model": "core.assignment", 
    "fields": {
      "must_pass": false, 
      "autoscale": true, 
      "grade_plugin": "grade_approved:approvedgrade", 
      "short_name": "oblig1", 
      "publishing_time": "2010-06-05 00:31:42", 
      "admins": [], 
      "parentnode": 1, 
      "filenames": null, 
      "long_name": "Obligatory assignment one", 
      "attempts": null, 
      "anonymous": false, 
      "students_can_see_points": true, 
      "maxpoints": 0, 
      "pointscale": 1
    }
  }, 
  {
    "pk": 2, 
    "model": "core.assignment", 
    "fields": {
      "must_pass": false, 
      "autoscale": true, 
      "grade_plugin": "grade_approved:approvedgrade", 
      "short_name": "oblig2", 
      "publishing_time": "2010-06-05 01:07:59", 
      "admins": [], 
      "parentnode": 1, 
      "filenames": null, 
      "long_name": "Obligatory assignment two", 
      "attempts": null, 
      "anonymous": false, 
      "students_can_see_points": true, 
      "maxpoints": 0, 
      "pointscale": 1
    }
  }, 
  {
    "pk": 3, 
    "model": "core.assignment", 
    "fields": {
      "must_pass": false, 
      "autoscale": true, 
      "grade_plugin": "grade_default:charfieldgrade", 
      "short_name": "oldone", 
      "publishing_time": "2010-05-04 12:00:00", 
      "admins": [], 
      "parentnode": 2, 
      "filenames": null, 
      "long_name": "A old assignment", 
      "attempts": null, 
      "anonymous": false, 
      "students_can_see_points": true, 
      "maxpoints": 0, 
      "pointscale": 1
    }
  }, 
  {
    "pk": 1, 
    "model": "core.candidate", 
    "fields": {
      "candidate_id": "1", 
      "student": 6, 
      "assignment_group": 1
    }
  }, 
  {
    "pk": 2, 
    "model": "core.candidate", 
    "fields": {
      "candidate_id": "2", 
      "student": 7, 
      "assignment_group": 2
    }
  }, 
  {
    "pk": 3, 
    "model": "core.candidate", 
    "fields": {
      "candidate_id": "3", 
      "student": 8, 
      "assignment_group": 2
    }
  }, 
  {
    "pk": 4, 
    "model": "core.candidate", 
    "fields": {
      "candidate_id": "3", 
      "student": 8, 
      "assignment_group": 3
    }
  }, 
  {
    "pk": 5, 
    "model": "core.candidate", 
    "fields": {
      "candidate_id": "1", 
      "student": 6, 
      "assignment_group": 4
    }
  }, 
  {
    "pk": 6, 
    "model": "core.candidate", 
    "fields": {
      "candidate_id": "1", 
      "student": 6, 
      "assignment_group": 5
    }
  }, 
  {
    "pk": 7, 
    "model": "core.candidate", 
    "fields": {
      "candidate_id": "4", 
      "student": 12, 
      "assignment_group": 5
    }
  }, 
  {
    "pk": 1, 
    "model": "core.assignmentgroup", 
    "fields": {
      "status": 1, 
      "is_passing_grade": false, 
      "name": null, 
      "parentnode": 1, 
      "scaled_points": 0.0, 
      "points": 0, 
      "is_open": true, 
      "examiners": [
        10
      ]
    }
  }, 
  {
    "pk": 2, 
    "model": "core.assignmentgroup", 
    "fields": {
      "status": 1, 
      "is_passing_grade": false, 
      "name": null, 
      "parentnode": 1, 
      "scaled_points": 0.0, 
      "points": 0, 
      "is_open": true, 
      "examiners": [
        10
      ]
    }
  }, 
  {
    "pk": 3, 
    "model": "core.assignmentgroup", 
    "fields": {
      "status": 0, 
      "is_passing_grade": false, 
      "name": null, 
      "parentnode": 1, 
      "scaled_points": 0.0, 
      "points": 0, 
      "is_open": true, 
      "examiners": [
        11, 
        14
      ]
    }
  }, 
  {
    "pk": 4, 
    "model": "core.assignmentgroup", 
    "fields": {
      "status": 0, 
      "is_passing_grade": false, 
      "name": null, 
      "parentnode": 3, 
      "scaled_points": 0.0, 
      "points": 0, 
      "is_open": true, 
      "examiners": [
        13
      ]
    }
  }, 
  {
    "pk": 5, 
    "model": "core.assignmentgroup", 
    "fields": {
      "status": 0, 
      "is_passing_grade": false, 
      "name": null, 
      "parentnode": 3, 
      "scaled_points": 0.0, 
      "points": 0, 
      "is_open": true, 
      "examiners": [
        13, 
        14
      ]
    }
  }, 
  {
    "pk": 1, 
    "model": "core.deadline", 
    "fields": {
      "text": null, 
      "deadline": "2010-06-05 00:13:35", 
      "deliveries_available_before_deadline": false, 
      "is_head": true, 
      "assignment_group": 1
    }
  }, 
  {
    "pk": 2, 
    "model": "core.deadline", 
    "fields": {
      "text": null, 
      "deadline": "2010-06-05 00:13:35", 
      "deliveries_available_before_deadline": false, 
      "is_head": true, 
      "assignment_group": 2
    }
  }, 
  {
    "pk": 3, 
    "model": "core.deadline", 
    "fields": {
      "text": null, 
      "deadline": "2010-06-05 00:13:35", 
      "deliveries_available_before_deadline": false, 
      "is_head": true, 
      "assignment_group": 3
    }
  }, 
  {
    "pk": 4, 
    "model": "core.deadline", 
    "fields": {
      "text": null, 
      "deadline": "2010-01-05 00:00:00", 
      "deliveries_available_before_deadline": false, 
      "is_head": true, 
      "assignment_group": 4
    }
  }, 
  {
    "pk": 5, 
    "model": "core.deadline", 
    "fields": {
      "text": null, 
      "deadline": "2010-01-05 00:00:00", 
      "deliveries_available_before_deadline": false, 
      "is_head": true, 
      "assignment_group": 5
    }
  }, 
  {
    "pk": 3, 
    "model": "core.delivery", 
    "fields": {
      "successful": false, 
      "number": 2, 
      "delivered_by": 6, 
      "deadline_tag": 1, 
      "assignment_group": 1, 
      "time_of_delivery": "2010-06-19 16:36:57"
    }
  }, 
  {
    "pk": 2, 
    "model": "core.delivery", 
    "fields": {
      "successful": false, 
      "number": 1, 
      "delivered_by": 7, 
      "deadline_tag": 2, 
      "assignment_group": 2, 
      "time_of_delivery": "2010-06-19 16:31:37"
    }
  }, 
  {
    "pk": 1, 
    "model": "core.delivery", 
    "fields": {
      "successful": true, 
      "number": 1, 
      "delivered_by": 6, 
      "deadline_tag": 1, 
      "assignment_group": 1, 
      "time_of_delivery": "2010-06-19 14:47:29"
    }
  }, 
  {
    "pk": 1, 
    "model": "auth.user", 
    "fields": {
      "username": "thesuperuser", 
      "first_name": "", 
      "last_name": "", 
      "is_active": true, 
      "is_superuser": true, 
      "is_staff": true, 
      "last_login": "2010-06-19 20:57:00", 
      "groups": [], 
      "user_permissions": [], 
      "password": "sha1$7b509$a73b4c9c803a2d5224c98f51f29630e77dce1ef4", 
      "email": "mail@example.com", 
      "date_joined": "2010-01-23 09:32:37"
    }
  }, 
  {
    "pk": 2, 
    "model": "auth.user", 
    "fields": {
      "username": "ifitechsupport", 
      "first_name": "", 
      "last_name": "", 
      "is_active": true, 
      "is_superuser": false, 
      "is_staff": true, 
      "last_login": "2010-01-24 17:23:45", 
      "groups": [], 
      "user_permissions": [], 
      "password": "sha1$7b509$a73b4c9c803a2d5224c98f51f29630e77dce1ef4", 
      "email": "mail@example.com", 
      "date_joined": "2010-01-23 09:32:37"
    }
  }, 
  {
    "pk": 3, 
    "model": "auth.user", 
    "fields": {
      "username": "ifiadmin", 
      "first_name": "", 
      "last_name": "", 
      "is_active": true, 
      "is_superuser": false, 
      "is_staff": true, 
      "last_login": "2010-01-24 17:35:39", 
      "groups": [], 
      "user_permissions": [], 
      "password": "sha1$7b509$a73b4c9c803a2d5224c98f51f29630e77dce1ef4", 
      "email": "mail@example.com", 
      "date_joined": "2010-01-23 09:32:37"
    }
  }, 
  {
    "pk": 4, 
    "model": "auth.user", 
    "fields": {
      "username": "teacher1", 
      "first_name": "", 
      "last_name": "", 
      "is_active": true, 
      "is_superuser": false, 
      "is_staff": true, 
      "last_login": "2010-01-24 18:07:12", 
      "groups": [], 
      "user_permissions": [], 
      "password": "sha1$7b509$a73b4c9c803a2d5224c98f51f29630e77dce1ef4", 
      "email": "mail@example.com", 
      "date_joined": "2010-01-23 09:32:37"
    }
  }, 
  {
    "pk": 5, 
    "model": "auth.user", 
    "fields": {
      "username": "teacher2", 
      "first_name": "", 
      "last_name": "", 
      "is_active": true, 
      "is_superuser": false, 
      "is_staff": true, 
      "last_login": "2010-01-24 18:07:12", 
      "groups": [], 
      "user_permissions": [], 
      "password": "sha1$7b509$a73b4c9c803a2d5224c98f51f29630e77dce1ef4", 
      "email": "mail@example.com", 
      "date_joined": "2010-01-23 09:32:37"
    }
  }, 
  {
    "pk": 6, 
    "model": "auth.user", 
    "fields": {
      "username": "student1", 
      "first_name": "", 
      "last_name": "", 
      "is_active": true, 
      "is_superuser": false, 
      "is_staff": true, 
      "last_login": "2010-01-24 18:07:04", 
      "groups": [], 
      "user_permissions": [], 
      "password": "sha1$7b509$a73b4c9c803a2d5224c98f51f29630e77dce1ef4", 
      "email": "mail@example.com", 
      "date_joined": "2010-01-23 09:32:37"
    }
  }, 
  {
    "pk": 7, 
    "model": "auth.user", 
    "fields": {
      "username": "student2", 
      "first_name": "", 
      "last_name": "", 
      "is_active": true, 
      "is_superuser": false, 
      "is_staff": true, 
      "last_login": "2010-01-24 18:07:04", 
      "groups": [], 
      "user_permissions": [], 
      "password": "sha1$7b509$a73b4c9c803a2d5224c98f51f29630e77dce1ef4", 
      "email": "mail@example.com", 
      "date_joined": "2010-01-23 09:32:37"
    }
  }, 
  {
    "pk": 8, 
    "model": "auth.user", 
    "fields": {
      "username": "student3", 
      "first_name": "", 
      "last_name": "", 
      "is_active": true, 
      "is_superuser": false, 
      "is_staff": true, 
      "last_login": "2010-01-24 18:07:04", 
      "groups": [], 
      "user_permissions": [], 
      "password": "sha1$7b509$a73b4c9c803a2d5224c98f51f29630e77dce1ef4", 
      "email": "mail@example.com", 
      "date_joined": "2010-01-23 09:32:37"
    }
  }, 
  {
    "pk": 9, 
    "model": "auth.user", 
    "fields": {
      "username": "uioadmin", 
      "first_name": "", 
      "last_name": "", 
      "is_active": true, 
      "is_superuser": false, 
      "is_staff": true, 
      "last_login": "2010-02-26 23:21:54", 
      "groups": [], 
      "user_permissions": [], 
      "password": "sha1$a5503$1b396ca5149fa094829d86cb6924c2970b881d82", 
      "email": "", 
      "date_joined": "2010-02-26 22:27:51"
    }
  }, 
  {
    "pk": 10, 
    "model": "auth.user", 
    "fields": {
      "username": "examiner1", 
      "first_name": "", 
      "last_name": "", 
      "is_active": true, 
      "is_superuser": false, 
      "is_staff": false, 
      "last_login": "2010-06-05 00:56:22", 
      "groups": [], 
      "user_permissions": [], 
      "password": "sha1$7611d$8e15f11bed92bd5580ac2e1fe850e1ae8ed0ccbc", 
      "email": "", 
      "date_joined": "2010-06-05 00:56:22"
    }
  }, 
  {
    "pk": 11, 
    "model": "auth.user", 
    "fields": {
      "username": "examiner2", 
      "first_name": "", 
      "last_name": "", 
      "is_active": true, 
      "is_superuser": false, 
      "is_staff": false, 
      "last_login": "2010-06-05 00:56:30", 
      "groups": [], 
      "user_permissions": [], 
      "password": "sha1$3da0c$60825c97577c9e28077f73384bf172b91292740a", 
      "email": "", 
      "date_joined": "2010-06-05 00:56:30"
    }
  }, 
  {
    "pk": 12, 
    "model": "auth.user", 
    "fields": {
      "username": "student4", 
      "first_name": "", 
      "last_name": "", 
      "is_active": true, 
      "is_superuser": false, 
      "is_staff": false, 
      "last_login": "2010-06-18 06:34:19", 
      "groups": [], 
      "user_permissions": [], 
      "password": "sha1$03583$07fef9c0686462b1eaa82aacb2214e28142f5812", 
      "email": "", 
      "date_joined": "2010-06-18 06:34:19"
    }
  }, 
  {
    "pk": 13, 
    "model": "auth.user", 
    "fields": {
      "username": "examiner3", 
      "first_name": "", 
      "last_name": "", 
      "is_active": true, 
      "is_superuser": false, 
      "is_staff": false, 
      "last_login": "2010-06-18 06:35:28", 
      "groups": [], 
      "user_permissions": [], 
      "password": "sha1$c9f4e$1ce9ab35320c59074a1241ab6f8390b6a28fd5ce", 
      "email": "", 
      "date_joined": "2010-06-18 06:35:28"
    }
  }, 
  {
    "pk": 14, 
    "model": "auth.user", 
    "fields": {
      "username": "examiner4", 
      "first_name": "", 
      "last_name": "", 
      "is_active": true, 
      "is_superuser": false, 
      "is_staff": false, 
      "last_login": "2010-06-18 06:35:39", 
      "groups": [], 
      "user_permissions": [], 
      "password": "sha1$426a2$7ca58daa91f643fb51b3e1206cc86075e82ed877", 
      "email": "", 
      "date_joined": "2010-06-18 06:35:39"
    }
  }
]