[
  {
    "pk": 1, 
    "model": "core.grademodel", 
    "fields": {}
  }, 
  {
    "pk": 2, 
    "model": "core.grademodel", 
    "fields": {}
  }, 
  {
    "pk": 3, 
    "model": "core.grademodel", 
    "fields": {}
  }, 
  {
    "pk": 4, 
    "model": "core.grademodel", 
    "fields": {}
  }, 
  {
    "pk": 5, 
    "model": "core.grademodel", 
    "fields": {}
  }, 
  {
    "pk": 6, 
    "model": "core.grademodel", 
    "fields": {}
  }, 
  {
    "pk": 7, 
    "model": "core.grademodel", 
    "fields": {}
  }, 
  {
    "pk": 8, 
    "model": "core.grademodel", 
    "fields": {}
  }, 
  {
    "pk": 9, 
    "model": "core.grademodel", 
    "fields": {}
  }, 
  {
    "pk": 10, 
    "model": "core.grademodel", 
    "fields": {}
  }, 
  {
    "pk": 11, 
    "model": "core.grademodel", 
    "fields": {}
  }, 
  {
    "pk": 12, 
    "model": "core.grademodel", 
    "fields": {}
  }, 
  {
    "pk": 13, 
    "model": "core.grademodel", 
    "fields": {}
  }, 
  {
    "pk": 14, 
    "model": "core.grademodel", 
    "fields": {}
  }, 
  {
    "pk": 15, 
    "model": "core.grademodel", 
    "fields": {}
  }, 
  {
    "pk": 16, 
    "model": "core.grademodel", 
    "fields": {}
  }, 
  {
    "pk": 17, 
    "model": "core.grademodel", 
    "fields": {}
  }, 
  {
    "pk": 18, 
    "model": "core.grademodel", 
    "fields": {}
  }, 
  {
    "pk": 19, 
    "model": "core.grademodel", 
    "fields": {}
  }, 
  {
    "pk": 20, 
    "model": "core.grademodel", 
    "fields": {}
  }, 
  {
    "pk": 21, 
    "model": "core.grademodel", 
    "fields": {}
  }, 
  {
    "pk": 22, 
    "model": "core.grademodel", 
    "fields": {}
  }, 
  {
    "pk": 23, 
    "model": "core.grademodel", 
    "fields": {}
  }, 
  {
    "pk": 24, 
    "model": "core.grademodel", 
    "fields": {}
  }, 
  {
    "pk": 25, 
    "model": "core.grademodel", 
    "fields": {}
  }, 
  {
    "pk": 26, 
    "model": "core.grademodel", 
    "fields": {}
  }, 
  {
    "pk": 27, 
    "model": "core.grademodel", 
    "fields": {}
  }, 
  {
    "pk": 28, 
    "model": "core.grademodel", 
    "fields": {}
  }, 
  {
    "pk": 29, 
    "model": "core.grademodel", 
    "fields": {}
  }, 
  {
    "pk": 30, 
    "model": "core.grademodel", 
    "fields": {}
  }, 
  {
    "pk": 31, 
    "model": "core.grademodel", 
    "fields": {}
  }, 
  {
    "pk": 32, 
    "model": "core.grademodel", 
    "fields": {}
  }, 
  {
    "pk": 33, 
    "model": "core.grademodel", 
    "fields": {}
  }, 
  {
    "pk": 34, 
    "model": "core.grademodel", 
    "fields": {}
  }, 
  {
    "pk": 35, 
    "model": "core.grademodel", 
    "fields": {}
  }, 
  {
    "pk": 36, 
    "model": "core.grademodel", 
    "fields": {}
  }, 
  {
    "pk": 37, 
    "model": "core.grademodel", 
    "fields": {}
  }, 
  {
    "pk": 38, 
    "model": "core.grademodel", 
    "fields": {}
  }, 
  {
    "pk": 39, 
    "model": "core.grademodel", 
    "fields": {}
  }, 
  {
    "pk": 40, 
    "model": "core.grademodel", 
    "fields": {}
  }, 
  {
    "pk": 41, 
    "model": "core.grademodel", 
    "fields": {}
  }, 
  {
    "pk": 42, 
    "model": "core.grademodel", 
    "fields": {}
  }, 
  {
    "pk": 43, 
    "model": "core.grademodel", 
    "fields": {}
  }, 
  {
    "pk": 44, 
    "model": "core.grademodel", 
    "fields": {}
  }, 
  {
    "pk": 45, 
    "model": "core.grademodel", 
    "fields": {}
  }, 
  {
    "pk": 46, 
    "model": "core.grademodel", 
    "fields": {}
  }, 
  {
    "pk": 47, 
    "model": "core.grademodel", 
    "fields": {}
  }, 
  {
    "pk": 48, 
    "model": "core.grademodel", 
    "fields": {}
  }, 
  {
    "pk": 49, 
    "model": "core.grademodel", 
    "fields": {}
  }, 
  {
    "pk": 50, 
    "model": "core.grademodel", 
    "fields": {}
  }, 
  {
    "pk": 51, 
    "model": "core.grademodel", 
    "fields": {}
  }, 
  {
    "pk": 52, 
    "model": "core.grademodel", 
    "fields": {}
  }, 
  {
    "pk": 53, 
    "model": "core.grademodel", 
    "fields": {}
  }, 
  {
    "pk": 54, 
    "model": "core.grademodel", 
    "fields": {}
  }, 
  {
    "pk": 55, 
    "model": "core.grademodel", 
    "fields": {}
  }, 
  {
    "pk": 56, 
    "model": "core.grademodel", 
    "fields": {}
  }, 
  {
    "pk": 57, 
    "model": "core.grademodel", 
    "fields": {}
  }, 
  {
    "pk": 58, 
    "model": "core.grademodel", 
    "fields": {}
  }, 
  {
    "pk": 59, 
    "model": "core.grademodel", 
    "fields": {}
  }, 
  {
    "pk": 60, 
    "model": "core.grademodel", 
    "fields": {}
  }, 
  {
    "pk": 61, 
    "model": "core.grademodel", 
    "fields": {}
  }, 
  {
    "pk": 62, 
    "model": "core.grademodel", 
    "fields": {}
  }, 
  {
    "pk": 63, 
    "model": "core.grademodel", 
    "fields": {}
  }, 
  {
    "pk": 64, 
    "model": "core.grademodel", 
    "fields": {}
  }, 
  {
    "pk": 65, 
    "model": "core.grademodel", 
    "fields": {}
  }, 
  {
    "pk": 66, 
    "model": "core.grademodel", 
    "fields": {}
  }, 
  {
    "pk": 67, 
    "model": "core.grademodel", 
    "fields": {}
  }, 
  {
    "pk": 68, 
    "model": "core.grademodel", 
    "fields": {}
  }, 
  {
    "pk": 69, 
    "model": "core.grademodel", 
    "fields": {}
  }, 
  {
    "pk": 70, 
    "model": "core.grademodel", 
    "fields": {}
  }, 
  {
    "pk": 71, 
    "model": "core.grademodel", 
    "fields": {}
  }, 
  {
    "pk": 72, 
    "model": "core.grademodel", 
    "fields": {}
  }, 
  {
    "pk": 73, 
    "model": "core.grademodel", 
    "fields": {}
  }, 
  {
    "pk": 74, 
    "model": "core.grademodel", 
    "fields": {}
  }, 
  {
    "pk": 75, 
    "model": "core.grademodel", 
    "fields": {}
  }, 
  {
    "pk": 1, 
    "model": "core.node", 
    "fields": {
      "long_name": "Duckburgh", 
      "admins": [], 
      "parentnode": null, 
      "short_name": "duckburgh"
    }
  }, 
  {
    "pk": 2, 
    "model": "core.node", 
    "fields": {
      "long_name": "Univ", 
      "admins": [], 
      "parentnode": null, 
      "short_name": "univ"
    }
  }, 
  {
    "pk": 1, 
    "model": "core.subject", 
    "fields": {
      "long_name": "DUCK1100 - Getting started with python", 
      "admins": [], 
      "parentnode": 2, 
      "short_name": "duck1100"
    }
  }, 
  {
    "pk": 2, 
    "model": "core.subject", 
    "fields": {
      "long_name": "DUCK1080 - Making the illogical seem logical", 
      "admins": [], 
      "parentnode": 2, 
      "short_name": "duck1080"
    }
  }, 
  {
    "pk": 3, 
    "model": "core.subject", 
    "fields": {
      "long_name": "DUCK3580 - Making the illogical seem logical", 
      "admins": [], 
      "parentnode": 2, 
      "short_name": "duck3580"
    }
  }, 
  {
    "pk": 1, 
    "model": "core.period", 
    "fields": {
      "short_name": "h01", 
      "start_time": "2011-04-16 16:23:31", 
      "parentnode": 1, 
      "long_name": "Spring year zero", 
      "admins": [], 
      "end_time": "2011-06-14 16:23:31", 
      "minimum_points": 0
    }
  }, 
  {
    "pk": 2, 
    "model": "core.period", 
    "fields": {
      "short_name": "h01", 
      "start_time": "2011-04-16 16:23:40", 
      "parentnode": 2, 
      "long_name": "Fall year zero", 
      "admins": [], 
      "end_time": "2011-06-14 16:23:40", 
      "minimum_points": 0
    }
  }, 
  {
    "pk": 3, 
    "model": "core.period", 
    "fields": {
      "short_name": "h01", 
      "start_time": "2011-04-16 16:23:46", 
      "parentnode": 3, 
      "long_name": "Fall year zero", 
      "admins": [], 
      "end_time": "2011-06-14 16:23:46", 
      "minimum_points": 0
    }
  }, 
  {
    "pk": 1, 
    "model": "core.assignment", 
    "fields": {
      "must_pass": false, 
      "autoscale": true, 
      "grade_plugin": "grade_rstschema:rstschemagrade", 
      "short_name": "week1", 
      "publishing_time": "2011-04-21 16:23:31", 
      "admins": [], 
      "parentnode": 1, 
      "filenames": null, 
      "long_name": "The one and only week one", 
      "attempts": null, 
      "anonymous": false, 
      "students_can_see_points": true, 
      "maxpoints": 14, 
      "pointscale": 14
    }
  }, 
  {
    "pk": 2, 
    "model": "core.assignment", 
    "fields": {
      "must_pass": false, 
      "autoscale": true, 
      "grade_plugin": "grade_rstschema:rstschemagrade", 
      "short_name": "week2", 
      "publishing_time": "2011-05-01 16:23:34", 
      "admins": [], 
      "parentnode": 1, 
      "filenames": null, 
      "long_name": "The one and only week two", 
      "attempts": null, 
      "anonymous": false, 
      "students_can_see_points": true, 
      "maxpoints": 10, 
      "pointscale": 10
    }
  }, 
  {
    "pk": 3, 
    "model": "core.assignment", 
    "fields": {
      "must_pass": false, 
      "autoscale": true, 
      "grade_plugin": "grade_rstschema:rstschemagrade", 
      "short_name": "week3", 
      "publishing_time": "2011-05-12 16:23:36", 
      "admins": [], 
      "parentnode": 1, 
      "filenames": null, 
      "long_name": "The one and only week three", 
      "attempts": null, 
      "anonymous": false, 
      "students_can_see_points": true, 
      "maxpoints": 9, 
      "pointscale": 9
    }
  }, 
  {
    "pk": 4, 
    "model": "core.assignment", 
    "fields": {
      "must_pass": false, 
      "autoscale": true, 
      "grade_plugin": "grade_rstschema:rstschemagrade", 
      "short_name": "week4", 
      "publishing_time": "2011-05-18 16:23:38", 
      "admins": [], 
      "parentnode": 1, 
      "filenames": null, 
      "long_name": "The one and only week four", 
      "attempts": null, 
      "anonymous": false, 
      "students_can_see_points": true, 
      "maxpoints": 12, 
      "pointscale": 12
    }
  }, 
  {
    "pk": 5, 
    "model": "core.assignment", 
    "fields": {
      "must_pass": false, 
      "autoscale": false, 
      "grade_plugin": "grade_rstschema:rstschemagrade", 
      "short_name": "week1", 
      "publishing_time": "2011-04-21 16:23:40", 
      "admins": [], 
      "parentnode": 2, 
      "filenames": null, 
      "long_name": "Week one", 
      "attempts": null, 
      "anonymous": false, 
      "students_can_see_points": true, 
      "maxpoints": 11, 
      "pointscale": 10
    }
  }, 
  {
    "pk": 6, 
    "model": "core.assignment", 
    "fields": {
      "must_pass": false, 
      "autoscale": false, 
      "grade_plugin": "grade_rstschema:rstschemagrade", 
      "short_name": "week2", 
      "publishing_time": "2011-05-01 16:23:42", 
      "admins": [], 
      "parentnode": 2, 
      "filenames": null, 
      "long_name": "Week two", 
      "attempts": null, 
      "anonymous": false, 
      "students_can_see_points": true, 
      "maxpoints": 9, 
      "pointscale": 10
    }
  }, 
  {
    "pk": 7, 
    "model": "core.assignment", 
    "fields": {
      "must_pass": false, 
      "autoscale": false, 
      "grade_plugin": "grade_rstschema:rstschemagrade", 
      "short_name": "week3", 
      "publishing_time": "2011-05-18 16:23:45", 
      "admins": [], 
      "parentnode": 2, 
      "filenames": null, 
      "long_name": "Week three", 
      "attempts": null, 
      "anonymous": false, 
      "students_can_see_points": true, 
      "maxpoints": 8, 
      "pointscale": 10
    }
  }, 
  {
    "pk": 8, 
    "model": "core.assignment", 
    "fields": {
      "must_pass": false, 
      "autoscale": true, 
      "grade_plugin": "grade_approved:approvedgrade", 
      "short_name": "week1", 
      "publishing_time": "2011-04-21 16:23:46", 
      "admins": [], 
      "parentnode": 3, 
      "filenames": null, 
      "long_name": "Week one", 
      "attempts": null, 
      "anonymous": false, 
      "students_can_see_points": true, 
      "maxpoints": 1, 
      "pointscale": 1
    }
  }, 
  {
    "pk": 9, 
    "model": "core.assignment", 
    "fields": {
      "must_pass": false, 
      "autoscale": true, 
      "grade_plugin": "grade_approved:approvedgrade", 
      "short_name": "week4", 
      "publishing_time": "2011-05-22 16:23:48", 
      "admins": [], 
      "parentnode": 3, 
      "filenames": null, 
      "long_name": "Week four", 
      "attempts": null, 
      "anonymous": false, 
      "students_can_see_points": true, 
      "maxpoints": 1, 
      "pointscale": 1
    }
  }, 
  {
    "pk": 1, 
    "model": "core.candidate", 
    "fields": {
      "candidate_id": null, 
      "student": 22, 
      "assignment_group": 1
    }
  }, 
  {
    "pk": 2, 
    "model": "core.candidate", 
    "fields": {
      "candidate_id": null, 
      "student": 23, 
      "assignment_group": 2
    }
  }, 
  {
    "pk": 3, 
    "model": "core.candidate", 
    "fields": {
      "candidate_id": null, 
      "student": 24, 
      "assignment_group": 3
    }
  }, 
  {
    "pk": 4, 
    "model": "core.candidate", 
    "fields": {
      "candidate_id": null, 
      "student": 25, 
      "assignment_group": 4
    }
  }, 
  {
    "pk": 5, 
    "model": "core.candidate", 
    "fields": {
      "candidate_id": null, 
      "student": 26, 
      "assignment_group": 5
    }
  }, 
  {
    "pk": 6, 
    "model": "core.candidate", 
    "fields": {
      "candidate_id": null, 
      "student": 27, 
      "assignment_group": 6
    }
  }, 
  {
    "pk": 7, 
    "model": "core.candidate", 
    "fields": {
      "candidate_id": null, 
      "student": 28, 
      "assignment_group": 7
    }
  }, 
  {
    "pk": 8, 
    "model": "core.candidate", 
    "fields": {
      "candidate_id": null, 
      "student": 29, 
      "assignment_group": 8
    }
  }, 
  {
    "pk": 9, 
    "model": "core.candidate", 
    "fields": {
      "candidate_id": null, 
      "student": 30, 
      "assignment_group": 9
    }
  }, 
  {
    "pk": 10, 
    "model": "core.candidate", 
    "fields": {
      "candidate_id": null, 
      "student": 31, 
      "assignment_group": 10
    }
  }, 
  {
    "pk": 11, 
    "model": "core.candidate", 
    "fields": {
      "candidate_id": null, 
      "student": 32, 
      "assignment_group": 11
    }
  }, 
  {
    "pk": 12, 
    "model": "core.candidate", 
    "fields": {
      "candidate_id": null, 
      "student": 33, 
      "assignment_group": 12
    }
  }, 
  {
    "pk": 13, 
    "model": "core.candidate", 
    "fields": {
      "candidate_id": null, 
      "student": 22, 
      "assignment_group": 13
    }
  }, 
  {
    "pk": 14, 
    "model": "core.candidate", 
    "fields": {
      "candidate_id": null, 
      "student": 23, 
      "assignment_group": 14
    }
  }, 
  {
    "pk": 15, 
    "model": "core.candidate", 
    "fields": {
      "candidate_id": null, 
      "student": 24, 
      "assignment_group": 15
    }
  }, 
  {
    "pk": 16, 
    "model": "core.candidate", 
    "fields": {
      "candidate_id": null, 
      "student": 25, 
      "assignment_group": 16
    }
  }, 
  {
    "pk": 17, 
    "model": "core.candidate", 
    "fields": {
      "candidate_id": null, 
      "student": 26, 
      "assignment_group": 17
    }
  }, 
  {
    "pk": 18, 
    "model": "core.candidate", 
    "fields": {
      "candidate_id": null, 
      "student": 27, 
      "assignment_group": 18
    }
  }, 
  {
    "pk": 19, 
    "model": "core.candidate", 
    "fields": {
      "candidate_id": null, 
      "student": 28, 
      "assignment_group": 19
    }
  }, 
  {
    "pk": 20, 
    "model": "core.candidate", 
    "fields": {
      "candidate_id": null, 
      "student": 29, 
      "assignment_group": 20
    }
  }, 
  {
    "pk": 21, 
    "model": "core.candidate", 
    "fields": {
      "candidate_id": null, 
      "student": 30, 
      "assignment_group": 21
    }
  }, 
  {
    "pk": 22, 
    "model": "core.candidate", 
    "fields": {
      "candidate_id": null, 
      "student": 31, 
      "assignment_group": 22
    }
  }, 
  {
    "pk": 23, 
    "model": "core.candidate", 
    "fields": {
      "candidate_id": null, 
      "student": 32, 
      "assignment_group": 23
    }
  }, 
  {
    "pk": 24, 
    "model": "core.candidate", 
    "fields": {
      "candidate_id": null, 
      "student": 33, 
      "assignment_group": 24
    }
  }, 
  {
    "pk": 25, 
    "model": "core.candidate", 
    "fields": {
      "candidate_id": null, 
      "student": 22, 
      "assignment_group": 25
    }
  }, 
  {
    "pk": 26, 
    "model": "core.candidate", 
    "fields": {
      "candidate_id": null, 
      "student": 23, 
      "assignment_group": 26
    }
  }, 
  {
    "pk": 27, 
    "model": "core.candidate", 
    "fields": {
      "candidate_id": null, 
      "student": 24, 
      "assignment_group": 27
    }
  }, 
  {
    "pk": 28, 
    "model": "core.candidate", 
    "fields": {
      "candidate_id": null, 
      "student": 25, 
      "assignment_group": 28
    }
  }, 
  {
    "pk": 29, 
    "model": "core.candidate", 
    "fields": {
      "candidate_id": null, 
      "student": 26, 
      "assignment_group": 29
    }
  }, 
  {
    "pk": 30, 
    "model": "core.candidate", 
    "fields": {
      "candidate_id": null, 
      "student": 27, 
      "assignment_group": 30
    }
  }, 
  {
    "pk": 31, 
    "model": "core.candidate", 
    "fields": {
      "candidate_id": null, 
      "student": 28, 
      "assignment_group": 31
    }
  }, 
  {
    "pk": 32, 
    "model": "core.candidate", 
    "fields": {
      "candidate_id": null, 
      "student": 29, 
      "assignment_group": 32
    }
  }, 
  {
    "pk": 33, 
    "model": "core.candidate", 
    "fields": {
      "candidate_id": null, 
      "student": 30, 
      "assignment_group": 33
    }
  }, 
  {
    "pk": 34, 
    "model": "core.candidate", 
    "fields": {
      "candidate_id": null, 
      "student": 31, 
      "assignment_group": 34
    }
  }, 
  {
    "pk": 35, 
    "model": "core.candidate", 
    "fields": {
      "candidate_id": null, 
      "student": 32, 
      "assignment_group": 35
    }
  }, 
  {
    "pk": 36, 
    "model": "core.candidate", 
    "fields": {
      "candidate_id": null, 
      "student": 33, 
      "assignment_group": 36
    }
  }, 
  {
    "pk": 37, 
    "model": "core.candidate", 
    "fields": {
      "candidate_id": null, 
      "student": 22, 
      "assignment_group": 37
    }
  }, 
  {
    "pk": 38, 
    "model": "core.candidate", 
    "fields": {
      "candidate_id": null, 
      "student": 23, 
      "assignment_group": 38
    }
  }, 
  {
    "pk": 39, 
    "model": "core.candidate", 
    "fields": {
      "candidate_id": null, 
      "student": 24, 
      "assignment_group": 39
    }
  }, 
  {
    "pk": 40, 
    "model": "core.candidate", 
    "fields": {
      "candidate_id": null, 
      "student": 25, 
      "assignment_group": 40
    }
  }, 
  {
    "pk": 41, 
    "model": "core.candidate", 
    "fields": {
      "candidate_id": null, 
      "student": 26, 
      "assignment_group": 41
    }
  }, 
  {
    "pk": 42, 
    "model": "core.candidate", 
    "fields": {
      "candidate_id": null, 
      "student": 27, 
      "assignment_group": 42
    }
  }, 
  {
    "pk": 43, 
    "model": "core.candidate", 
    "fields": {
      "candidate_id": null, 
      "student": 28, 
      "assignment_group": 43
    }
  }, 
  {
    "pk": 44, 
    "model": "core.candidate", 
    "fields": {
      "candidate_id": null, 
      "student": 29, 
      "assignment_group": 44
    }
  }, 
  {
    "pk": 45, 
    "model": "core.candidate", 
    "fields": {
      "candidate_id": null, 
      "student": 30, 
      "assignment_group": 45
    }
  }, 
  {
    "pk": 46, 
    "model": "core.candidate", 
    "fields": {
      "candidate_id": null, 
      "student": 31, 
      "assignment_group": 46
    }
  }, 
  {
    "pk": 47, 
    "model": "core.candidate", 
    "fields": {
      "candidate_id": null, 
      "student": 32, 
      "assignment_group": 47
    }
  }, 
  {
    "pk": 48, 
    "model": "core.candidate", 
    "fields": {
      "candidate_id": null, 
      "student": 33, 
      "assignment_group": 48
    }
  }, 
  {
    "pk": 49, 
    "model": "core.candidate", 
    "fields": {
      "candidate_id": null, 
      "student": 22, 
      "assignment_group": 49
    }
  }, 
  {
    "pk": 50, 
    "model": "core.candidate", 
    "fields": {
      "candidate_id": null, 
      "student": 23, 
      "assignment_group": 50
    }
  }, 
  {
    "pk": 51, 
    "model": "core.candidate", 
    "fields": {
      "candidate_id": null, 
      "student": 24, 
      "assignment_group": 51
    }
  }, 
  {
    "pk": 52, 
    "model": "core.candidate", 
    "fields": {
      "candidate_id": null, 
      "student": 25, 
      "assignment_group": 52
    }
  }, 
  {
    "pk": 53, 
    "model": "core.candidate", 
    "fields": {
      "candidate_id": null, 
      "student": 26, 
      "assignment_group": 53
    }
  }, 
  {
    "pk": 54, 
    "model": "core.candidate", 
    "fields": {
      "candidate_id": null, 
      "student": 27, 
      "assignment_group": 54
    }
  }, 
  {
    "pk": 55, 
    "model": "core.candidate", 
    "fields": {
      "candidate_id": null, 
      "student": 28, 
      "assignment_group": 55
    }
  }, 
  {
    "pk": 56, 
    "model": "core.candidate", 
    "fields": {
      "candidate_id": null, 
      "student": 29, 
      "assignment_group": 56
    }
  }, 
  {
    "pk": 57, 
    "model": "core.candidate", 
    "fields": {
      "candidate_id": null, 
      "student": 30, 
      "assignment_group": 57
    }
  }, 
  {
    "pk": 58, 
    "model": "core.candidate", 
    "fields": {
      "candidate_id": null, 
      "student": 31, 
      "assignment_group": 58
    }
  }, 
  {
    "pk": 59, 
    "model": "core.candidate", 
    "fields": {
      "candidate_id": null, 
      "student": 32, 
      "assignment_group": 59
    }
  }, 
  {
    "pk": 60, 
    "model": "core.candidate", 
    "fields": {
      "candidate_id": null, 
      "student": 33, 
      "assignment_group": 60
    }
  }, 
  {
    "pk": 61, 
    "model": "core.candidate", 
    "fields": {
      "candidate_id": null, 
      "student": 22, 
      "assignment_group": 61
    }
  }, 
  {
    "pk": 62, 
    "model": "core.candidate", 
    "fields": {
      "candidate_id": null, 
      "student": 23, 
      "assignment_group": 62
    }
  }, 
  {
    "pk": 63, 
    "model": "core.candidate", 
    "fields": {
      "candidate_id": null, 
      "student": 24, 
      "assignment_group": 63
    }
  }, 
  {
    "pk": 64, 
    "model": "core.candidate", 
    "fields": {
      "candidate_id": null, 
      "student": 25, 
      "assignment_group": 64
    }
  }, 
  {
    "pk": 65, 
    "model": "core.candidate", 
    "fields": {
      "candidate_id": null, 
      "student": 26, 
      "assignment_group": 65
    }
  }, 
  {
    "pk": 66, 
    "model": "core.candidate", 
    "fields": {
      "candidate_id": null, 
      "student": 27, 
      "assignment_group": 66
    }
  }, 
  {
    "pk": 67, 
    "model": "core.candidate", 
    "fields": {
      "candidate_id": null, 
      "student": 28, 
      "assignment_group": 67
    }
  }, 
  {
    "pk": 68, 
    "model": "core.candidate", 
    "fields": {
      "candidate_id": null, 
      "student": 29, 
      "assignment_group": 68
    }
  }, 
  {
    "pk": 69, 
    "model": "core.candidate", 
    "fields": {
      "candidate_id": null, 
      "student": 30, 
      "assignment_group": 69
    }
  }, 
  {
    "pk": 70, 
    "model": "core.candidate", 
    "fields": {
      "candidate_id": null, 
      "student": 31, 
      "assignment_group": 70
    }
  }, 
  {
    "pk": 71, 
    "model": "core.candidate", 
    "fields": {
      "candidate_id": null, 
      "student": 32, 
      "assignment_group": 71
    }
  }, 
  {
    "pk": 72, 
    "model": "core.candidate", 
    "fields": {
      "candidate_id": null, 
      "student": 33, 
      "assignment_group": 72
    }
  }, 
  {
    "pk": 73, 
    "model": "core.candidate", 
    "fields": {
      "candidate_id": null, 
      "student": 22, 
      "assignment_group": 73
    }
  }, 
  {
    "pk": 74, 
    "model": "core.candidate", 
    "fields": {
      "candidate_id": null, 
      "student": 23, 
      "assignment_group": 74
    }
  }, 
  {
    "pk": 75, 
    "model": "core.candidate", 
    "fields": {
      "candidate_id": null, 
      "student": 24, 
      "assignment_group": 75
    }
  }, 
  {
    "pk": 76, 
    "model": "core.candidate", 
    "fields": {
      "candidate_id": null, 
      "student": 25, 
      "assignment_group": 76
    }
  }, 
  {
    "pk": 77, 
    "model": "core.candidate", 
    "fields": {
      "candidate_id": null, 
      "student": 26, 
      "assignment_group": 77
    }
  }, 
  {
    "pk": 78, 
    "model": "core.candidate", 
    "fields": {
      "candidate_id": null, 
      "student": 27, 
      "assignment_group": 78
    }
  }, 
  {
    "pk": 79, 
    "model": "core.candidate", 
    "fields": {
      "candidate_id": null, 
      "student": 28, 
      "assignment_group": 79
    }
  }, 
  {
    "pk": 80, 
    "model": "core.candidate", 
    "fields": {
      "candidate_id": null, 
      "student": 29, 
      "assignment_group": 80
    }
  }, 
  {
    "pk": 81, 
    "model": "core.candidate", 
    "fields": {
      "candidate_id": null, 
      "student": 30, 
      "assignment_group": 81
    }
  }, 
  {
    "pk": 82, 
    "model": "core.candidate", 
    "fields": {
      "candidate_id": null, 
      "student": 31, 
      "assignment_group": 82
    }
  }, 
  {
    "pk": 83, 
    "model": "core.candidate", 
    "fields": {
      "candidate_id": null, 
      "student": 32, 
      "assignment_group": 83
    }
  }, 
  {
    "pk": 84, 
    "model": "core.candidate", 
    "fields": {
      "candidate_id": null, 
      "student": 33, 
      "assignment_group": 84
    }
  }, 
  {
    "pk": 85, 
    "model": "core.candidate", 
    "fields": {
      "candidate_id": null, 
      "student": 22, 
      "assignment_group": 85
    }
  }, 
  {
    "pk": 86, 
    "model": "core.candidate", 
    "fields": {
      "candidate_id": null, 
      "student": 23, 
      "assignment_group": 86
    }
  }, 
  {
    "pk": 87, 
    "model": "core.candidate", 
    "fields": {
      "candidate_id": null, 
      "student": 24, 
      "assignment_group": 87
    }
  }, 
  {
    "pk": 88, 
    "model": "core.candidate", 
    "fields": {
      "candidate_id": null, 
      "student": 25, 
      "assignment_group": 88
    }
  }, 
  {
    "pk": 89, 
    "model": "core.candidate", 
    "fields": {
      "candidate_id": null, 
      "student": 26, 
      "assignment_group": 89
    }
  }, 
  {
    "pk": 90, 
    "model": "core.candidate", 
    "fields": {
      "candidate_id": null, 
      "student": 27, 
      "assignment_group": 90
    }
  }, 
  {
    "pk": 91, 
    "model": "core.candidate", 
    "fields": {
      "candidate_id": null, 
      "student": 28, 
      "assignment_group": 91
    }
  }, 
  {
    "pk": 92, 
    "model": "core.candidate", 
    "fields": {
      "candidate_id": null, 
      "student": 29, 
      "assignment_group": 92
    }
  }, 
  {
    "pk": 93, 
    "model": "core.candidate", 
    "fields": {
      "candidate_id": null, 
      "student": 30, 
      "assignment_group": 93
    }
  }, 
  {
    "pk": 94, 
    "model": "core.candidate", 
    "fields": {
      "candidate_id": null, 
      "student": 31, 
      "assignment_group": 94
    }
  }, 
  {
    "pk": 95, 
    "model": "core.candidate", 
    "fields": {
      "candidate_id": null, 
      "student": 32, 
      "assignment_group": 95
    }
  }, 
  {
    "pk": 96, 
    "model": "core.candidate", 
    "fields": {
      "candidate_id": null, 
      "student": 33, 
      "assignment_group": 96
    }
  }, 
  {
    "pk": 97, 
    "model": "core.candidate", 
    "fields": {
      "candidate_id": null, 
      "student": 22, 
      "assignment_group": 97
    }
  }, 
  {
    "pk": 98, 
    "model": "core.candidate", 
    "fields": {
      "candidate_id": null, 
      "student": 23, 
      "assignment_group": 98
    }
  }, 
  {
    "pk": 99, 
    "model": "core.candidate", 
    "fields": {
      "candidate_id": null, 
      "student": 24, 
      "assignment_group": 99
    }
  }, 
  {
    "pk": 100, 
    "model": "core.candidate", 
    "fields": {
      "candidate_id": null, 
      "student": 25, 
      "assignment_group": 100
    }
  }, 
  {
    "pk": 101, 
    "model": "core.candidate", 
    "fields": {
      "candidate_id": null, 
      "student": 26, 
      "assignment_group": 101
    }
  }, 
  {
    "pk": 102, 
    "model": "core.candidate", 
    "fields": {
      "candidate_id": null, 
      "student": 27, 
      "assignment_group": 102
    }
  }, 
  {
    "pk": 103, 
    "model": "core.candidate", 
    "fields": {
      "candidate_id": null, 
      "student": 28, 
      "assignment_group": 103
    }
  }, 
  {
    "pk": 104, 
    "model": "core.candidate", 
    "fields": {
      "candidate_id": null, 
      "student": 29, 
      "assignment_group": 104
    }
  }, 
  {
    "pk": 105, 
    "model": "core.candidate", 
    "fields": {
      "candidate_id": null, 
      "student": 30, 
      "assignment_group": 105
    }
  }, 
  {
    "pk": 106, 
    "model": "core.candidate", 
    "fields": {
      "candidate_id": null, 
      "student": 31, 
      "assignment_group": 106
    }
  }, 
  {
    "pk": 107, 
    "model": "core.candidate", 
    "fields": {
      "candidate_id": null, 
      "student": 32, 
      "assignment_group": 107
    }
  }, 
  {
    "pk": 108, 
    "model": "core.candidate", 
    "fields": {
      "candidate_id": null, 
      "student": 33, 
      "assignment_group": 108
    }
  }, 
  {
    "pk": 1, 
    "model": "core.assignmentgroup", 
    "fields": {
      "status": 3, 
      "is_passing_grade": true, 
      "name": null, 
      "parentnode": 1, 
      "scaled_points": 14.0, 
      "points": 14, 
      "is_open": true, 
      "examiners": [
        34
      ]
    }
  }, 
  {
    "pk": 2, 
    "model": "core.assignmentgroup", 
    "fields": {
      "status": 3, 
      "is_passing_grade": true, 
      "name": null, 
      "parentnode": 1, 
      "scaled_points": 13.0, 
      "points": 13, 
      "is_open": true, 
      "examiners": [
        35
      ]
    }
  }, 
  {
    "pk": 3, 
    "model": "core.assignmentgroup", 
    "fields": {
      "status": 3, 
      "is_passing_grade": true, 
      "name": null, 
      "parentnode": 1, 
      "scaled_points": 12.0, 
      "points": 12, 
      "is_open": true, 
      "examiners": [
        34
      ]
    }
  }, 
  {
    "pk": 4, 
    "model": "core.assignmentgroup", 
    "fields": {
      "status": 0, 
      "is_passing_grade": false, 
      "name": null, 
      "parentnode": 1, 
      "scaled_points": 0.0, 
      "points": 0, 
      "is_open": true, 
      "examiners": [
        35
      ]
    }
  }, 
  {
    "pk": 5, 
    "model": "core.assignmentgroup", 
    "fields": {
      "status": 3, 
      "is_passing_grade": true, 
      "name": null, 
      "parentnode": 1, 
      "scaled_points": 10.0, 
      "points": 10, 
      "is_open": true, 
      "examiners": [
        34
      ]
    }
  }, 
  {
    "pk": 6, 
    "model": "core.assignmentgroup", 
    "fields": {
      "status": 3, 
      "is_passing_grade": true, 
      "name": null, 
      "parentnode": 1, 
      "scaled_points": 9.0, 
      "points": 9, 
      "is_open": true, 
      "examiners": [
        35
      ]
    }
  }, 
  {
    "pk": 7, 
    "model": "core.assignmentgroup", 
    "fields": {
      "status": 3, 
      "is_passing_grade": true, 
      "name": null, 
      "parentnode": 1, 
      "scaled_points": 8.0, 
      "points": 8, 
      "is_open": true, 
      "examiners": [
        34
      ]
    }
  }, 
  {
    "pk": 8, 
    "model": "core.assignmentgroup", 
    "fields": {
      "status": 3, 
      "is_passing_grade": true, 
      "name": null, 
      "parentnode": 1, 
      "scaled_points": 6.0, 
      "points": 6, 
      "is_open": true, 
      "examiners": [
        35
      ]
    }
  }, 
  {
    "pk": 9, 
    "model": "core.assignmentgroup", 
    "fields": {
      "status": 3, 
      "is_passing_grade": true, 
      "name": null, 
      "parentnode": 1, 
      "scaled_points": 5.0, 
      "points": 5, 
      "is_open": true, 
      "examiners": [
        34
      ]
    }
  }, 
  {
    "pk": 10, 
    "model": "core.assignmentgroup", 
    "fields": {
      "status": 3, 
      "is_passing_grade": true, 
      "name": null, 
      "parentnode": 1, 
      "scaled_points": 4.0, 
      "points": 4, 
      "is_open": true, 
      "examiners": [
        35
      ]
    }
  }, 
  {
    "pk": 11, 
    "model": "core.assignmentgroup", 
    "fields": {
      "status": 0, 
      "is_passing_grade": false, 
      "name": null, 
      "parentnode": 1, 
      "scaled_points": 0.0, 
      "points": 0, 
      "is_open": true, 
      "examiners": [
        34
      ]
    }
  }, 
  {
    "pk": 12, 
    "model": "core.assignmentgroup", 
    "fields": {
      "status": 3, 
      "is_passing_grade": true, 
      "name": null, 
      "parentnode": 1, 
      "scaled_points": 3.0, 
      "points": 3, 
      "is_open": true, 
      "examiners": [
        35
      ]
    }
  }, 
  {
    "pk": 13, 
    "model": "core.assignmentgroup", 
    "fields": {
      "status": 3, 
      "is_passing_grade": true, 
      "name": null, 
      "parentnode": 2, 
      "scaled_points": 10.0, 
      "points": 10, 
      "is_open": true, 
      "examiners": [
        34
      ]
    }
  }, 
  {
    "pk": 14, 
    "model": "core.assignmentgroup", 
    "fields": {
      "status": 2, 
      "is_passing_grade": true, 
      "name": null, 
      "parentnode": 2, 
      "scaled_points": 0.0, 
      "points": 0, 
      "is_open": true, 
      "examiners": [
        35
      ]
    }
  }, 
  {
    "pk": 15, 
    "model": "core.assignmentgroup", 
    "fields": {
      "status": 2, 
      "is_passing_grade": true, 
      "name": null, 
      "parentnode": 2, 
      "scaled_points": 0.0, 
      "points": 0, 
      "is_open": true, 
      "examiners": [
        34
      ]
    }
  }, 
  {
    "pk": 16, 
    "model": "core.assignmentgroup", 
    "fields": {
      "status": 3, 
      "is_passing_grade": true, 
      "name": null, 
      "parentnode": 2, 
      "scaled_points": 8.0, 
      "points": 8, 
      "is_open": true, 
      "examiners": [
        35
      ]
    }
  }, 
  {
    "pk": 17, 
    "model": "core.assignmentgroup", 
    "fields": {
      "status": 3, 
      "is_passing_grade": true, 
      "name": null, 
      "parentnode": 2, 
      "scaled_points": 8.0, 
      "points": 8, 
      "is_open": true, 
      "examiners": [
        34
      ]
    }
  }, 
  {
    "pk": 18, 
    "model": "core.assignmentgroup", 
    "fields": {
      "status": 3, 
      "is_passing_grade": true, 
      "name": null, 
      "parentnode": 2, 
      "scaled_points": 6.0, 
      "points": 6, 
      "is_open": true, 
      "examiners": [
        35
      ]
    }
  }, 
  {
    "pk": 19, 
    "model": "core.assignmentgroup", 
    "fields": {
      "status": 3, 
      "is_passing_grade": true, 
      "name": null, 
      "parentnode": 2, 
      "scaled_points": 5.0, 
      "points": 5, 
      "is_open": true, 
      "examiners": [
        34
      ]
    }
  }, 
  {
    "pk": 20, 
    "model": "core.assignmentgroup", 
    "fields": {
      "status": 3, 
      "is_passing_grade": true, 
      "name": null, 
      "parentnode": 2, 
      "scaled_points": 4.0, 
      "points": 4, 
      "is_open": true, 
      "examiners": [
        35
      ]
    }
  }, 
  {
    "pk": 21, 
    "model": "core.assignmentgroup", 
    "fields": {
      "status": 3, 
      "is_passing_grade": true, 
      "name": null, 
      "parentnode": 2, 
      "scaled_points": 4.0, 
      "points": 4, 
      "is_open": true, 
      "examiners": [
        34
      ]
    }
  }, 
  {
    "pk": 22, 
    "model": "core.assignmentgroup", 
    "fields": {
      "status": 3, 
      "is_passing_grade": true, 
      "name": null, 
      "parentnode": 2, 
      "scaled_points": 3.0, 
      "points": 3, 
      "is_open": true, 
      "examiners": [
        35
      ]
    }
  }, 
  {
    "pk": 23, 
    "model": "core.assignmentgroup", 
    "fields": {
      "status": 1, 
      "is_passing_grade": false, 
      "name": null, 
      "parentnode": 2, 
      "scaled_points": 0.0, 
      "points": 0, 
      "is_open": true, 
      "examiners": [
        34
      ]
    }
  }, 
  {
    "pk": 24, 
    "model": "core.assignmentgroup", 
    "fields": {
      "status": 3, 
      "is_passing_grade": true, 
      "name": null, 
      "parentnode": 2, 
      "scaled_points": 3.0, 
      "points": 3, 
      "is_open": true, 
      "examiners": [
        35
      ]
    }
  }, 
  {
    "pk": 25, 
    "model": "core.assignmentgroup", 
    "fields": {
      "status": 3, 
      "is_passing_grade": true, 
      "name": null, 
      "parentnode": 3, 
      "scaled_points": 9.0, 
      "points": 9, 
      "is_open": true, 
      "examiners": [
        34
      ]
    }
  }, 
  {
    "pk": 26, 
    "model": "core.assignmentgroup", 
    "fields": {
      "status": 3, 
      "is_passing_grade": true, 
      "name": null, 
      "parentnode": 3, 
      "scaled_points": 8.0, 
      "points": 8, 
      "is_open": true, 
      "examiners": [
        35
      ]
    }
  }, 
  {
    "pk": 27, 
    "model": "core.assignmentgroup", 
    "fields": {
      "status": 1, 
      "is_passing_grade": false, 
      "name": null, 
      "parentnode": 3, 
      "scaled_points": 0.0, 
      "points": 0, 
      "is_open": true, 
      "examiners": [
        34
      ]
    }
  }, 
  {
    "pk": 28, 
    "model": "core.assignmentgroup", 
    "fields": {
      "status": 3, 
      "is_passing_grade": true, 
      "name": null, 
      "parentnode": 3, 
      "scaled_points": 7.0, 
      "points": 7, 
      "is_open": true, 
      "examiners": [
        35
      ]
    }
  }, 
  {
    "pk": 29, 
    "model": "core.assignmentgroup", 
    "fields": {
      "status": 3, 
      "is_passing_grade": true, 
      "name": null, 
      "parentnode": 3, 
      "scaled_points": 6.0, 
      "points": 6, 
      "is_open": true, 
      "examiners": [
        34
      ]
    }
  }, 
  {
    "pk": 30, 
    "model": "core.assignmentgroup", 
    "fields": {
      "status": 3, 
      "is_passing_grade": true, 
      "name": null, 
      "parentnode": 3, 
      "scaled_points": 5.0, 
      "points": 5, 
      "is_open": true, 
      "examiners": [
        35
      ]
    }
  }, 
  {
    "pk": 31, 
    "model": "core.assignmentgroup", 
    "fields": {
      "status": 3, 
      "is_passing_grade": true, 
      "name": null, 
      "parentnode": 3, 
      "scaled_points": 6.0, 
      "points": 6, 
      "is_open": true, 
      "examiners": [
        34
      ]
    }
  }, 
  {
    "pk": 32, 
    "model": "core.assignmentgroup", 
    "fields": {
      "status": 3, 
      "is_passing_grade": true, 
      "name": null, 
      "parentnode": 3, 
      "scaled_points": 4.0, 
      "points": 4, 
      "is_open": true, 
      "examiners": [
        35
      ]
    }
  }, 
  {
    "pk": 33, 
    "model": "core.assignmentgroup", 
    "fields": {
      "status": 1, 
      "is_passing_grade": false, 
      "name": null, 
      "parentnode": 3, 
      "scaled_points": 0.0, 
      "points": 0, 
      "is_open": true, 
      "examiners": [
        34
      ]
    }
  }, 
  {
    "pk": 34, 
    "model": "core.assignmentgroup", 
    "fields": {
      "status": 3, 
      "is_passing_grade": true, 
      "name": null, 
      "parentnode": 3, 
      "scaled_points": 2.0, 
      "points": 2, 
      "is_open": true, 
      "examiners": [
        35
      ]
    }
  }, 
  {
    "pk": 35, 
    "model": "core.assignmentgroup", 
    "fields": {
      "status": 3, 
      "is_passing_grade": true, 
      "name": null, 
      "parentnode": 3, 
      "scaled_points": 2.0, 
      "points": 2, 
      "is_open": true, 
      "examiners": [
        34
      ]
    }
  }, 
  {
    "pk": 36, 
    "model": "core.assignmentgroup", 
    "fields": {
      "status": 1, 
      "is_passing_grade": false, 
      "name": null, 
      "parentnode": 3, 
      "scaled_points": 0.0, 
      "points": 0, 
      "is_open": true, 
      "examiners": [
        35
      ]
    }
  }, 
  {
    "pk": 37, 
    "model": "core.assignmentgroup", 
    "fields": {
      "status": 3, 
      "is_passing_grade": true, 
      "name": null, 
      "parentnode": 4, 
      "scaled_points": 12.0, 
      "points": 12, 
      "is_open": true, 
      "examiners": [
        34
      ]
    }
  }, 
  {
    "pk": 38, 
    "model": "core.assignmentgroup", 
    "fields": {
      "status": 1, 
      "is_passing_grade": false, 
      "name": null, 
      "parentnode": 4, 
      "scaled_points": 0.0, 
      "points": 0, 
      "is_open": true, 
      "examiners": [
        35
      ]
    }
  }, 
  {
    "pk": 39, 
    "model": "core.assignmentgroup", 
    "fields": {
      "status": 3, 
      "is_passing_grade": true, 
      "name": null, 
      "parentnode": 4, 
      "scaled_points": 11.0, 
      "points": 11, 
      "is_open": true, 
      "examiners": [
        34
      ]
    }
  }, 
  {
    "pk": 40, 
    "model": "core.assignmentgroup", 
    "fields": {
      "status": 0, 
      "is_passing_grade": false, 
      "name": null, 
      "parentnode": 4, 
      "scaled_points": 0.0, 
      "points": 0, 
      "is_open": true, 
      "examiners": [
        35
      ]
    }
  }, 
  {
    "pk": 41, 
    "model": "core.assignmentgroup", 
    "fields": {
      "status": 1, 
      "is_passing_grade": false, 
      "name": null, 
      "parentnode": 4, 
      "scaled_points": 0.0, 
      "points": 0, 
      "is_open": true, 
      "examiners": [
        34
      ]
    }
  }, 
  {
    "pk": 42, 
    "model": "core.assignmentgroup", 
    "fields": {
      "status": 3, 
      "is_passing_grade": true, 
      "name": null, 
      "parentnode": 4, 
      "scaled_points": 8.0, 
      "points": 8, 
      "is_open": true, 
      "examiners": [
        35
      ]
    }
  }, 
  {
    "pk": 43, 
    "model": "core.assignmentgroup", 
    "fields": {
      "status": 2, 
      "is_passing_grade": true, 
      "name": null, 
      "parentnode": 4, 
      "scaled_points": 0.0, 
      "points": 0, 
      "is_open": true, 
      "examiners": [
        34
      ]
    }
  }, 
  {
    "pk": 44, 
    "model": "core.assignmentgroup", 
    "fields": {
      "status": 3, 
      "is_passing_grade": true, 
      "name": null, 
      "parentnode": 4, 
      "scaled_points": 5.0, 
      "points": 5, 
      "is_open": true, 
      "examiners": [
        35
      ]
    }
  }, 
  {
    "pk": 45, 
    "model": "core.assignmentgroup", 
    "fields": {
      "status": 1, 
      "is_passing_grade": false, 
      "name": null, 
      "parentnode": 4, 
      "scaled_points": 0.0, 
      "points": 0, 
      "is_open": true, 
      "examiners": [
        34
      ]
    }
  }, 
  {
    "pk": 46, 
    "model": "core.assignmentgroup", 
    "fields": {
      "status": 1, 
      "is_passing_grade": false, 
      "name": null, 
      "parentnode": 4, 
      "scaled_points": 0.0, 
      "points": 0, 
      "is_open": true, 
      "examiners": [
        35
      ]
    }
  }, 
  {
    "pk": 47, 
    "model": "core.assignmentgroup", 
    "fields": {
      "status": 3, 
      "is_passing_grade": true, 
      "name": null, 
      "parentnode": 4, 
      "scaled_points": 3.0, 
      "points": 3, 
      "is_open": true, 
      "examiners": [
        34
      ]
    }
  }, 
  {
    "pk": 48, 
    "model": "core.assignmentgroup", 
    "fields": {
      "status": 2, 
      "is_passing_grade": true, 
      "name": null, 
      "parentnode": 4, 
      "scaled_points": 0.0, 
      "points": 0, 
      "is_open": true, 
      "examiners": [
        35
      ]
    }
  }, 
  {
    "pk": 49, 
    "model": "core.assignmentgroup", 
    "fields": {
      "status": 2, 
      "is_passing_grade": true, 
      "name": null, 
      "parentnode": 5, 
      "scaled_points": 0.0, 
      "points": 0, 
      "is_open": true, 
      "examiners": [
        34
      ]
    }
  }, 
  {
    "pk": 50, 
    "model": "core.assignmentgroup", 
    "fields": {
      "status": 3, 
      "is_passing_grade": true, 
      "name": null, 
      "parentnode": 5, 
      "scaled_points": 9.0909090909090899, 
      "points": 10, 
      "is_open": true, 
      "examiners": [
        35
      ]
    }
  }, 
  {
    "pk": 51, 
    "model": "core.assignmentgroup", 
    "fields": {
      "status": 3, 
      "is_passing_grade": true, 
      "name": null, 
      "parentnode": 5, 
      "scaled_points": 9.0909090909090899, 
      "points": 10, 
      "is_open": true, 
      "examiners": [
        34
      ]
    }
  }, 
  {
    "pk": 52, 
    "model": "core.assignmentgroup", 
    "fields": {
      "status": 3, 
      "is_passing_grade": true, 
      "name": null, 
      "parentnode": 5, 
      "scaled_points": 8.1818181818181817, 
      "points": 9, 
      "is_open": true, 
      "examiners": [
        35
      ]
    }
  }, 
  {
    "pk": 53, 
    "model": "core.assignmentgroup", 
    "fields": {
      "status": 3, 
      "is_passing_grade": true, 
      "name": null, 
      "parentnode": 5, 
      "scaled_points": 6.3636363636363633, 
      "points": 7, 
      "is_open": true, 
      "examiners": [
        34
      ]
    }
  }, 
  {
    "pk": 54, 
    "model": "core.assignmentgroup", 
    "fields": {
      "status": 0, 
      "is_passing_grade": false, 
      "name": null, 
      "parentnode": 5, 
      "scaled_points": 0.0, 
      "points": 0, 
      "is_open": true, 
      "examiners": [
        35
      ]
    }
  }, 
  {
    "pk": 55, 
    "model": "core.assignmentgroup", 
    "fields": {
      "status": 3, 
      "is_passing_grade": true, 
      "name": null, 
      "parentnode": 5, 
      "scaled_points": 5.4545454545454541, 
      "points": 6, 
      "is_open": true, 
      "examiners": [
        34
      ]
    }
  }, 
  {
    "pk": 56, 
    "model": "core.assignmentgroup", 
    "fields": {
      "status": 3, 
      "is_passing_grade": true, 
      "name": null, 
      "parentnode": 5, 
      "scaled_points": 4.545454545454545, 
      "points": 5, 
      "is_open": true, 
      "examiners": [
        35
      ]
    }
  }, 
  {
    "pk": 57, 
    "model": "core.assignmentgroup", 
    "fields": {
      "status": 0, 
      "is_passing_grade": false, 
      "name": null, 
      "parentnode": 5, 
      "scaled_points": 0.0, 
      "points": 0, 
      "is_open": true, 
      "examiners": [
        34
      ]
    }
  }, 
  {
    "pk": 58, 
    "model": "core.assignmentgroup", 
    "fields": {
      "status": 3, 
      "is_passing_grade": true, 
      "name": null, 
      "parentnode": 5, 
      "scaled_points": 2.7272727272727271, 
      "points": 3, 
      "is_open": true, 
      "examiners": [
        35
      ]
    }
  }, 
  {
    "pk": 59, 
    "model": "core.assignmentgroup", 
    "fields": {
      "status": 3, 
      "is_passing_grade": true, 
      "name": null, 
      "parentnode": 5, 
      "scaled_points": 2.7272727272727271, 
      "points": 3, 
      "is_open": true, 
      "examiners": [
        34
      ]
    }
  }, 
  {
    "pk": 60, 
    "model": "core.assignmentgroup", 
    "fields": {
      "status": 3, 
      "is_passing_grade": true, 
      "name": null, 
      "parentnode": 5, 
      "scaled_points": 2.7272727272727271, 
      "points": 3, 
      "is_open": true, 
      "examiners": [
        35
      ]
    }
  }, 
  {
    "pk": 61, 
    "model": "core.assignmentgroup", 
    "fields": {
      "status": 3, 
      "is_passing_grade": true, 
      "name": null, 
      "parentnode": 6, 
      "scaled_points": 10.0, 
      "points": 9, 
      "is_open": true, 
      "examiners": [
        34
      ]
    }
  }, 
  {
    "pk": 62, 
    "model": "core.assignmentgroup", 
    "fields": {
      "status": 3, 
      "is_passing_grade": true, 
      "name": null, 
      "parentnode": 6, 
      "scaled_points": 8.8888888888888893, 
      "points": 8, 
      "is_open": true, 
      "examiners": [
        35
      ]
    }
  }, 
  {
    "pk": 63, 
    "model": "core.assignmentgroup", 
    "fields": {
      "status": 3, 
      "is_passing_grade": true, 
      "name": null, 
      "parentnode": 6, 
      "scaled_points": 8.8888888888888893, 
      "points": 8, 
      "is_open": true, 
      "examiners": [
        34
      ]
    }
  }, 
  {
    "pk": 64, 
    "model": "core.assignmentgroup", 
    "fields": {
      "status": 3, 
      "is_passing_grade": true, 
      "name": null, 
      "parentnode": 6, 
      "scaled_points": 7.7777777777777786, 
      "points": 7, 
      "is_open": true, 
      "examiners": [
        35
      ]
    }
  }, 
  {
    "pk": 65, 
    "model": "core.assignmentgroup", 
    "fields": {
      "status": 3, 
      "is_passing_grade": true, 
      "name": null, 
      "parentnode": 6, 
      "scaled_points": 7.7777777777777786, 
      "points": 7, 
      "is_open": true, 
      "examiners": [
        34
      ]
    }
  }, 
  {
    "pk": 66, 
    "model": "core.assignmentgroup", 
    "fields": {
      "status": 3, 
      "is_passing_grade": true, 
      "name": null, 
      "parentnode": 6, 
      "scaled_points": 6.666666666666667, 
      "points": 6, 
      "is_open": true, 
      "examiners": [
        35
      ]
    }
  }, 
  {
    "pk": 67, 
    "model": "core.assignmentgroup", 
    "fields": {
      "status": 2, 
      "is_passing_grade": true, 
      "name": null, 
      "parentnode": 6, 
      "scaled_points": 0.0, 
      "points": 0, 
      "is_open": true, 
      "examiners": [
        34
      ]
    }
  }, 
  {
    "pk": 68, 
    "model": "core.assignmentgroup", 
    "fields": {
      "status": 3, 
      "is_passing_grade": true, 
      "name": null, 
      "parentnode": 6, 
      "scaled_points": 4.4444444444444446, 
      "points": 4, 
      "is_open": true, 
      "examiners": [
        35
      ]
    }
  }, 
  {
    "pk": 69, 
    "model": "core.assignmentgroup", 
    "fields": {
      "status": 3, 
      "is_passing_grade": true, 
      "name": null, 
      "parentnode": 6, 
      "scaled_points": 4.4444444444444446, 
      "points": 4, 
      "is_open": true, 
      "examiners": [
        34
      ]
    }
  }, 
  {
    "pk": 70, 
    "model": "core.assignmentgroup", 
    "fields": {
      "status": 3, 
      "is_passing_grade": true, 
      "name": null, 
      "parentnode": 6, 
      "scaled_points": 3.3333333333333335, 
      "points": 3, 
      "is_open": true, 
      "examiners": [
        35
      ]
    }
  }, 
  {
    "pk": 71, 
    "model": "core.assignmentgroup", 
    "fields": {
      "status": 3, 
      "is_passing_grade": true, 
      "name": null, 
      "parentnode": 6, 
      "scaled_points": 2.2222222222222223, 
      "points": 2, 
      "is_open": true, 
      "examiners": [
        34
      ]
    }
  }, 
  {
    "pk": 72, 
    "model": "core.assignmentgroup", 
    "fields": {
      "status": 1, 
      "is_passing_grade": false, 
      "name": null, 
      "parentnode": 6, 
      "scaled_points": 0.0, 
      "points": 0, 
      "is_open": true, 
      "examiners": [
        35
      ]
    }
  }, 
  {
    "pk": 73, 
    "model": "core.assignmentgroup", 
    "fields": {
      "status": 1, 
      "is_passing_grade": false, 
      "name": null, 
      "parentnode": 7, 
      "scaled_points": 0.0, 
      "points": 0, 
      "is_open": true, 
      "examiners": [
        34
      ]
    }
  }, 
  {
    "pk": 74, 
    "model": "core.assignmentgroup", 
    "fields": {
      "status": 3, 
      "is_passing_grade": true, 
      "name": null, 
      "parentnode": 7, 
      "scaled_points": 8.75, 
      "points": 7, 
      "is_open": true, 
      "examiners": [
        35
      ]
    }
  }, 
  {
    "pk": 75, 
    "model": "core.assignmentgroup", 
    "fields": {
      "status": 1, 
      "is_passing_grade": false, 
      "name": null, 
      "parentnode": 7, 
      "scaled_points": 0.0, 
      "points": 0, 
      "is_open": true, 
      "examiners": [
        34
      ]
    }
  }, 
  {
    "pk": 76, 
    "model": "core.assignmentgroup", 
    "fields": {
      "status": 1, 
      "is_passing_grade": false, 
      "name": null, 
      "parentnode": 7, 
      "scaled_points": 0.0, 
      "points": 0, 
      "is_open": true, 
      "examiners": [
        35
      ]
    }
  }, 
  {
    "pk": 77, 
    "model": "core.assignmentgroup", 
    "fields": {
      "status": 0, 
      "is_passing_grade": false, 
      "name": null, 
      "parentnode": 7, 
      "scaled_points": 0.0, 
      "points": 0, 
      "is_open": true, 
      "examiners": [
        34
      ]
    }
  }, 
  {
    "pk": 78, 
    "model": "core.assignmentgroup", 
    "fields": {
      "status": 1, 
      "is_passing_grade": false, 
      "name": null, 
      "parentnode": 7, 
      "scaled_points": 0.0, 
      "points": 0, 
      "is_open": true, 
      "examiners": [
        35
      ]
    }
  }, 
  {
    "pk": 79, 
    "model": "core.assignmentgroup", 
    "fields": {
      "status": 3, 
      "is_passing_grade": true, 
      "name": null, 
      "parentnode": 7, 
      "scaled_points": 5.0, 
      "points": 4, 
      "is_open": true, 
      "examiners": [
        34
      ]
    }
  }, 
  {
    "pk": 80, 
    "model": "core.assignmentgroup", 
    "fields": {
      "status": 2, 
      "is_passing_grade": true, 
      "name": null, 
      "parentnode": 7, 
      "scaled_points": 0.0, 
      "points": 0, 
      "is_open": true, 
      "examiners": [
        35
      ]
    }
  }, 
  {
    "pk": 81, 
    "model": "core.assignmentgroup", 
    "fields": {
      "status": 1, 
      "is_passing_grade": false, 
      "name": null, 
      "parentnode": 7, 
      "scaled_points": 0.0, 
      "points": 0, 
      "is_open": true, 
      "examiners": [
        34
      ]
    }
  }, 
  {
    "pk": 82, 
    "model": "core.assignmentgroup", 
    "fields": {
      "status": 1, 
      "is_passing_grade": false, 
      "name": null, 
      "parentnode": 7, 
      "scaled_points": 0.0, 
      "points": 0, 
      "is_open": true, 
      "examiners": [
        35
      ]
    }
  }, 
  {
    "pk": 83, 
    "model": "core.assignmentgroup", 
    "fields": {
      "status": 2, 
      "is_passing_grade": true, 
      "name": null, 
      "parentnode": 7, 
      "scaled_points": 0.0, 
      "points": 0, 
      "is_open": true, 
      "examiners": [
        34
      ]
    }
  }, 
  {
    "pk": 84, 
    "model": "core.assignmentgroup", 
    "fields": {
      "status": 3, 
      "is_passing_grade": true, 
      "name": null, 
      "parentnode": 7, 
      "scaled_points": 2.5, 
      "points": 2, 
      "is_open": true, 
      "examiners": [
        35
      ]
    }
  }, 
  {
    "pk": 85, 
    "model": "core.assignmentgroup", 
    "fields": {
      "status": 3, 
      "is_passing_grade": true, 
      "name": null, 
      "parentnode": 8, 
      "scaled_points": 0.0, 
      "points": 0, 
      "is_open": true, 
      "examiners": [
        34
      ]
    }
  }, 
  {
    "pk": 86, 
    "model": "core.assignmentgroup", 
    "fields": {
      "status": 3, 
      "is_passing_grade": true, 
      "name": null, 
      "parentnode": 8, 
      "scaled_points": 0.0, 
      "points": 0, 
      "is_open": true, 
      "examiners": [
        35
      ]
    }
  }, 
  {
    "pk": 87, 
    "model": "core.assignmentgroup", 
    "fields": {
      "status": 3, 
      "is_passing_grade": true, 
      "name": null, 
      "parentnode": 8, 
      "scaled_points": 0.0, 
      "points": 0, 
      "is_open": true, 
      "examiners": [
        34
      ]
    }
  }, 
  {
    "pk": 88, 
    "model": "core.assignmentgroup", 
    "fields": {
      "status": 3, 
      "is_passing_grade": true, 
      "name": null, 
      "parentnode": 8, 
      "scaled_points": 0.0, 
      "points": 0, 
      "is_open": true, 
      "examiners": [
        35
      ]
    }
  }, 
  {
    "pk": 89, 
    "model": "core.assignmentgroup", 
    "fields": {
      "status": 3, 
      "is_passing_grade": true, 
      "name": null, 
      "parentnode": 8, 
      "scaled_points": 0.0, 
      "points": 0, 
      "is_open": true, 
      "examiners": [
        34
      ]
    }
  }, 
  {
    "pk": 90, 
    "model": "core.assignmentgroup", 
    "fields": {
      "status": 3, 
      "is_passing_grade": true, 
      "name": null, 
      "parentnode": 8, 
      "scaled_points": 0.0, 
      "points": 0, 
      "is_open": true, 
      "examiners": [
        35
      ]
    }
  }, 
  {
    "pk": 91, 
    "model": "core.assignmentgroup", 
    "fields": {
      "status": 3, 
      "is_passing_grade": true, 
      "name": null, 
      "parentnode": 8, 
      "scaled_points": 0.0, 
      "points": 0, 
      "is_open": true, 
      "examiners": [
        34
      ]
    }
  }, 
  {
    "pk": 92, 
    "model": "core.assignmentgroup", 
    "fields": {
      "status": 3, 
      "is_passing_grade": true, 
      "name": null, 
      "parentnode": 8, 
      "scaled_points": 1.0, 
      "points": 1, 
      "is_open": true, 
      "examiners": [
        35
      ]
    }
  }, 
  {
    "pk": 93, 
    "model": "core.assignmentgroup", 
    "fields": {
      "status": 3, 
      "is_passing_grade": true, 
      "name": null, 
      "parentnode": 8, 
      "scaled_points": 1.0, 
      "points": 1, 
      "is_open": true, 
      "examiners": [
        34
      ]
    }
  }, 
  {
    "pk": 94, 
    "model": "core.assignmentgroup", 
    "fields": {
      "status": 3, 
      "is_passing_grade": true, 
      "name": null, 
      "parentnode": 8, 
      "scaled_points": 1.0, 
      "points": 1, 
      "is_open": true, 
      "examiners": [
        35
      ]
    }
  }, 
  {
    "pk": 95, 
    "model": "core.assignmentgroup", 
    "fields": {
      "status": 3, 
      "is_passing_grade": true, 
      "name": null, 
      "parentnode": 8, 
      "scaled_points": 1.0, 
      "points": 1, 
      "is_open": true, 
      "examiners": [
        34
      ]
    }
  }, 
  {
    "pk": 96, 
    "model": "core.assignmentgroup", 
    "fields": {
      "status": 3, 
      "is_passing_grade": true, 
      "name": null, 
      "parentnode": 8, 
      "scaled_points": 1.0, 
      "points": 1, 
      "is_open": true, 
      "examiners": [
        35
      ]
    }
  }, 
  {
    "pk": 97, 
    "model": "core.assignmentgroup", 
    "fields": {
      "status": 0, 
      "is_passing_grade": false, 
      "name": null, 
      "parentnode": 9, 
      "scaled_points": 0.0, 
      "points": 0, 
      "is_open": true, 
      "examiners": [
        34
      ]
    }
  }, 
  {
    "pk": 98, 
    "model": "core.assignmentgroup", 
    "fields": {
      "status": 0, 
      "is_passing_grade": false, 
      "name": null, 
      "parentnode": 9, 
      "scaled_points": 0.0, 
      "points": 0, 
      "is_open": true, 
      "examiners": [
        35
      ]
    }
  }, 
  {
    "pk": 99, 
    "model": "core.assignmentgroup", 
    "fields": {
      "status": 0, 
      "is_passing_grade": false, 
      "name": null, 
      "parentnode": 9, 
      "scaled_points": 0.0, 
      "points": 0, 
      "is_open": true, 
      "examiners": [
        34
      ]
    }
  }, 
  {
    "pk": 100, 
    "model": "core.assignmentgroup", 
    "fields": {
      "status": 0, 
      "is_passing_grade": false, 
      "name": null, 
      "parentnode": 9, 
      "scaled_points": 0.0, 
      "points": 0, 
      "is_open": true, 
      "examiners": [
        35
      ]
    }
  }, 
  {
    "pk": 101, 
    "model": "core.assignmentgroup", 
    "fields": {
      "status": 1, 
      "is_passing_grade": false, 
      "name": null, 
      "parentnode": 9, 
      "scaled_points": 0.0, 
      "points": 0, 
      "is_open": true, 
      "examiners": [
        34
      ]
    }
  }, 
  {
    "pk": 102, 
    "model": "core.assignmentgroup", 
    "fields": {
      "status": 1, 
      "is_passing_grade": false, 
      "name": null, 
      "parentnode": 9, 
      "scaled_points": 0.0, 
      "points": 0, 
      "is_open": true, 
      "examiners": [
        35
      ]
    }
  }, 
  {
    "pk": 103, 
    "model": "core.assignmentgroup", 
    "fields": {
      "status": 0, 
      "is_passing_grade": false, 
      "name": null, 
      "parentnode": 9, 
      "scaled_points": 0.0, 
      "points": 0, 
      "is_open": true, 
      "examiners": [
        34
      ]
    }
  }, 
  {
    "pk": 104, 
    "model": "core.assignmentgroup", 
    "fields": {
      "status": 1, 
      "is_passing_grade": false, 
      "name": null, 
      "parentnode": 9, 
      "scaled_points": 0.0, 
      "points": 0, 
      "is_open": true, 
      "examiners": [
        35
      ]
    }
  }, 
  {
    "pk": 105, 
    "model": "core.assignmentgroup", 
    "fields": {
      "status": 0, 
      "is_passing_grade": false, 
      "name": null, 
      "parentnode": 9, 
      "scaled_points": 0.0, 
      "points": 0, 
      "is_open": true, 
      "examiners": [
        34
      ]
    }
  }, 
  {
    "pk": 106, 
    "model": "core.assignmentgroup", 
    "fields": {
      "status": 1, 
      "is_passing_grade": false, 
      "name": null, 
      "parentnode": 9, 
      "scaled_points": 0.0, 
      "points": 0, 
      "is_open": true, 
      "examiners": [
        35
      ]
    }
  }, 
  {
    "pk": 107, 
    "model": "core.assignmentgroup", 
    "fields": {
      "status": 0, 
      "is_passing_grade": false, 
      "name": null, 
      "parentnode": 9, 
      "scaled_points": 0.0, 
      "points": 0, 
      "is_open": true, 
      "examiners": [
        34
      ]
    }
  }, 
  {
    "pk": 108, 
    "model": "core.assignmentgroup", 
    "fields": {
      "status": 0, 
      "is_passing_grade": false, 
      "name": null, 
      "parentnode": 9, 
      "scaled_points": 0.0, 
      "points": 0, 
      "is_open": true, 
      "examiners": [
        35
      ]
    }
  }, 
  {
    "pk": 97, 
    "model": "core.deadline", 
    "fields": {
      "text": null, 
      "deadline": "2011-06-05 16:23:48", 
      "assignment_group": 97
    }
  }, 
  {
    "pk": 98, 
    "model": "core.deadline", 
    "fields": {
      "text": null, 
      "deadline": "2011-06-05 16:23:48", 
      "assignment_group": 98
    }
  }, 
  {
    "pk": 99, 
    "model": "core.deadline", 
    "fields": {
      "text": null, 
      "deadline": "2011-06-05 16:23:48", 
      "assignment_group": 99
    }
  }, 
  {
    "pk": 100, 
    "model": "core.deadline", 
    "fields": {
      "text": null, 
      "deadline": "2011-06-05 16:23:48", 
      "assignment_group": 100
    }
  }, 
  {
    "pk": 101, 
    "model": "core.deadline", 
    "fields": {
      "text": null, 
      "deadline": "2011-06-05 16:23:48", 
      "assignment_group": 101
    }
  }, 
  {
    "pk": 102, 
    "model": "core.deadline", 
    "fields": {
      "text": null, 
      "deadline": "2011-06-05 16:23:48", 
      "assignment_group": 102
    }
  }, 
  {
    "pk": 103, 
    "model": "core.deadline", 
    "fields": {
      "text": null, 
      "deadline": "2011-06-05 16:23:48", 
      "assignment_group": 103
    }
  }, 
  {
    "pk": 104, 
    "model": "core.deadline", 
    "fields": {
      "text": null, 
      "deadline": "2011-06-05 16:23:48", 
      "assignment_group": 104
    }
  }, 
  {
    "pk": 105, 
    "model": "core.deadline", 
    "fields": {
      "text": null, 
      "deadline": "2011-06-05 16:23:48", 
      "assignment_group": 105
    }
  }, 
  {
    "pk": 106, 
    "model": "core.deadline", 
    "fields": {
      "text": null, 
      "deadline": "2011-06-05 16:23:48", 
      "assignment_group": 106
    }
  }, 
  {
    "pk": 107, 
    "model": "core.deadline", 
    "fields": {
      "text": null, 
      "deadline": "2011-06-05 16:23:48", 
      "assignment_group": 107
    }
  }, 
  {
    "pk": 108, 
    "model": "core.deadline", 
    "fields": {
      "text": null, 
      "deadline": "2011-06-05 16:23:48", 
      "assignment_group": 108
    }
  }, 
  {
    "pk": 73, 
    "model": "core.deadline", 
    "fields": {
      "text": null, 
      "deadline": "2011-06-01 16:23:45", 
      "assignment_group": 73
    }
  }, 
  {
    "pk": 74, 
    "model": "core.deadline", 
    "fields": {
      "text": null, 
      "deadline": "2011-06-01 16:23:45", 
      "assignment_group": 74
    }
  }, 
  {
    "pk": 75, 
    "model": "core.deadline", 
    "fields": {
      "text": null, 
      "deadline": "2011-06-01 16:23:45", 
      "assignment_group": 75
    }
  }, 
  {
    "pk": 76, 
    "model": "core.deadline", 
    "fields": {
      "text": null, 
      "deadline": "2011-06-01 16:23:45", 
      "assignment_group": 76
    }
  }, 
  {
    "pk": 77, 
    "model": "core.deadline", 
    "fields": {
      "text": null, 
      "deadline": "2011-06-01 16:23:45", 
      "assignment_group": 77
    }
  }, 
  {
    "pk": 78, 
    "model": "core.deadline", 
    "fields": {
      "text": null, 
      "deadline": "2011-06-01 16:23:45", 
      "assignment_group": 78
    }
  }, 
  {
    "pk": 79, 
    "model": "core.deadline", 
    "fields": {
      "text": null, 
      "deadline": "2011-06-01 16:23:45", 
      "assignment_group": 79
    }
  }, 
  {
    "pk": 80, 
    "model": "core.deadline", 
    "fields": {
      "text": null, 
      "deadline": "2011-06-01 16:23:45", 
      "assignment_group": 80
    }
  }, 
  {
    "pk": 81, 
    "model": "core.deadline", 
    "fields": {
      "text": null, 
      "deadline": "2011-06-01 16:23:45", 
      "assignment_group": 81
    }
  }, 
  {
    "pk": 82, 
    "model": "core.deadline", 
    "fields": {
      "text": null, 
      "deadline": "2011-06-01 16:23:45", 
      "assignment_group": 82
    }
  }, 
  {
    "pk": 83, 
    "model": "core.deadline", 
    "fields": {
      "text": null, 
      "deadline": "2011-06-01 16:23:45", 
      "assignment_group": 83
    }
  }, 
  {
    "pk": 84, 
    "model": "core.deadline", 
    "fields": {
      "text": null, 
      "deadline": "2011-06-01 16:23:45", 
      "assignment_group": 84
    }
  }, 
  {
    "pk": 37, 
    "model": "core.deadline", 
    "fields": {
      "text": null, 
      "deadline": "2011-06-01 16:23:38", 
      "assignment_group": 37
    }
  }, 
  {
    "pk": 38, 
    "model": "core.deadline", 
    "fields": {
      "text": null, 
      "deadline": "2011-06-01 16:23:38", 
      "assignment_group": 38
    }
  }, 
  {
    "pk": 39, 
    "model": "core.deadline", 
    "fields": {
      "text": null, 
      "deadline": "2011-06-01 16:23:38", 
      "assignment_group": 39
    }
  }, 
  {
    "pk": 40, 
    "model": "core.deadline", 
    "fields": {
      "text": null, 
      "deadline": "2011-06-01 16:23:38", 
      "assignment_group": 40
    }
  }, 
  {
    "pk": 41, 
    "model": "core.deadline", 
    "fields": {
      "text": null, 
      "deadline": "2011-06-01 16:23:38", 
      "assignment_group": 41
    }
  }, 
  {
    "pk": 42, 
    "model": "core.deadline", 
    "fields": {
      "text": null, 
      "deadline": "2011-06-01 16:23:38", 
      "assignment_group": 42
    }
  }, 
  {
    "pk": 43, 
    "model": "core.deadline", 
    "fields": {
      "text": null, 
      "deadline": "2011-06-01 16:23:38", 
      "assignment_group": 43
    }
  }, 
  {
    "pk": 44, 
    "model": "core.deadline", 
    "fields": {
      "text": null, 
      "deadline": "2011-06-01 16:23:38", 
      "assignment_group": 44
    }
  }, 
  {
    "pk": 45, 
    "model": "core.deadline", 
    "fields": {
      "text": null, 
      "deadline": "2011-06-01 16:23:38", 
      "assignment_group": 45
    }
  }, 
  {
    "pk": 46, 
    "model": "core.deadline", 
    "fields": {
      "text": null, 
      "deadline": "2011-06-01 16:23:38", 
      "assignment_group": 46
    }
  }, 
  {
    "pk": 47, 
    "model": "core.deadline", 
    "fields": {
      "text": null, 
      "deadline": "2011-06-01 16:23:38", 
      "assignment_group": 47
    }
  }, 
  {
    "pk": 48, 
    "model": "core.deadline", 
    "fields": {
      "text": null, 
      "deadline": "2011-06-01 16:23:38", 
      "assignment_group": 48
    }
  }, 
  {
    "pk": 25, 
    "model": "core.deadline", 
    "fields": {
      "text": null, 
      "deadline": "2011-05-26 16:23:36", 
      "assignment_group": 25
    }
  }, 
  {
    "pk": 26, 
    "model": "core.deadline", 
    "fields": {
      "text": null, 
      "deadline": "2011-05-26 16:23:36", 
      "assignment_group": 26
    }
  }, 
  {
    "pk": 27, 
    "model": "core.deadline", 
    "fields": {
      "text": null, 
      "deadline": "2011-05-26 16:23:36", 
      "assignment_group": 27
    }
  }, 
  {
    "pk": 28, 
    "model": "core.deadline", 
    "fields": {
      "text": null, 
      "deadline": "2011-05-26 16:23:36", 
      "assignment_group": 28
    }
  }, 
  {
    "pk": 29, 
    "model": "core.deadline", 
    "fields": {
      "text": null, 
      "deadline": "2011-05-26 16:23:36", 
      "assignment_group": 29
    }
  }, 
  {
    "pk": 30, 
    "model": "core.deadline", 
    "fields": {
      "text": null, 
      "deadline": "2011-05-26 16:23:36", 
      "assignment_group": 30
    }
  }, 
  {
    "pk": 31, 
    "model": "core.deadline", 
    "fields": {
      "text": null, 
      "deadline": "2011-05-26 16:23:36", 
      "assignment_group": 31
    }
  }, 
  {
    "pk": 32, 
    "model": "core.deadline", 
    "fields": {
      "text": null, 
      "deadline": "2011-05-26 16:23:36", 
      "assignment_group": 32
    }
  }, 
  {
    "pk": 33, 
    "model": "core.deadline", 
    "fields": {
      "text": null, 
      "deadline": "2011-05-26 16:23:36", 
      "assignment_group": 33
    }
  }, 
  {
    "pk": 34, 
    "model": "core.deadline", 
    "fields": {
      "text": null, 
      "deadline": "2011-05-26 16:23:36", 
      "assignment_group": 34
    }
  }, 
  {
    "pk": 35, 
    "model": "core.deadline", 
    "fields": {
      "text": null, 
      "deadline": "2011-05-26 16:23:36", 
      "assignment_group": 35
    }
  }, 
  {
    "pk": 36, 
    "model": "core.deadline", 
    "fields": {
      "text": null, 
      "deadline": "2011-05-26 16:23:36", 
      "assignment_group": 36
    }
  }, 
  {
    "pk": 61, 
    "model": "core.deadline", 
    "fields": {
      "text": null, 
      "deadline": "2011-05-15 16:23:42", 
      "assignment_group": 61
    }
  }, 
  {
    "pk": 62, 
    "model": "core.deadline", 
    "fields": {
      "text": null, 
      "deadline": "2011-05-15 16:23:42", 
      "assignment_group": 62
    }
  }, 
  {
    "pk": 63, 
    "model": "core.deadline", 
    "fields": {
      "text": null, 
      "deadline": "2011-05-15 16:23:42", 
      "assignment_group": 63
    }
  }, 
  {
    "pk": 64, 
    "model": "core.deadline", 
    "fields": {
      "text": null, 
      "deadline": "2011-05-15 16:23:42", 
      "assignment_group": 64
    }
  }, 
  {
    "pk": 65, 
    "model": "core.deadline", 
    "fields": {
      "text": null, 
      "deadline": "2011-05-15 16:23:42", 
      "assignment_group": 65
    }
  }, 
  {
    "pk": 66, 
    "model": "core.deadline", 
    "fields": {
      "text": null, 
      "deadline": "2011-05-15 16:23:42", 
      "assignment_group": 66
    }
  }, 
  {
    "pk": 67, 
    "model": "core.deadline", 
    "fields": {
      "text": null, 
      "deadline": "2011-05-15 16:23:42", 
      "assignment_group": 67
    }
  }, 
  {
    "pk": 68, 
    "model": "core.deadline", 
    "fields": {
      "text": null, 
      "deadline": "2011-05-15 16:23:42", 
      "assignment_group": 68
    }
  }, 
  {
    "pk": 69, 
    "model": "core.deadline", 
    "fields": {
      "text": null, 
      "deadline": "2011-05-15 16:23:42", 
      "assignment_group": 69
    }
  }, 
  {
    "pk": 70, 
    "model": "core.deadline", 
    "fields": {
      "text": null, 
      "deadline": "2011-05-15 16:23:42", 
      "assignment_group": 70
    }
  }, 
  {
    "pk": 71, 
    "model": "core.deadline", 
    "fields": {
      "text": null, 
      "deadline": "2011-05-15 16:23:42", 
      "assignment_group": 71
    }
  }, 
  {
    "pk": 72, 
    "model": "core.deadline", 
    "fields": {
      "text": null, 
      "deadline": "2011-05-15 16:23:42", 
      "assignment_group": 72
    }
  }, 
  {
    "pk": 13, 
    "model": "core.deadline", 
    "fields": {
      "text": null, 
      "deadline": "2011-05-15 16:23:34", 
      "assignment_group": 13
    }
  }, 
  {
    "pk": 14, 
    "model": "core.deadline", 
    "fields": {
      "text": null, 
      "deadline": "2011-05-15 16:23:34", 
      "assignment_group": 14
    }
  }, 
  {
    "pk": 15, 
    "model": "core.deadline", 
    "fields": {
      "text": null, 
      "deadline": "2011-05-15 16:23:34", 
      "assignment_group": 15
    }
  }, 
  {
    "pk": 16, 
    "model": "core.deadline", 
    "fields": {
      "text": null, 
      "deadline": "2011-05-15 16:23:34", 
      "assignment_group": 16
    }
  }, 
  {
    "pk": 17, 
    "model": "core.deadline", 
    "fields": {
      "text": null, 
      "deadline": "2011-05-15 16:23:34", 
      "assignment_group": 17
    }
  }, 
  {
    "pk": 18, 
    "model": "core.deadline", 
    "fields": {
      "text": null, 
      "deadline": "2011-05-15 16:23:34", 
      "assignment_group": 18
    }
  }, 
  {
    "pk": 19, 
    "model": "core.deadline", 
    "fields": {
      "text": null, 
      "deadline": "2011-05-15 16:23:34", 
      "assignment_group": 19
    }
  }, 
  {
    "pk": 20, 
    "model": "core.deadline", 
    "fields": {
      "text": null, 
      "deadline": "2011-05-15 16:23:34", 
      "assignment_group": 20
    }
  }, 
  {
    "pk": 21, 
    "model": "core.deadline", 
    "fields": {
      "text": null, 
      "deadline": "2011-05-15 16:23:34", 
      "assignment_group": 21
    }
  }, 
  {
    "pk": 22, 
    "model": "core.deadline", 
    "fields": {
      "text": null, 
      "deadline": "2011-05-15 16:23:34", 
      "assignment_group": 22
    }
  }, 
  {
    "pk": 23, 
    "model": "core.deadline", 
    "fields": {
      "text": null, 
      "deadline": "2011-05-15 16:23:34", 
      "assignment_group": 23
    }
  }, 
  {
    "pk": 24, 
    "model": "core.deadline", 
    "fields": {
      "text": null, 
      "deadline": "2011-05-15 16:23:34", 
      "assignment_group": 24
    }
  }, 
  {
    "pk": 85, 
    "model": "core.deadline", 
    "fields": {
      "text": null, 
      "deadline": "2011-05-05 16:23:46", 
      "assignment_group": 85
    }
  }, 
  {
    "pk": 86, 
    "model": "core.deadline", 
    "fields": {
      "text": null, 
      "deadline": "2011-05-05 16:23:46", 
      "assignment_group": 86
    }
  }, 
  {
    "pk": 87, 
    "model": "core.deadline", 
    "fields": {
      "text": null, 
      "deadline": "2011-05-05 16:23:46", 
      "assignment_group": 87
    }
  }, 
  {
    "pk": 88, 
    "model": "core.deadline", 
    "fields": {
      "text": null, 
      "deadline": "2011-05-05 16:23:46", 
      "assignment_group": 88
    }
  }, 
  {
    "pk": 89, 
    "model": "core.deadline", 
    "fields": {
      "text": null, 
      "deadline": "2011-05-05 16:23:46", 
      "assignment_group": 89
    }
  }, 
  {
    "pk": 90, 
    "model": "core.deadline", 
    "fields": {
      "text": null, 
      "deadline": "2011-05-05 16:23:46", 
      "assignment_group": 90
    }
  }, 
  {
    "pk": 91, 
    "model": "core.deadline", 
    "fields": {
      "text": null, 
      "deadline": "2011-05-05 16:23:46", 
      "assignment_group": 91
    }
  }, 
  {
    "pk": 92, 
    "model": "core.deadline", 
    "fields": {
      "text": null, 
      "deadline": "2011-05-05 16:23:46", 
      "assignment_group": 92
    }
  }, 
  {
    "pk": 93, 
    "model": "core.deadline", 
    "fields": {
      "text": null, 
      "deadline": "2011-05-05 16:23:46", 
      "assignment_group": 93
    }
  }, 
  {
    "pk": 94, 
    "model": "core.deadline", 
    "fields": {
      "text": null, 
      "deadline": "2011-05-05 16:23:46", 
      "assignment_group": 94
    }
  }, 
  {
    "pk": 95, 
    "model": "core.deadline", 
    "fields": {
      "text": null, 
      "deadline": "2011-05-05 16:23:46", 
      "assignment_group": 95
    }
  }, 
  {
    "pk": 96, 
    "model": "core.deadline", 
    "fields": {
      "text": null, 
      "deadline": "2011-05-05 16:23:46", 
      "assignment_group": 96
    }
  }, 
  {
    "pk": 49, 
    "model": "core.deadline", 
    "fields": {
      "text": null, 
      "deadline": "2011-05-05 16:23:40", 
      "assignment_group": 49
    }
  }, 
  {
    "pk": 50, 
    "model": "core.deadline", 
    "fields": {
      "text": null, 
      "deadline": "2011-05-05 16:23:40", 
      "assignment_group": 50
    }
  }, 
  {
    "pk": 51, 
    "model": "core.deadline", 
    "fields": {
      "text": null, 
      "deadline": "2011-05-05 16:23:40", 
      "assignment_group": 51
    }
  }, 
  {
    "pk": 52, 
    "model": "core.deadline", 
    "fields": {
      "text": null, 
      "deadline": "2011-05-05 16:23:40", 
      "assignment_group": 52
    }
  }, 
  {
    "pk": 53, 
    "model": "core.deadline", 
    "fields": {
      "text": null, 
      "deadline": "2011-05-05 16:23:40", 
      "assignment_group": 53
    }
  }, 
  {
    "pk": 54, 
    "model": "core.deadline", 
    "fields": {
      "text": null, 
      "deadline": "2011-05-05 16:23:40", 
      "assignment_group": 54
    }
  }, 
  {
    "pk": 55, 
    "model": "core.deadline", 
    "fields": {
      "text": null, 
      "deadline": "2011-05-05 16:23:40", 
      "assignment_group": 55
    }
  }, 
  {
    "pk": 56, 
    "model": "core.deadline", 
    "fields": {
      "text": null, 
      "deadline": "2011-05-05 16:23:40", 
      "assignment_group": 56
    }
  }, 
  {
    "pk": 57, 
    "model": "core.deadline", 
    "fields": {
      "text": null, 
      "deadline": "2011-05-05 16:23:40", 
      "assignment_group": 57
    }
  }, 
  {
    "pk": 58, 
    "model": "core.deadline", 
    "fields": {
      "text": null, 
      "deadline": "2011-05-05 16:23:40", 
      "assignment_group": 58
    }
  }, 
  {
    "pk": 59, 
    "model": "core.deadline", 
    "fields": {
      "text": null, 
      "deadline": "2011-05-05 16:23:40", 
      "assignment_group": 59
    }
  }, 
  {
    "pk": 60, 
    "model": "core.deadline", 
    "fields": {
      "text": null, 
      "deadline": "2011-05-05 16:23:40", 
      "assignment_group": 60
    }
  }, 
  {
    "pk": 1, 
    "model": "core.deadline", 
    "fields": {
      "text": null, 
      "deadline": "2011-05-05 16:23:31", 
      "assignment_group": 1
    }
  }, 
  {
    "pk": 2, 
    "model": "core.deadline", 
    "fields": {
      "text": null, 
      "deadline": "2011-05-05 16:23:31", 
      "assignment_group": 2
    }
  }, 
  {
    "pk": 3, 
    "model": "core.deadline", 
    "fields": {
      "text": null, 
      "deadline": "2011-05-05 16:23:31", 
      "assignment_group": 3
    }
  }, 
  {
    "pk": 4, 
    "model": "core.deadline", 
    "fields": {
      "text": null, 
      "deadline": "2011-05-05 16:23:31", 
      "assignment_group": 4
    }
  }, 
  {
    "pk": 5, 
    "model": "core.deadline", 
    "fields": {
      "text": null, 
      "deadline": "2011-05-05 16:23:31", 
      "assignment_group": 5
    }
  }, 
  {
    "pk": 6, 
    "model": "core.deadline", 
    "fields": {
      "text": null, 
      "deadline": "2011-05-05 16:23:31", 
      "assignment_group": 6
    }
  }, 
  {
    "pk": 7, 
    "model": "core.deadline", 
    "fields": {
      "text": null, 
      "deadline": "2011-05-05 16:23:31", 
      "assignment_group": 7
    }
  }, 
  {
    "pk": 8, 
    "model": "core.deadline", 
    "fields": {
      "text": null, 
      "deadline": "2011-05-05 16:23:31", 
      "assignment_group": 8
    }
  }, 
  {
    "pk": 9, 
    "model": "core.deadline", 
    "fields": {
      "text": null, 
      "deadline": "2011-05-05 16:23:31", 
      "assignment_group": 9
    }
  }, 
  {
    "pk": 10, 
    "model": "core.deadline", 
    "fields": {
      "text": null, 
      "deadline": "2011-05-05 16:23:31", 
      "assignment_group": 10
    }
  }, 
  {
    "pk": 11, 
    "model": "core.deadline", 
    "fields": {
      "text": null, 
      "deadline": "2011-05-05 16:23:31", 
      "assignment_group": 11
    }
  }, 
  {
    "pk": 12, 
    "model": "core.deadline", 
    "fields": {
      "text": null, 
      "deadline": "2011-05-05 16:23:31", 
      "assignment_group": 12
    }
  }, 
  {
    "pk": 123, 
    "model": "core.delivery", 
    "fields": {
      "delivered_by": 31, 
      "successful": true, 
      "time_of_delivery": "2011-06-04 00:06:49", 
      "number": 2, 
      "assignment_group": 106
    }
  }, 
  {
    "pk": 122, 
    "model": "core.delivery", 
    "fields": {
      "delivered_by": 31, 
      "successful": true, 
      "time_of_delivery": "2011-06-03 23:42:49", 
      "number": 1, 
      "assignment_group": 106
    }
  }, 
  {
    "pk": 120, 
    "model": "core.delivery", 
    "fields": {
      "delivered_by": 27, 
      "successful": true, 
      "time_of_delivery": "2011-06-03 19:31:49", 
      "number": 1, 
      "assignment_group": 102
    }
  }, 
  {
    "pk": 119, 
    "model": "core.delivery", 
    "fields": {
      "delivered_by": 26, 
      "successful": true, 
      "time_of_delivery": "2011-06-03 17:00:49", 
      "number": 1, 
      "assignment_group": 101
    }
  }, 
  {
    "pk": 121, 
    "model": "core.delivery", 
    "fields": {
      "delivered_by": 29, 
      "successful": true, 
      "time_of_delivery": "2011-06-03 15:45:49", 
      "number": 1, 
      "assignment_group": 104
    }
  }, 
  {
    "pk": 47, 
    "model": "core.delivery", 
    "fields": {
      "delivered_by": 22, 
      "successful": true, 
      "time_of_delivery": "2011-06-01 20:26:38", 
      "number": 4, 
      "assignment_group": 37
    }
  }, 
  {
    "pk": 46, 
    "model": "core.delivery", 
    "fields": {
      "delivered_by": 22, 
      "successful": true, 
      "time_of_delivery": "2011-06-01 19:23:38", 
      "number": 3, 
      "assignment_group": 37
    }
  }, 
  {
    "pk": 45, 
    "model": "core.delivery", 
    "fields": {
      "delivered_by": 22, 
      "successful": true, 
      "time_of_delivery": "2011-06-01 18:10:38", 
      "number": 2, 
      "assignment_group": 37
    }
  }, 
  {
    "pk": 101, 
    "model": "core.delivery", 
    "fields": {
      "delivered_by": 30, 
      "successful": true, 
      "time_of_delivery": "2011-06-01 16:58:45", 
      "number": 2, 
      "assignment_group": 81
    }
  }, 
  {
    "pk": 44, 
    "model": "core.delivery", 
    "fields": {
      "delivered_by": 22, 
      "successful": true, 
      "time_of_delivery": "2011-06-01 16:41:38", 
      "number": 1, 
      "assignment_group": 37
    }
  }, 
  {
    "pk": 51, 
    "model": "core.delivery", 
    "fields": {
      "delivered_by": 27, 
      "successful": true, 
      "time_of_delivery": "2011-06-01 16:36:38", 
      "number": 1, 
      "assignment_group": 42
    }
  }, 
  {
    "pk": 93, 
    "model": "core.delivery", 
    "fields": {
      "delivered_by": 24, 
      "successful": true, 
      "time_of_delivery": "2011-06-01 16:33:45", 
      "number": 1, 
      "assignment_group": 75
    }
  }, 
  {
    "pk": 53, 
    "model": "core.delivery", 
    "fields": {
      "delivered_by": 29, 
      "successful": true, 
      "time_of_delivery": "2011-06-01 16:32:38", 
      "number": 1, 
      "assignment_group": 44
    }
  }, 
  {
    "pk": 100, 
    "model": "core.delivery", 
    "fields": {
      "delivered_by": 30, 
      "successful": true, 
      "time_of_delivery": "2011-06-01 16:12:45", 
      "number": 1, 
      "assignment_group": 81
    }
  }, 
  {
    "pk": 99, 
    "model": "core.delivery", 
    "fields": {
      "delivered_by": 29, 
      "successful": true, 
      "time_of_delivery": "2011-06-01 16:00:45", 
      "number": 2, 
      "assignment_group": 80
    }
  }, 
  {
    "pk": 98, 
    "model": "core.delivery", 
    "fields": {
      "delivered_by": 29, 
      "successful": true, 
      "time_of_delivery": "2011-06-01 15:43:45", 
      "number": 1, 
      "assignment_group": 80
    }
  }, 
  {
    "pk": 61, 
    "model": "core.delivery", 
    "fields": {
      "delivered_by": 33, 
      "successful": true, 
      "time_of_delivery": "2011-06-01 15:28:38", 
      "number": 1, 
      "assignment_group": 48
    }
  }, 
  {
    "pk": 60, 
    "model": "core.delivery", 
    "fields": {
      "delivered_by": 32, 
      "successful": true, 
      "time_of_delivery": "2011-06-01 15:14:38", 
      "number": 5, 
      "assignment_group": 47
    }
  }, 
  {
    "pk": 48, 
    "model": "core.delivery", 
    "fields": {
      "delivered_by": 23, 
      "successful": true, 
      "time_of_delivery": "2011-06-01 15:02:38", 
      "number": 1, 
      "assignment_group": 38
    }
  }, 
  {
    "pk": 97, 
    "model": "core.delivery", 
    "fields": {
      "delivered_by": 28, 
      "successful": true, 
      "time_of_delivery": "2011-06-01 14:56:45", 
      "number": 1, 
      "assignment_group": 79
    }
  }, 
  {
    "pk": 59, 
    "model": "core.delivery", 
    "fields": {
      "delivered_by": 32, 
      "successful": true, 
      "time_of_delivery": "2011-06-01 13:09:38", 
      "number": 4, 
      "assignment_group": 47
    }
  }, 
  {
    "pk": 96, 
    "model": "core.delivery", 
    "fields": {
      "delivered_by": 27, 
      "successful": true, 
      "time_of_delivery": "2011-06-01 11:53:45", 
      "number": 1, 
      "assignment_group": 78
    }
  }, 
  {
    "pk": 103, 
    "model": "core.delivery", 
    "fields": {
      "delivered_by": 32, 
      "successful": true, 
      "time_of_delivery": "2011-06-01 10:43:45", 
      "number": 1, 
      "assignment_group": 83
    }
  }, 
  {
    "pk": 58, 
    "model": "core.delivery", 
    "fields": {
      "delivered_by": 32, 
      "successful": true, 
      "time_of_delivery": "2011-06-01 10:26:38", 
      "number": 3, 
      "assignment_group": 47
    }
  }, 
  {
    "pk": 95, 
    "model": "core.delivery", 
    "fields": {
      "delivered_by": 25, 
      "successful": true, 
      "time_of_delivery": "2011-06-01 09:32:45", 
      "number": 2, 
      "assignment_group": 76
    }
  }, 
  {
    "pk": 57, 
    "model": "core.delivery", 
    "fields": {
      "delivered_by": 32, 
      "successful": true, 
      "time_of_delivery": "2011-06-01 09:09:38", 
      "number": 2, 
      "assignment_group": 47
    }
  }, 
  {
    "pk": 94, 
    "model": "core.delivery", 
    "fields": {
      "delivered_by": 25, 
      "successful": true, 
      "time_of_delivery": "2011-06-01 08:55:45", 
      "number": 1, 
      "assignment_group": 76
    }
  }, 
  {
    "pk": 55, 
    "model": "core.delivery", 
    "fields": {
      "delivered_by": 31, 
      "successful": true, 
      "time_of_delivery": "2011-06-01 08:22:38", 
      "number": 1, 
      "assignment_group": 46
    }
  }, 
  {
    "pk": 56, 
    "model": "core.delivery", 
    "fields": {
      "delivered_by": 32, 
      "successful": true, 
      "time_of_delivery": "2011-06-01 07:53:38", 
      "number": 1, 
      "assignment_group": 47
    }
  }, 
  {
    "pk": 104, 
    "model": "core.delivery", 
    "fields": {
      "delivered_by": 33, 
      "successful": true, 
      "time_of_delivery": "2011-06-01 07:25:45", 
      "number": 1, 
      "assignment_group": 84
    }
  }, 
  {
    "pk": 54, 
    "model": "core.delivery", 
    "fields": {
      "delivered_by": 30, 
      "successful": true, 
      "time_of_delivery": "2011-06-01 06:03:38", 
      "number": 1, 
      "assignment_group": 45
    }
  }, 
  {
    "pk": 102, 
    "model": "core.delivery", 
    "fields": {
      "delivered_by": 31, 
      "successful": true, 
      "time_of_delivery": "2011-06-01 04:13:45", 
      "number": 1, 
      "assignment_group": 82
    }
  }, 
  {
    "pk": 92, 
    "model": "core.delivery", 
    "fields": {
      "delivered_by": 23, 
      "successful": true, 
      "time_of_delivery": "2011-06-01 03:49:45", 
      "number": 1, 
      "assignment_group": 74
    }
  }, 
  {
    "pk": 91, 
    "model": "core.delivery", 
    "fields": {
      "delivered_by": 22, 
      "successful": true, 
      "time_of_delivery": "2011-06-01 02:12:45", 
      "number": 1, 
      "assignment_group": 73
    }
  }, 
  {
    "pk": 50, 
    "model": "core.delivery", 
    "fields": {
      "delivered_by": 26, 
      "successful": true, 
      "time_of_delivery": "2011-06-01 01:39:38", 
      "number": 1, 
      "assignment_group": 41
    }
  }, 
  {
    "pk": 49, 
    "model": "core.delivery", 
    "fields": {
      "delivered_by": 24, 
      "successful": true, 
      "time_of_delivery": "2011-06-01 01:31:38", 
      "number": 1, 
      "assignment_group": 39
    }
  }, 
  {
    "pk": 52, 
    "model": "core.delivery", 
    "fields": {
      "delivered_by": 28, 
      "successful": true, 
      "time_of_delivery": "2011-06-01 01:01:38", 
      "number": 1, 
      "assignment_group": 43
    }
  }, 
  {
    "pk": 33, 
    "model": "core.delivery", 
    "fields": {
      "delivered_by": 25, 
      "successful": true, 
      "time_of_delivery": "2011-05-26 19:18:36", 
      "number": 4, 
      "assignment_group": 28
    }
  }, 
  {
    "pk": 32, 
    "model": "core.delivery", 
    "fields": {
      "delivered_by": 25, 
      "successful": true, 
      "time_of_delivery": "2011-05-26 19:04:36", 
      "number": 3, 
      "assignment_group": 28
    }
  }, 
  {
    "pk": 31, 
    "model": "core.delivery", 
    "fields": {
      "delivered_by": 25, 
      "successful": true, 
      "time_of_delivery": "2011-05-26 17:31:36", 
      "number": 2, 
      "assignment_group": 28
    }
  }, 
  {
    "pk": 30, 
    "model": "core.delivery", 
    "fields": {
      "delivered_by": 25, 
      "successful": true, 
      "time_of_delivery": "2011-05-26 16:33:36", 
      "number": 1, 
      "assignment_group": 28
    }
  }, 
  {
    "pk": 39, 
    "model": "core.delivery", 
    "fields": {
      "delivered_by": 30, 
      "successful": true, 
      "time_of_delivery": "2011-05-26 15:37:36", 
      "number": 1, 
      "assignment_group": 33
    }
  }, 
  {
    "pk": 41, 
    "model": "core.delivery", 
    "fields": {
      "delivered_by": 32, 
      "successful": true, 
      "time_of_delivery": "2011-05-26 13:22:36", 
      "number": 1, 
      "assignment_group": 35
    }
  }, 
  {
    "pk": 29, 
    "model": "core.delivery", 
    "fields": {
      "delivered_by": 24, 
      "successful": true, 
      "time_of_delivery": "2011-05-26 12:09:36", 
      "number": 1, 
      "assignment_group": 27
    }
  }, 
  {
    "pk": 28, 
    "model": "core.delivery", 
    "fields": {
      "delivered_by": 23, 
      "successful": true, 
      "time_of_delivery": "2011-05-26 10:28:36", 
      "number": 1, 
      "assignment_group": 26
    }
  }, 
  {
    "pk": 40, 
    "model": "core.delivery", 
    "fields": {
      "delivered_by": 31, 
      "successful": true, 
      "time_of_delivery": "2011-05-26 10:12:36", 
      "number": 1, 
      "assignment_group": 34
    }
  }, 
  {
    "pk": 36, 
    "model": "core.delivery", 
    "fields": {
      "delivered_by": 27, 
      "successful": true, 
      "time_of_delivery": "2011-05-26 07:53:36", 
      "number": 2, 
      "assignment_group": 30
    }
  }, 
  {
    "pk": 27, 
    "model": "core.delivery", 
    "fields": {
      "delivered_by": 22, 
      "successful": true, 
      "time_of_delivery": "2011-05-26 07:49:36", 
      "number": 1, 
      "assignment_group": 25
    }
  }, 
  {
    "pk": 34, 
    "model": "core.delivery", 
    "fields": {
      "delivered_by": 26, 
      "successful": true, 
      "time_of_delivery": "2011-05-26 06:14:36", 
      "number": 1, 
      "assignment_group": 29
    }
  }, 
  {
    "pk": 35, 
    "model": "core.delivery", 
    "fields": {
      "delivered_by": 27, 
      "successful": true, 
      "time_of_delivery": "2011-05-26 05:44:36", 
      "number": 1, 
      "assignment_group": 30
    }
  }, 
  {
    "pk": 37, 
    "model": "core.delivery", 
    "fields": {
      "delivered_by": 28, 
      "successful": true, 
      "time_of_delivery": "2011-05-26 03:38:36", 
      "number": 1, 
      "assignment_group": 31
    }
  }, 
  {
    "pk": 38, 
    "model": "core.delivery", 
    "fields": {
      "delivered_by": 29, 
      "successful": true, 
      "time_of_delivery": "2011-05-26 03:29:36", 
      "number": 1, 
      "assignment_group": 32
    }
  }, 
  {
    "pk": 43, 
    "model": "core.delivery", 
    "fields": {
      "delivered_by": 33, 
      "successful": true, 
      "time_of_delivery": "2011-05-26 02:56:36", 
      "number": 2, 
      "assignment_group": 36
    }
  }, 
  {
    "pk": 42, 
    "model": "core.delivery", 
    "fields": {
      "delivered_by": 33, 
      "successful": true, 
      "time_of_delivery": "2011-05-26 01:06:36", 
      "number": 1, 
      "assignment_group": 36
    }
  }, 
  {
    "pk": 88, 
    "model": "core.delivery", 
    "fields": {
      "delivered_by": 31, 
      "successful": true, 
      "time_of_delivery": "2011-05-15 16:40:42", 
      "number": 1, 
      "assignment_group": 70
    }
  }, 
  {
    "pk": 79, 
    "model": "core.delivery", 
    "fields": {
      "delivered_by": 25, 
      "successful": true, 
      "time_of_delivery": "2011-05-15 16:34:42", 
      "number": 1, 
      "assignment_group": 64
    }
  }, 
  {
    "pk": 26, 
    "model": "core.delivery", 
    "fields": {
      "delivered_by": 33, 
      "successful": true, 
      "time_of_delivery": "2011-05-15 16:12:34", 
      "number": 1, 
      "assignment_group": 24
    }
  }, 
  {
    "pk": 76, 
    "model": "core.delivery", 
    "fields": {
      "delivered_by": 22, 
      "successful": true, 
      "time_of_delivery": "2011-05-15 15:09:42", 
      "number": 1, 
      "assignment_group": 61
    }
  }, 
  {
    "pk": 84, 
    "model": "core.delivery", 
    "fields": {
      "delivered_by": 27, 
      "successful": true, 
      "time_of_delivery": "2011-05-15 15:09:42", 
      "number": 4, 
      "assignment_group": 66
    }
  }, 
  {
    "pk": 83, 
    "model": "core.delivery", 
    "fields": {
      "delivered_by": 27, 
      "successful": true, 
      "time_of_delivery": "2011-05-15 12:18:42", 
      "number": 3, 
      "assignment_group": 66
    }
  }, 
  {
    "pk": 19, 
    "model": "core.delivery", 
    "fields": {
      "delivered_by": 27, 
      "successful": true, 
      "time_of_delivery": "2011-05-15 12:00:34", 
      "number": 1, 
      "assignment_group": 18
    }
  }, 
  {
    "pk": 12, 
    "model": "core.delivery", 
    "fields": {
      "delivered_by": 22, 
      "successful": true, 
      "time_of_delivery": "2011-05-15 11:50:34", 
      "number": 1, 
      "assignment_group": 13
    }
  }, 
  {
    "pk": 85, 
    "model": "core.delivery", 
    "fields": {
      "delivered_by": 28, 
      "successful": true, 
      "time_of_delivery": "2011-05-15 11:37:42", 
      "number": 1, 
      "assignment_group": 67
    }
  }, 
  {
    "pk": 82, 
    "model": "core.delivery", 
    "fields": {
      "delivered_by": 27, 
      "successful": true, 
      "time_of_delivery": "2011-05-15 11:05:42", 
      "number": 2, 
      "assignment_group": 66
    }
  }, 
  {
    "pk": 86, 
    "model": "core.delivery", 
    "fields": {
      "delivered_by": 29, 
      "successful": true, 
      "time_of_delivery": "2011-05-15 11:05:42", 
      "number": 1, 
      "assignment_group": 68
    }
  }, 
  {
    "pk": 17, 
    "model": "core.delivery", 
    "fields": {
      "delivered_by": 25, 
      "successful": true, 
      "time_of_delivery": "2011-05-15 10:51:34", 
      "number": 1, 
      "assignment_group": 16
    }
  }, 
  {
    "pk": 77, 
    "model": "core.delivery", 
    "fields": {
      "delivered_by": 23, 
      "successful": true, 
      "time_of_delivery": "2011-05-15 09:39:42", 
      "number": 1, 
      "assignment_group": 62
    }
  }, 
  {
    "pk": 20, 
    "model": "core.delivery", 
    "fields": {
      "delivered_by": 28, 
      "successful": true, 
      "time_of_delivery": "2011-05-15 09:37:34", 
      "number": 1, 
      "assignment_group": 19
    }
  }, 
  {
    "pk": 81, 
    "model": "core.delivery", 
    "fields": {
      "delivered_by": 27, 
      "successful": true, 
      "time_of_delivery": "2011-05-15 09:26:42", 
      "number": 1, 
      "assignment_group": 66
    }
  }, 
  {
    "pk": 80, 
    "model": "core.delivery", 
    "fields": {
      "delivered_by": 26, 
      "successful": true, 
      "time_of_delivery": "2011-05-15 08:45:42", 
      "number": 1, 
      "assignment_group": 65
    }
  }, 
  {
    "pk": 22, 
    "model": "core.delivery", 
    "fields": {
      "delivered_by": 30, 
      "successful": true, 
      "time_of_delivery": "2011-05-15 07:47:34", 
      "number": 1, 
      "assignment_group": 21
    }
  }, 
  {
    "pk": 90, 
    "model": "core.delivery", 
    "fields": {
      "delivered_by": 33, 
      "successful": true, 
      "time_of_delivery": "2011-05-15 06:48:42", 
      "number": 1, 
      "assignment_group": 72
    }
  }, 
  {
    "pk": 89, 
    "model": "core.delivery", 
    "fields": {
      "delivered_by": 32, 
      "successful": true, 
      "time_of_delivery": "2011-05-15 05:21:42", 
      "number": 1, 
      "assignment_group": 71
    }
  }, 
  {
    "pk": 16, 
    "model": "core.delivery", 
    "fields": {
      "delivered_by": 24, 
      "successful": true, 
      "time_of_delivery": "2011-05-15 04:30:34", 
      "number": 3, 
      "assignment_group": 15
    }
  }, 
  {
    "pk": 87, 
    "model": "core.delivery", 
    "fields": {
      "delivered_by": 30, 
      "successful": true, 
      "time_of_delivery": "2011-05-15 04:04:42", 
      "number": 1, 
      "assignment_group": 69
    }
  }, 
  {
    "pk": 21, 
    "model": "core.delivery", 
    "fields": {
      "delivered_by": 29, 
      "successful": true, 
      "time_of_delivery": "2011-05-15 03:20:34", 
      "number": 1, 
      "assignment_group": 20
    }
  }, 
  {
    "pk": 15, 
    "model": "core.delivery", 
    "fields": {
      "delivered_by": 24, 
      "successful": true, 
      "time_of_delivery": "2011-05-15 02:32:34", 
      "number": 2, 
      "assignment_group": 15
    }
  }, 
  {
    "pk": 78, 
    "model": "core.delivery", 
    "fields": {
      "delivered_by": 24, 
      "successful": true, 
      "time_of_delivery": "2011-05-15 02:18:42", 
      "number": 1, 
      "assignment_group": 63
    }
  }, 
  {
    "pk": 24, 
    "model": "core.delivery", 
    "fields": {
      "delivered_by": 31, 
      "successful": true, 
      "time_of_delivery": "2011-05-15 02:15:34", 
      "number": 2, 
      "assignment_group": 22
    }
  }, 
  {
    "pk": 13, 
    "model": "core.delivery", 
    "fields": {
      "delivered_by": 23, 
      "successful": true, 
      "time_of_delivery": "2011-05-15 01:37:34", 
      "number": 1, 
      "assignment_group": 14
    }
  }, 
  {
    "pk": 25, 
    "model": "core.delivery", 
    "fields": {
      "delivered_by": 32, 
      "successful": true, 
      "time_of_delivery": "2011-05-15 01:11:34", 
      "number": 1, 
      "assignment_group": 23
    }
  }, 
  {
    "pk": 14, 
    "model": "core.delivery", 
    "fields": {
      "delivered_by": 24, 
      "successful": true, 
      "time_of_delivery": "2011-05-15 00:42:34", 
      "number": 1, 
      "assignment_group": 15
    }
  }, 
  {
    "pk": 23, 
    "model": "core.delivery", 
    "fields": {
      "delivered_by": 31, 
      "successful": true, 
      "time_of_delivery": "2011-05-15 00:36:34", 
      "number": 1, 
      "assignment_group": 22
    }
  }, 
  {
    "pk": 18, 
    "model": "core.delivery", 
    "fields": {
      "delivered_by": 26, 
      "successful": true, 
      "time_of_delivery": "2011-05-15 00:35:34", 
      "number": 1, 
      "assignment_group": 17
    }
  }, 
  {
    "pk": 64, 
    "model": "core.delivery", 
    "fields": {
      "delivered_by": 24, 
      "successful": true, 
      "time_of_delivery": "2011-05-05 16:12:40", 
      "number": 1, 
      "assignment_group": 51
    }
  }, 
  {
    "pk": 74, 
    "model": "core.delivery", 
    "fields": {
      "delivered_by": 32, 
      "successful": true, 
      "time_of_delivery": "2011-05-05 16:05:40", 
      "number": 1, 
      "assignment_group": 59
    }
  }, 
  {
    "pk": 73, 
    "model": "core.delivery", 
    "fields": {
      "delivered_by": 31, 
      "successful": true, 
      "time_of_delivery": "2011-05-05 16:01:40", 
      "number": 1, 
      "assignment_group": 58
    }
  }, 
  {
    "pk": 65, 
    "model": "core.delivery", 
    "fields": {
      "delivered_by": 25, 
      "successful": true, 
      "time_of_delivery": "2011-05-05 15:15:40", 
      "number": 1, 
      "assignment_group": 52
    }
  }, 
  {
    "pk": 1, 
    "model": "core.delivery", 
    "fields": {
      "delivered_by": 22, 
      "successful": true, 
      "time_of_delivery": "2011-05-05 14:34:31", 
      "number": 1, 
      "assignment_group": 1
    }
  }, 
  {
    "pk": 108, 
    "model": "core.delivery", 
    "fields": {
      "delivered_by": 25, 
      "successful": true, 
      "time_of_delivery": "2011-05-05 14:30:46", 
      "number": 1, 
      "assignment_group": 88
    }
  }, 
  {
    "pk": 115, 
    "model": "core.delivery", 
    "fields": {
      "delivered_by": 31, 
      "successful": true, 
      "time_of_delivery": "2011-05-05 13:26:46", 
      "number": 1, 
      "assignment_group": 94
    }
  }, 
  {
    "pk": 4, 
    "model": "core.delivery", 
    "fields": {
      "delivered_by": 26, 
      "successful": true, 
      "time_of_delivery": "2011-05-05 12:57:31", 
      "number": 1, 
      "assignment_group": 5
    }
  }, 
  {
    "pk": 6, 
    "model": "core.delivery", 
    "fields": {
      "delivered_by": 28, 
      "successful": true, 
      "time_of_delivery": "2011-05-05 12:06:31", 
      "number": 1, 
      "assignment_group": 7
    }
  }, 
  {
    "pk": 118, 
    "model": "core.delivery", 
    "fields": {
      "delivered_by": 33, 
      "successful": true, 
      "time_of_delivery": "2011-05-05 11:47:46", 
      "number": 1, 
      "assignment_group": 96
    }
  }, 
  {
    "pk": 117, 
    "model": "core.delivery", 
    "fields": {
      "delivered_by": 32, 
      "successful": true, 
      "time_of_delivery": "2011-05-05 11:26:46", 
      "number": 2, 
      "assignment_group": 95
    }
  }, 
  {
    "pk": 107, 
    "model": "core.delivery", 
    "fields": {
      "delivered_by": 24, 
      "successful": true, 
      "time_of_delivery": "2011-05-05 11:22:46", 
      "number": 1, 
      "assignment_group": 87
    }
  }, 
  {
    "pk": 112, 
    "model": "core.delivery", 
    "fields": {
      "delivered_by": 29, 
      "successful": true, 
      "time_of_delivery": "2011-05-05 11:11:46", 
      "number": 1, 
      "assignment_group": 92
    }
  }, 
  {
    "pk": 5, 
    "model": "core.delivery", 
    "fields": {
      "delivered_by": 27, 
      "successful": true, 
      "time_of_delivery": "2011-05-05 11:10:31", 
      "number": 1, 
      "assignment_group": 6
    }
  }, 
  {
    "pk": 72, 
    "model": "core.delivery", 
    "fields": {
      "delivered_by": 29, 
      "successful": true, 
      "time_of_delivery": "2011-05-05 11:08:40", 
      "number": 1, 
      "assignment_group": 56
    }
  }, 
  {
    "pk": 114, 
    "model": "core.delivery", 
    "fields": {
      "delivered_by": 30, 
      "successful": true, 
      "time_of_delivery": "2011-05-05 11:06:46", 
      "number": 2, 
      "assignment_group": 93
    }
  }, 
  {
    "pk": 9, 
    "model": "core.delivery", 
    "fields": {
      "delivered_by": 30, 
      "successful": true, 
      "time_of_delivery": "2011-05-05 10:56:31", 
      "number": 2, 
      "assignment_group": 9
    }
  }, 
  {
    "pk": 111, 
    "model": "core.delivery", 
    "fields": {
      "delivered_by": 28, 
      "successful": true, 
      "time_of_delivery": "2011-05-05 10:29:46", 
      "number": 1, 
      "assignment_group": 91
    }
  }, 
  {
    "pk": 8, 
    "model": "core.delivery", 
    "fields": {
      "delivered_by": 30, 
      "successful": true, 
      "time_of_delivery": "2011-05-05 10:29:31", 
      "number": 1, 
      "assignment_group": 9
    }
  }, 
  {
    "pk": 71, 
    "model": "core.delivery", 
    "fields": {
      "delivered_by": 28, 
      "successful": true, 
      "time_of_delivery": "2011-05-05 09:55:40", 
      "number": 1, 
      "assignment_group": 55
    }
  }, 
  {
    "pk": 116, 
    "model": "core.delivery", 
    "fields": {
      "delivered_by": 32, 
      "successful": true, 
      "time_of_delivery": "2011-05-05 09:52:46", 
      "number": 1, 
      "assignment_group": 95
    }
  }, 
  {
    "pk": 113, 
    "model": "core.delivery", 
    "fields": {
      "delivered_by": 30, 
      "successful": true, 
      "time_of_delivery": "2011-05-05 08:46:46", 
      "number": 1, 
      "assignment_group": 93
    }
  }, 
  {
    "pk": 3, 
    "model": "core.delivery", 
    "fields": {
      "delivered_by": 24, 
      "successful": true, 
      "time_of_delivery": "2011-05-05 07:34:31", 
      "number": 1, 
      "assignment_group": 3
    }
  }, 
  {
    "pk": 11, 
    "model": "core.delivery", 
    "fields": {
      "delivered_by": 33, 
      "successful": true, 
      "time_of_delivery": "2011-05-05 06:55:31", 
      "number": 1, 
      "assignment_group": 12
    }
  }, 
  {
    "pk": 106, 
    "model": "core.delivery", 
    "fields": {
      "delivered_by": 23, 
      "successful": true, 
      "time_of_delivery": "2011-05-05 06:50:46", 
      "number": 1, 
      "assignment_group": 86
    }
  }, 
  {
    "pk": 70, 
    "model": "core.delivery", 
    "fields": {
      "delivered_by": 26, 
      "successful": true, 
      "time_of_delivery": "2011-05-05 06:17:40", 
      "number": 5, 
      "assignment_group": 53
    }
  }, 
  {
    "pk": 110, 
    "model": "core.delivery", 
    "fields": {
      "delivered_by": 27, 
      "successful": true, 
      "time_of_delivery": "2011-05-05 06:00:46", 
      "number": 1, 
      "assignment_group": 90
    }
  }, 
  {
    "pk": 75, 
    "model": "core.delivery", 
    "fields": {
      "delivered_by": 33, 
      "successful": true, 
      "time_of_delivery": "2011-05-05 05:29:40", 
      "number": 1, 
      "assignment_group": 60
    }
  }, 
  {
    "pk": 2, 
    "model": "core.delivery", 
    "fields": {
      "delivered_by": 23, 
      "successful": true, 
      "time_of_delivery": "2011-05-05 04:43:31", 
      "number": 1, 
      "assignment_group": 2
    }
  }, 
  {
    "pk": 105, 
    "model": "core.delivery", 
    "fields": {
      "delivered_by": 22, 
      "successful": true, 
      "time_of_delivery": "2011-05-05 04:37:46", 
      "number": 1, 
      "assignment_group": 85
    }
  }, 
  {
    "pk": 69, 
    "model": "core.delivery", 
    "fields": {
      "delivered_by": 26, 
      "successful": true, 
      "time_of_delivery": "2011-05-05 04:08:40", 
      "number": 4, 
      "assignment_group": 53
    }
  }, 
  {
    "pk": 63, 
    "model": "core.delivery", 
    "fields": {
      "delivered_by": 23, 
      "successful": true, 
      "time_of_delivery": "2011-05-05 03:49:40", 
      "number": 1, 
      "assignment_group": 50
    }
  }, 
  {
    "pk": 68, 
    "model": "core.delivery", 
    "fields": {
      "delivered_by": 26, 
      "successful": true, 
      "time_of_delivery": "2011-05-05 03:21:40", 
      "number": 3, 
      "assignment_group": 53
    }
  }, 
  {
    "pk": 67, 
    "model": "core.delivery", 
    "fields": {
      "delivered_by": 26, 
      "successful": true, 
      "time_of_delivery": "2011-05-05 03:04:40", 
      "number": 2, 
      "assignment_group": 53
    }
  }, 
  {
    "pk": 62, 
    "model": "core.delivery", 
    "fields": {
      "delivered_by": 22, 
      "successful": true, 
      "time_of_delivery": "2011-05-05 02:23:40", 
      "number": 1, 
      "assignment_group": 49
    }
  }, 
  {
    "pk": 10, 
    "model": "core.delivery", 
    "fields": {
      "delivered_by": 31, 
      "successful": true, 
      "time_of_delivery": "2011-05-05 02:16:31", 
      "number": 1, 
      "assignment_group": 10
    }
  }, 
  {
    "pk": 109, 
    "model": "core.delivery", 
    "fields": {
      "delivered_by": 26, 
      "successful": true, 
      "time_of_delivery": "2011-05-05 02:09:46", 
      "number": 1, 
      "assignment_group": 89
    }
  }, 
  {
    "pk": 66, 
    "model": "core.delivery", 
    "fields": {
      "delivered_by": 26, 
      "successful": true, 
      "time_of_delivery": "2011-05-05 01:13:40", 
      "number": 1, 
      "assignment_group": 53
    }
  }, 
  {
    "pk": 7, 
    "model": "core.delivery", 
    "fields": {
      "delivered_by": 29, 
      "successful": true, 
      "time_of_delivery": "2011-05-05 00:48:31", 
      "number": 1, 
      "assignment_group": 8
    }
  }, 
  {
    "pk": 1, 
    "model": "core.feedback", 
    "fields": {
      "format": "('rst', 'ReStructured Text')", 
      "text": "Some text here:)", 
      "last_modified_by": 34, 
      "delivery": 1, 
      "last_modified": "2011-06-04 16:23:32", 
      "object_id": 1, 
      "content_type": 27, 
      "published": true
    }
  }, 
  {
    "pk": 2, 
    "model": "core.feedback", 
    "fields": {
      "format": "('rst', 'ReStructured Text')", 
      "text": "Some text here:)", 
      "last_modified_by": 35, 
      "delivery": 2, 
      "last_modified": "2011-06-04 16:23:32", 
      "object_id": 2, 
      "content_type": 27, 
      "published": true
    }
  }, 
  {
    "pk": 3, 
    "model": "core.feedback", 
    "fields": {
      "format": "('rst', 'ReStructured Text')", 
      "text": "Some text here:)", 
      "last_modified_by": 34, 
      "delivery": 3, 
      "last_modified": "2011-06-04 16:23:32", 
      "object_id": 3, 
      "content_type": 27, 
      "published": true
    }
  }, 
  {
    "pk": 4, 
    "model": "core.feedback", 
    "fields": {
      "format": "('rst', 'ReStructured Text')", 
      "text": "Some text here:)", 
      "last_modified_by": 34, 
      "delivery": 4, 
      "last_modified": "2011-06-04 16:23:32", 
      "object_id": 4, 
      "content_type": 27, 
      "published": true
    }
  }, 
  {
    "pk": 5, 
    "model": "core.feedback", 
    "fields": {
      "format": "('rst', 'ReStructured Text')", 
      "text": "Some text here:)", 
      "last_modified_by": 35, 
      "delivery": 5, 
      "last_modified": "2011-06-04 16:23:32", 
      "object_id": 5, 
      "content_type": 27, 
      "published": true
    }
  }, 
  {
    "pk": 6, 
    "model": "core.feedback", 
    "fields": {
      "format": "('rst', 'ReStructured Text')", 
      "text": "Some text here:)", 
      "last_modified_by": 34, 
      "delivery": 6, 
      "last_modified": "2011-06-04 16:23:33", 
      "object_id": 6, 
      "content_type": 27, 
      "published": true
    }
  }, 
  {
    "pk": 7, 
    "model": "core.feedback", 
    "fields": {
      "format": "('rst', 'ReStructured Text')", 
      "text": "Some text here:)", 
      "last_modified_by": 35, 
      "delivery": 7, 
      "last_modified": "2011-06-04 16:23:33", 
      "object_id": 7, 
      "content_type": 27, 
      "published": true
    }
  }, 
  {
    "pk": 8, 
    "model": "core.feedback", 
    "fields": {
      "format": "('rst', 'ReStructured Text')", 
      "text": "Some text here:)", 
      "last_modified_by": 34, 
      "delivery": 9, 
      "last_modified": "2011-06-04 16:23:33", 
      "object_id": 8, 
      "content_type": 27, 
      "published": true
    }
  }, 
  {
    "pk": 9, 
    "model": "core.feedback", 
    "fields": {
      "format": "('rst', 'ReStructured Text')", 
      "text": "Some text here:)", 
      "last_modified_by": 35, 
      "delivery": 10, 
      "last_modified": "2011-06-04 16:23:33", 
      "object_id": 9, 
      "content_type": 27, 
      "published": true
    }
  }, 
  {
    "pk": 10, 
    "model": "core.feedback", 
    "fields": {
      "format": "('rst', 'ReStructured Text')", 
      "text": "Some text here:)", 
      "last_modified_by": 35, 
      "delivery": 11, 
      "last_modified": "2011-06-04 16:23:33", 
      "object_id": 10, 
      "content_type": 27, 
      "published": true
    }
  }, 
  {
    "pk": 11, 
    "model": "core.feedback", 
    "fields": {
      "format": "('rst', 'ReStructured Text')", 
      "text": "Some text here:)", 
      "last_modified_by": 34, 
      "delivery": 12, 
      "last_modified": "2011-06-04 16:23:34", 
      "object_id": 11, 
      "content_type": 27, 
      "published": true
    }
  }, 
  {
    "pk": 12, 
    "model": "core.feedback", 
    "fields": {
      "format": "('rst', 'ReStructured Text')", 
      "text": "Some text here:)", 
      "last_modified_by": 35, 
      "delivery": 13, 
      "last_modified": "2011-06-04 16:23:34", 
      "object_id": 12, 
      "content_type": 27, 
      "published": false
    }
  }, 
  {
    "pk": 13, 
    "model": "core.feedback", 
    "fields": {
      "format": "('rst', 'ReStructured Text')", 
      "text": "Some text here:)", 
      "last_modified_by": 34, 
      "delivery": 16, 
      "last_modified": "2011-06-04 16:23:34", 
      "object_id": 13, 
      "content_type": 27, 
      "published": false
    }
  }, 
  {
    "pk": 14, 
    "model": "core.feedback", 
    "fields": {
      "format": "('rst', 'ReStructured Text')", 
      "text": "Some text here:)", 
      "last_modified_by": 35, 
      "delivery": 17, 
      "last_modified": "2011-06-04 16:23:34", 
      "object_id": 14, 
      "content_type": 27, 
      "published": true
    }
  }, 
  {
    "pk": 15, 
    "model": "core.feedback", 
    "fields": {
      "format": "('rst', 'ReStructured Text')", 
      "text": "Some text here:)", 
      "last_modified_by": 34, 
      "delivery": 18, 
      "last_modified": "2011-06-04 16:23:34", 
      "object_id": 15, 
      "content_type": 27, 
      "published": true
    }
  }, 
  {
    "pk": 16, 
    "model": "core.feedback", 
    "fields": {
      "format": "('rst', 'ReStructured Text')", 
      "text": "Some text here:)", 
      "last_modified_by": 35, 
      "delivery": 19, 
      "last_modified": "2011-06-04 16:23:35", 
      "object_id": 16, 
      "content_type": 27, 
      "published": true
    }
  }, 
  {
    "pk": 17, 
    "model": "core.feedback", 
    "fields": {
      "format": "('rst', 'ReStructured Text')", 
      "text": "Some text here:)", 
      "last_modified_by": 34, 
      "delivery": 20, 
      "last_modified": "2011-06-04 16:23:35", 
      "object_id": 17, 
      "content_type": 27, 
      "published": true
    }
  }, 
  {
    "pk": 18, 
    "model": "core.feedback", 
    "fields": {
      "format": "('rst', 'ReStructured Text')", 
      "text": "Some text here:)", 
      "last_modified_by": 35, 
      "delivery": 21, 
      "last_modified": "2011-06-04 16:23:35", 
      "object_id": 18, 
      "content_type": 27, 
      "published": true
    }
  }, 
  {
    "pk": 19, 
    "model": "core.feedback", 
    "fields": {
      "format": "('rst', 'ReStructured Text')", 
      "text": "Some text here:)", 
      "last_modified_by": 34, 
      "delivery": 22, 
      "last_modified": "2011-06-04 16:23:35", 
      "object_id": 19, 
      "content_type": 27, 
      "published": true
    }
  }, 
  {
    "pk": 20, 
    "model": "core.feedback", 
    "fields": {
      "format": "('rst', 'ReStructured Text')", 
      "text": "Some text here:)", 
      "last_modified_by": 35, 
      "delivery": 24, 
      "last_modified": "2011-06-04 16:23:35", 
      "object_id": 20, 
      "content_type": 27, 
      "published": true
    }
  }, 
  {
    "pk": 21, 
    "model": "core.feedback", 
    "fields": {
      "format": "('rst', 'ReStructured Text')", 
      "text": "Some text here:)", 
      "last_modified_by": 35, 
      "delivery": 26, 
      "last_modified": "2011-06-04 16:23:35", 
      "object_id": 21, 
      "content_type": 27, 
      "published": true
    }
  }, 
  {
    "pk": 22, 
    "model": "core.feedback", 
    "fields": {
      "format": "('rst', 'ReStructured Text')", 
      "text": "Some text here:)", 
      "last_modified_by": 34, 
      "delivery": 27, 
      "last_modified": "2011-06-04 16:23:36", 
      "object_id": 22, 
      "content_type": 27, 
      "published": true
    }
  }, 
  {
    "pk": 23, 
    "model": "core.feedback", 
    "fields": {
      "format": "('rst', 'ReStructured Text')", 
      "text": "Some text here:)", 
      "last_modified_by": 35, 
      "delivery": 28, 
      "last_modified": "2011-06-04 16:23:36", 
      "object_id": 23, 
      "content_type": 27, 
      "published": true
    }
  }, 
  {
    "pk": 24, 
    "model": "core.feedback", 
    "fields": {
      "format": "('rst', 'ReStructured Text')", 
      "text": "Some text here:)", 
      "last_modified_by": 35, 
      "delivery": 33, 
      "last_modified": "2011-06-04 16:23:36", 
      "object_id": 24, 
      "content_type": 27, 
      "published": true
    }
  }, 
  {
    "pk": 25, 
    "model": "core.feedback", 
    "fields": {
      "format": "('rst', 'ReStructured Text')", 
      "text": "Some text here:)", 
      "last_modified_by": 34, 
      "delivery": 34, 
      "last_modified": "2011-06-04 16:23:37", 
      "object_id": 25, 
      "content_type": 27, 
      "published": true
    }
  }, 
  {
    "pk": 26, 
    "model": "core.feedback", 
    "fields": {
      "format": "('rst', 'ReStructured Text')", 
      "text": "Some text here:)", 
      "last_modified_by": 35, 
      "delivery": 36, 
      "last_modified": "2011-06-04 16:23:37", 
      "object_id": 26, 
      "content_type": 27, 
      "published": true
    }
  }, 
  {
    "pk": 27, 
    "model": "core.feedback", 
    "fields": {
      "format": "('rst', 'ReStructured Text')", 
      "text": "Some text here:)", 
      "last_modified_by": 34, 
      "delivery": 37, 
      "last_modified": "2011-06-04 16:23:37", 
      "object_id": 27, 
      "content_type": 27, 
      "published": true
    }
  }, 
  {
    "pk": 28, 
    "model": "core.feedback", 
    "fields": {
      "format": "('rst', 'ReStructured Text')", 
      "text": "Some text here:)", 
      "last_modified_by": 35, 
      "delivery": 38, 
      "last_modified": "2011-06-04 16:23:37", 
      "object_id": 28, 
      "content_type": 27, 
      "published": true
    }
  }, 
  {
    "pk": 29, 
    "model": "core.feedback", 
    "fields": {
      "format": "('rst', 'ReStructured Text')", 
      "text": "Some text here:)", 
      "last_modified_by": 35, 
      "delivery": 40, 
      "last_modified": "2011-06-04 16:23:37", 
      "object_id": 29, 
      "content_type": 27, 
      "published": true
    }
  }, 
  {
    "pk": 30, 
    "model": "core.feedback", 
    "fields": {
      "format": "('rst', 'ReStructured Text')", 
      "text": "Some text here:)", 
      "last_modified_by": 34, 
      "delivery": 41, 
      "last_modified": "2011-06-04 16:23:37", 
      "object_id": 30, 
      "content_type": 27, 
      "published": true
    }
  }, 
  {
    "pk": 31, 
    "model": "core.feedback", 
    "fields": {
      "format": "('rst', 'ReStructured Text')", 
      "text": "Some text here:)", 
      "last_modified_by": 34, 
      "delivery": 47, 
      "last_modified": "2011-06-04 16:23:38", 
      "object_id": 31, 
      "content_type": 27, 
      "published": true
    }
  }, 
  {
    "pk": 32, 
    "model": "core.feedback", 
    "fields": {
      "format": "('rst', 'ReStructured Text')", 
      "text": "Some text here:)", 
      "last_modified_by": 34, 
      "delivery": 49, 
      "last_modified": "2011-06-04 16:23:39", 
      "object_id": 32, 
      "content_type": 27, 
      "published": true
    }
  }, 
  {
    "pk": 33, 
    "model": "core.feedback", 
    "fields": {
      "format": "('rst', 'ReStructured Text')", 
      "text": "Some text here:)", 
      "last_modified_by": 35, 
      "delivery": 51, 
      "last_modified": "2011-06-04 16:23:39", 
      "object_id": 33, 
      "content_type": 27, 
      "published": true
    }
  }, 
  {
    "pk": 34, 
    "model": "core.feedback", 
    "fields": {
      "format": "('rst', 'ReStructured Text')", 
      "text": "Some text here:)", 
      "last_modified_by": 34, 
      "delivery": 52, 
      "last_modified": "2011-06-04 16:23:39", 
      "object_id": 34, 
      "content_type": 27, 
      "published": false
    }
  }, 
  {
    "pk": 35, 
    "model": "core.feedback", 
    "fields": {
      "format": "('rst', 'ReStructured Text')", 
      "text": "Some text here:)", 
      "last_modified_by": 35, 
      "delivery": 53, 
      "last_modified": "2011-06-04 16:23:39", 
      "object_id": 35, 
      "content_type": 27, 
      "published": true
    }
  }, 
  {
    "pk": 36, 
    "model": "core.feedback", 
    "fields": {
      "format": "('rst', 'ReStructured Text')", 
      "text": "Some text here:)", 
      "last_modified_by": 34, 
      "delivery": 60, 
      "last_modified": "2011-06-04 16:23:40", 
      "object_id": 36, 
      "content_type": 27, 
      "published": true
    }
  }, 
  {
    "pk": 37, 
    "model": "core.feedback", 
    "fields": {
      "format": "('rst', 'ReStructured Text')", 
      "text": "Some text here:)", 
      "last_modified_by": 35, 
      "delivery": 61, 
      "last_modified": "2011-06-04 16:23:40", 
      "object_id": 37, 
      "content_type": 27, 
      "published": false
    }
  }, 
  {
    "pk": 38, 
    "model": "core.feedback", 
    "fields": {
      "format": "('rst', 'ReStructured Text')", 
      "text": "Some text here:)", 
      "last_modified_by": 34, 
      "delivery": 62, 
      "last_modified": "2011-06-04 16:23:40", 
      "object_id": 38, 
      "content_type": 27, 
      "published": false
    }
  }, 
  {
    "pk": 39, 
    "model": "core.feedback", 
    "fields": {
      "format": "('rst', 'ReStructured Text')", 
      "text": "Some text here:)", 
      "last_modified_by": 35, 
      "delivery": 63, 
      "last_modified": "2011-06-04 16:23:41", 
      "object_id": 39, 
      "content_type": 27, 
      "published": true
    }
  }, 
  {
    "pk": 40, 
    "model": "core.feedback", 
    "fields": {
      "format": "('rst', 'ReStructured Text')", 
      "text": "Some text here:)", 
      "last_modified_by": 34, 
      "delivery": 64, 
      "last_modified": "2011-06-04 16:23:41", 
      "object_id": 40, 
      "content_type": 27, 
      "published": true
    }
  }, 
  {
    "pk": 41, 
    "model": "core.feedback", 
    "fields": {
      "format": "('rst', 'ReStructured Text')", 
      "text": "Some text here:)", 
      "last_modified_by": 35, 
      "delivery": 65, 
      "last_modified": "2011-06-04 16:23:41", 
      "object_id": 41, 
      "content_type": 27, 
      "published": true
    }
  }, 
  {
    "pk": 42, 
    "model": "core.feedback", 
    "fields": {
      "format": "('rst', 'ReStructured Text')", 
      "text": "Some text here:)", 
      "last_modified_by": 34, 
      "delivery": 70, 
      "last_modified": "2011-06-04 16:23:41", 
      "object_id": 42, 
      "content_type": 27, 
      "published": true
    }
  }, 
  {
    "pk": 43, 
    "model": "core.feedback", 
    "fields": {
      "format": "('rst', 'ReStructured Text')", 
      "text": "Some text here:)", 
      "last_modified_by": 34, 
      "delivery": 71, 
      "last_modified": "2011-06-04 16:23:41", 
      "object_id": 43, 
      "content_type": 27, 
      "published": true
    }
  }, 
  {
    "pk": 44, 
    "model": "core.feedback", 
    "fields": {
      "format": "('rst', 'ReStructured Text')", 
      "text": "Some text here:)", 
      "last_modified_by": 35, 
      "delivery": 72, 
      "last_modified": "2011-06-04 16:23:41", 
      "object_id": 44, 
      "content_type": 27, 
      "published": true
    }
  }, 
  {
    "pk": 45, 
    "model": "core.feedback", 
    "fields": {
      "format": "('rst', 'ReStructured Text')", 
      "text": "Some text here:)", 
      "last_modified_by": 35, 
      "delivery": 73, 
      "last_modified": "2011-06-04 16:23:42", 
      "object_id": 45, 
      "content_type": 27, 
      "published": true
    }
  }, 
  {
    "pk": 46, 
    "model": "core.feedback", 
    "fields": {
      "format": "('rst', 'ReStructured Text')", 
      "text": "Some text here:)", 
      "last_modified_by": 34, 
      "delivery": 74, 
      "last_modified": "2011-06-04 16:23:42", 
      "object_id": 46, 
      "content_type": 27, 
      "published": true
    }
  }, 
  {
    "pk": 47, 
    "model": "core.feedback", 
    "fields": {
      "format": "('rst', 'ReStructured Text')", 
      "text": "Some text here:)", 
      "last_modified_by": 35, 
      "delivery": 75, 
      "last_modified": "2011-06-04 16:23:42", 
      "object_id": 47, 
      "content_type": 27, 
      "published": true
    }
  }, 
  {
    "pk": 48, 
    "model": "core.feedback", 
    "fields": {
      "format": "('rst', 'ReStructured Text')", 
      "text": "Some text here:)", 
      "last_modified_by": 34, 
      "delivery": 76, 
      "last_modified": "2011-06-04 16:23:43", 
      "object_id": 48, 
      "content_type": 27, 
      "published": true
    }
  }, 
  {
    "pk": 49, 
    "model": "core.feedback", 
    "fields": {
      "format": "('rst', 'ReStructured Text')", 
      "text": "Some text here:)", 
      "last_modified_by": 35, 
      "delivery": 77, 
      "last_modified": "2011-06-04 16:23:43", 
      "object_id": 49, 
      "content_type": 27, 
      "published": true
    }
  }, 
  {
    "pk": 50, 
    "model": "core.feedback", 
    "fields": {
      "format": "('rst', 'ReStructured Text')", 
      "text": "Some text here:)", 
      "last_modified_by": 34, 
      "delivery": 78, 
      "last_modified": "2011-06-04 16:23:43", 
      "object_id": 50, 
      "content_type": 27, 
      "published": true
    }
  }, 
  {
    "pk": 51, 
    "model": "core.feedback", 
    "fields": {
      "format": "('rst', 'ReStructured Text')", 
      "text": "Some text here:)", 
      "last_modified_by": 35, 
      "delivery": 79, 
      "last_modified": "2011-06-04 16:23:43", 
      "object_id": 51, 
      "content_type": 27, 
      "published": true
    }
  }, 
  {
    "pk": 52, 
    "model": "core.feedback", 
    "fields": {
      "format": "('rst', 'ReStructured Text')", 
      "text": "Some text here:)", 
      "last_modified_by": 34, 
      "delivery": 80, 
      "last_modified": "2011-06-04 16:23:43", 
      "object_id": 52, 
      "content_type": 27, 
      "published": true
    }
  }, 
  {
    "pk": 53, 
    "model": "core.feedback", 
    "fields": {
      "format": "('rst', 'ReStructured Text')", 
      "text": "Some text here:)", 
      "last_modified_by": 35, 
      "delivery": 84, 
      "last_modified": "2011-06-04 16:23:43", 
      "object_id": 53, 
      "content_type": 27, 
      "published": true
    }
  }, 
  {
    "pk": 54, 
    "model": "core.feedback", 
    "fields": {
      "format": "('rst', 'ReStructured Text')", 
      "text": "Some text here:)", 
      "last_modified_by": 34, 
      "delivery": 85, 
      "last_modified": "2011-06-04 16:23:44", 
      "object_id": 54, 
      "content_type": 27, 
      "published": false
    }
  }, 
  {
    "pk": 55, 
    "model": "core.feedback", 
    "fields": {
      "format": "('rst', 'ReStructured Text')", 
      "text": "Some text here:)", 
      "last_modified_by": 35, 
      "delivery": 86, 
      "last_modified": "2011-06-04 16:23:44", 
      "object_id": 55, 
      "content_type": 27, 
      "published": true
    }
  }, 
  {
    "pk": 56, 
    "model": "core.feedback", 
    "fields": {
      "format": "('rst', 'ReStructured Text')", 
      "text": "Some text here:)", 
      "last_modified_by": 34, 
      "delivery": 87, 
      "last_modified": "2011-06-04 16:23:44", 
      "object_id": 56, 
      "content_type": 27, 
      "published": true
    }
  }, 
  {
    "pk": 57, 
    "model": "core.feedback", 
    "fields": {
      "format": "('rst', 'ReStructured Text')", 
      "text": "Some text here:)", 
      "last_modified_by": 35, 
      "delivery": 88, 
      "last_modified": "2011-06-04 16:23:44", 
      "object_id": 57, 
      "content_type": 27, 
      "published": true
    }
  }, 
  {
    "pk": 58, 
    "model": "core.feedback", 
    "fields": {
      "format": "('rst', 'ReStructured Text')", 
      "text": "Some text here:)", 
      "last_modified_by": 34, 
      "delivery": 89, 
      "last_modified": "2011-06-04 16:23:44", 
      "object_id": 58, 
      "content_type": 27, 
      "published": true
    }
  }, 
  {
    "pk": 59, 
    "model": "core.feedback", 
    "fields": {
      "format": "('rst', 'ReStructured Text')", 
      "text": "Some text here:)", 
      "last_modified_by": 35, 
      "delivery": 92, 
      "last_modified": "2011-06-04 16:23:45", 
      "object_id": 59, 
      "content_type": 27, 
      "published": true
    }
  }, 
  {
    "pk": 60, 
    "model": "core.feedback", 
    "fields": {
      "format": "('rst', 'ReStructured Text')", 
      "text": "Some text here:)", 
      "last_modified_by": 34, 
      "delivery": 97, 
      "last_modified": "2011-06-04 16:23:45", 
      "object_id": 60, 
      "content_type": 27, 
      "published": true
    }
  }, 
  {
    "pk": 61, 
    "model": "core.feedback", 
    "fields": {
      "format": "('rst', 'ReStructured Text')", 
      "text": "Some text here:)", 
      "last_modified_by": 35, 
      "delivery": 99, 
      "last_modified": "2011-06-04 16:23:45", 
      "object_id": 61, 
      "content_type": 27, 
      "published": false
    }
  }, 
  {
    "pk": 62, 
    "model": "core.feedback", 
    "fields": {
      "format": "('rst', 'ReStructured Text')", 
      "text": "Some text here:)", 
      "last_modified_by": 34, 
      "delivery": 103, 
      "last_modified": "2011-06-04 16:23:46", 
      "object_id": 62, 
      "content_type": 27, 
      "published": false
    }
  }, 
  {
    "pk": 63, 
    "model": "core.feedback", 
    "fields": {
      "format": "('rst', 'ReStructured Text')", 
      "text": "Some text here:)", 
      "last_modified_by": 35, 
      "delivery": 104, 
      "last_modified": "2011-06-04 16:23:46", 
      "object_id": 63, 
      "content_type": 27, 
      "published": true
    }
  }, 
  {
    "pk": 64, 
    "model": "core.feedback", 
    "fields": {
      "format": "('rst', 'ReStructured Text')", 
      "text": "Some text here:)", 
      "last_modified_by": 34, 
      "delivery": 105, 
      "last_modified": "2011-06-04 16:23:47", 
      "object_id": 64, 
      "content_type": 20, 
      "published": true
    }
  }, 
  {
    "pk": 65, 
    "model": "core.feedback", 
    "fields": {
      "format": "('rst', 'ReStructured Text')", 
      "text": "Some text here:)", 
      "last_modified_by": 35, 
      "delivery": 106, 
      "last_modified": "2011-06-04 16:23:47", 
      "object_id": 65, 
      "content_type": 20, 
      "published": true
    }
  }, 
  {
    "pk": 66, 
    "model": "core.feedback", 
    "fields": {
      "format": "('rst', 'ReStructured Text')", 
      "text": "Some text here:)", 
      "last_modified_by": 34, 
      "delivery": 107, 
      "last_modified": "2011-06-04 16:23:47", 
      "object_id": 66, 
      "content_type": 20, 
      "published": true
    }
  }, 
  {
    "pk": 67, 
    "model": "core.feedback", 
    "fields": {
      "format": "('rst', 'ReStructured Text')", 
      "text": "Some text here:)", 
      "last_modified_by": 35, 
      "delivery": 108, 
      "last_modified": "2011-06-04 16:23:47", 
      "object_id": 67, 
      "content_type": 20, 
      "published": true
    }
  }, 
  {
    "pk": 68, 
    "model": "core.feedback", 
    "fields": {
      "format": "('rst', 'ReStructured Text')", 
      "text": "Some text here:)", 
      "last_modified_by": 34, 
      "delivery": 109, 
      "last_modified": "2011-06-04 16:23:47", 
      "object_id": 68, 
      "content_type": 20, 
      "published": true
    }
  }, 
  {
    "pk": 69, 
    "model": "core.feedback", 
    "fields": {
      "format": "('rst', 'ReStructured Text')", 
      "text": "Some text here:)", 
      "last_modified_by": 35, 
      "delivery": 110, 
      "last_modified": "2011-06-04 16:23:47", 
      "object_id": 69, 
      "content_type": 20, 
      "published": true
    }
  }, 
  {
    "pk": 70, 
    "model": "core.feedback", 
    "fields": {
      "format": "('rst', 'ReStructured Text')", 
      "text": "Some text here:)", 
      "last_modified_by": 34, 
      "delivery": 111, 
      "last_modified": "2011-06-04 16:23:47", 
      "object_id": 70, 
      "content_type": 20, 
      "published": true
    }
  }, 
  {
    "pk": 71, 
    "model": "core.feedback", 
    "fields": {
      "format": "('rst', 'ReStructured Text')", 
      "text": "Some text here:)", 
      "last_modified_by": 35, 
      "delivery": 112, 
      "last_modified": "2011-06-04 16:23:47", 
      "object_id": 71, 
      "content_type": 20, 
      "published": true
    }
  }, 
  {
    "pk": 72, 
    "model": "core.feedback", 
    "fields": {
      "format": "('rst', 'ReStructured Text')", 
      "text": "Some text here:)", 
      "last_modified_by": 34, 
      "delivery": 114, 
      "last_modified": "2011-06-04 16:23:48", 
      "object_id": 72, 
      "content_type": 20, 
      "published": true
    }
  }, 
  {
    "pk": 73, 
    "model": "core.feedback", 
    "fields": {
      "format": "('rst', 'ReStructured Text')", 
      "text": "Some text here:)", 
      "last_modified_by": 35, 
      "delivery": 115, 
      "last_modified": "2011-06-04 16:23:48", 
      "object_id": 73, 
      "content_type": 20, 
      "published": true
    }
  }, 
  {
    "pk": 74, 
    "model": "core.feedback", 
    "fields": {
      "format": "('rst', 'ReStructured Text')", 
      "text": "Some text here:)", 
      "last_modified_by": 34, 
      "delivery": 117, 
      "last_modified": "2011-06-04 16:23:48", 
      "object_id": 74, 
      "content_type": 20, 
      "published": true
    }
  }, 
  {
    "pk": 75, 
    "model": "core.feedback", 
    "fields": {
      "format": "('rst', 'ReStructured Text')", 
      "text": "Some text here:)", 
      "last_modified_by": 35, 
      "delivery": 118, 
      "last_modified": "2011-06-04 16:23:48", 
      "object_id": 75, 
      "content_type": 20, 
      "published": true
    }
  }, 
  {
    "pk": 3, 
    "model": "core.filemeta", 
    "fields": {
      "delivery": 1, 
      "size": 41, 
      "filename": "helloworld.java"
    }
  }, 
  {
    "pk": 6, 
    "model": "core.filemeta", 
    "fields": {
      "delivery": 2, 
      "size": 41, 
      "filename": "helloworld.java"
    }
  }, 
  {
    "pk": 9, 
    "model": "core.filemeta", 
    "fields": {
      "delivery": 3, 
      "size": 41, 
      "filename": "helloworld.java"
    }
  }, 
  {
    "pk": 12, 
    "model": "core.filemeta", 
    "fields": {
      "delivery": 4, 
      "size": 41, 
      "filename": "helloworld.java"
    }
  }, 
  {
    "pk": 15, 
    "model": "core.filemeta", 
    "fields": {
      "delivery": 5, 
      "size": 41, 
      "filename": "helloworld.java"
    }
  }, 
  {
    "pk": 18, 
    "model": "core.filemeta", 
    "fields": {
      "delivery": 6, 
      "size": 41, 
      "filename": "helloworld.java"
    }
  }, 
  {
    "pk": 21, 
    "model": "core.filemeta", 
    "fields": {
      "delivery": 7, 
      "size": 41, 
      "filename": "helloworld.java"
    }
  }, 
  {
    "pk": 24, 
    "model": "core.filemeta", 
    "fields": {
      "delivery": 8, 
      "size": 41, 
      "filename": "helloworld.java"
    }
  }, 
  {
    "pk": 27, 
    "model": "core.filemeta", 
    "fields": {
      "delivery": 9, 
      "size": 41, 
      "filename": "helloworld.java"
    }
  }, 
  {
    "pk": 30, 
    "model": "core.filemeta", 
    "fields": {
      "delivery": 10, 
      "size": 41, 
      "filename": "helloworld.java"
    }
  }, 
  {
    "pk": 33, 
    "model": "core.filemeta", 
    "fields": {
      "delivery": 11, 
      "size": 41, 
      "filename": "helloworld.java"
    }
  }, 
  {
    "pk": 36, 
    "model": "core.filemeta", 
    "fields": {
      "delivery": 12, 
      "size": 41, 
      "filename": "helloworld.java"
    }
  }, 
  {
    "pk": 39, 
    "model": "core.filemeta", 
    "fields": {
      "delivery": 13, 
      "size": 41, 
      "filename": "helloworld.java"
    }
  }, 
  {
    "pk": 42, 
    "model": "core.filemeta", 
    "fields": {
      "delivery": 14, 
      "size": 41, 
      "filename": "helloworld.java"
    }
  }, 
  {
    "pk": 45, 
    "model": "core.filemeta", 
    "fields": {
      "delivery": 15, 
      "size": 41, 
      "filename": "helloworld.java"
    }
  }, 
  {
    "pk": 48, 
    "model": "core.filemeta", 
    "fields": {
      "delivery": 16, 
      "size": 41, 
      "filename": "helloworld.java"
    }
  }, 
  {
    "pk": 51, 
    "model": "core.filemeta", 
    "fields": {
      "delivery": 17, 
      "size": 41, 
      "filename": "helloworld.java"
    }
  }, 
  {
    "pk": 54, 
    "model": "core.filemeta", 
    "fields": {
      "delivery": 18, 
      "size": 41, 
      "filename": "helloworld.java"
    }
  }, 
  {
    "pk": 57, 
    "model": "core.filemeta", 
    "fields": {
      "delivery": 19, 
      "size": 41, 
      "filename": "helloworld.java"
    }
  }, 
  {
    "pk": 60, 
    "model": "core.filemeta", 
    "fields": {
      "delivery": 20, 
      "size": 41, 
      "filename": "helloworld.java"
    }
  }, 
  {
    "pk": 63, 
    "model": "core.filemeta", 
    "fields": {
      "delivery": 21, 
      "size": 41, 
      "filename": "helloworld.java"
    }
  }, 
  {
    "pk": 66, 
    "model": "core.filemeta", 
    "fields": {
      "delivery": 22, 
      "size": 41, 
      "filename": "helloworld.java"
    }
  }, 
  {
    "pk": 69, 
    "model": "core.filemeta", 
    "fields": {
      "delivery": 23, 
      "size": 41, 
      "filename": "helloworld.java"
    }
  }, 
  {
    "pk": 72, 
    "model": "core.filemeta", 
    "fields": {
      "delivery": 24, 
      "size": 41, 
      "filename": "helloworld.java"
    }
  }, 
  {
    "pk": 75, 
    "model": "core.filemeta", 
    "fields": {
      "delivery": 25, 
      "size": 41, 
      "filename": "helloworld.java"
    }
  }, 
  {
    "pk": 78, 
    "model": "core.filemeta", 
    "fields": {
      "delivery": 26, 
      "size": 41, 
      "filename": "helloworld.java"
    }
  }, 
  {
    "pk": 81, 
    "model": "core.filemeta", 
    "fields": {
      "delivery": 27, 
      "size": 41, 
      "filename": "helloworld.java"
    }
  }, 
  {
    "pk": 84, 
    "model": "core.filemeta", 
    "fields": {
      "delivery": 28, 
      "size": 41, 
      "filename": "helloworld.java"
    }
  }, 
  {
    "pk": 87, 
    "model": "core.filemeta", 
    "fields": {
      "delivery": 29, 
      "size": 41, 
      "filename": "helloworld.java"
    }
  }, 
  {
    "pk": 90, 
    "model": "core.filemeta", 
    "fields": {
      "delivery": 30, 
      "size": 41, 
      "filename": "helloworld.java"
    }
  }, 
  {
    "pk": 93, 
    "model": "core.filemeta", 
    "fields": {
      "delivery": 31, 
      "size": 41, 
      "filename": "helloworld.java"
    }
  }, 
  {
    "pk": 96, 
    "model": "core.filemeta", 
    "fields": {
      "delivery": 32, 
      "size": 41, 
      "filename": "helloworld.java"
    }
  }, 
  {
    "pk": 99, 
    "model": "core.filemeta", 
    "fields": {
      "delivery": 33, 
      "size": 41, 
      "filename": "helloworld.java"
    }
  }, 
  {
    "pk": 102, 
    "model": "core.filemeta", 
    "fields": {
      "delivery": 34, 
      "size": 41, 
      "filename": "helloworld.java"
    }
  }, 
  {
    "pk": 105, 
    "model": "core.filemeta", 
    "fields": {
      "delivery": 35, 
      "size": 41, 
      "filename": "helloworld.java"
    }
  }, 
  {
    "pk": 108, 
    "model": "core.filemeta", 
    "fields": {
      "delivery": 36, 
      "size": 41, 
      "filename": "helloworld.java"
    }
  }, 
  {
    "pk": 111, 
    "model": "core.filemeta", 
    "fields": {
      "delivery": 37, 
      "size": 41, 
      "filename": "helloworld.java"
    }
  }, 
  {
    "pk": 114, 
    "model": "core.filemeta", 
    "fields": {
      "delivery": 38, 
      "size": 41, 
      "filename": "helloworld.java"
    }
  }, 
  {
    "pk": 117, 
    "model": "core.filemeta", 
    "fields": {
      "delivery": 39, 
      "size": 41, 
      "filename": "helloworld.java"
    }
  }, 
  {
    "pk": 120, 
    "model": "core.filemeta", 
    "fields": {
      "delivery": 40, 
      "size": 41, 
      "filename": "helloworld.java"
    }
  }, 
  {
    "pk": 123, 
    "model": "core.filemeta", 
    "fields": {
      "delivery": 41, 
      "size": 41, 
      "filename": "helloworld.java"
    }
  }, 
  {
    "pk": 126, 
    "model": "core.filemeta", 
    "fields": {
      "delivery": 42, 
      "size": 41, 
      "filename": "helloworld.java"
    }
  }, 
  {
    "pk": 129, 
    "model": "core.filemeta", 
    "fields": {
      "delivery": 43, 
      "size": 41, 
      "filename": "helloworld.java"
    }
  }, 
  {
    "pk": 132, 
    "model": "core.filemeta", 
    "fields": {
      "delivery": 44, 
      "size": 41, 
      "filename": "helloworld.java"
    }
  }, 
  {
    "pk": 135, 
    "model": "core.filemeta", 
    "fields": {
      "delivery": 45, 
      "size": 41, 
      "filename": "helloworld.java"
    }
  }, 
  {
    "pk": 138, 
    "model": "core.filemeta", 
    "fields": {
      "delivery": 46, 
      "size": 41, 
      "filename": "helloworld.java"
    }
  }, 
  {
    "pk": 141, 
    "model": "core.filemeta", 
    "fields": {
      "delivery": 47, 
      "size": 41, 
      "filename": "helloworld.java"
    }
  }, 
  {
    "pk": 144, 
    "model": "core.filemeta", 
    "fields": {
      "delivery": 48, 
      "size": 41, 
      "filename": "helloworld.java"
    }
  }, 
  {
    "pk": 147, 
    "model": "core.filemeta", 
    "fields": {
      "delivery": 49, 
      "size": 41, 
      "filename": "helloworld.java"
    }
  }, 
  {
    "pk": 150, 
    "model": "core.filemeta", 
    "fields": {
      "delivery": 50, 
      "size": 41, 
      "filename": "helloworld.java"
    }
  }, 
  {
    "pk": 153, 
    "model": "core.filemeta", 
    "fields": {
      "delivery": 51, 
      "size": 41, 
      "filename": "helloworld.java"
    }
  }, 
  {
    "pk": 156, 
    "model": "core.filemeta", 
    "fields": {
      "delivery": 52, 
      "size": 41, 
      "filename": "helloworld.java"
    }
  }, 
  {
    "pk": 159, 
    "model": "core.filemeta", 
    "fields": {
      "delivery": 53, 
      "size": 41, 
      "filename": "helloworld.java"
    }
  }, 
  {
    "pk": 162, 
    "model": "core.filemeta", 
    "fields": {
      "delivery": 54, 
      "size": 41, 
      "filename": "helloworld.java"
    }
  }, 
  {
    "pk": 165, 
    "model": "core.filemeta", 
    "fields": {
      "delivery": 55, 
      "size": 41, 
      "filename": "helloworld.java"
    }
  }, 
  {
    "pk": 168, 
    "model": "core.filemeta", 
    "fields": {
      "delivery": 56, 
      "size": 41, 
      "filename": "helloworld.java"
    }
  }, 
  {
    "pk": 171, 
    "model": "core.filemeta", 
    "fields": {
      "delivery": 57, 
      "size": 41, 
      "filename": "helloworld.java"
    }
  }, 
  {
    "pk": 174, 
    "model": "core.filemeta", 
    "fields": {
      "delivery": 58, 
      "size": 41, 
      "filename": "helloworld.java"
    }
  }, 
  {
    "pk": 177, 
    "model": "core.filemeta", 
    "fields": {
      "delivery": 59, 
      "size": 41, 
      "filename": "helloworld.java"
    }
  }, 
  {
    "pk": 180, 
    "model": "core.filemeta", 
    "fields": {
      "delivery": 60, 
      "size": 41, 
      "filename": "helloworld.java"
    }
  }, 
  {
    "pk": 183, 
    "model": "core.filemeta", 
    "fields": {
      "delivery": 61, 
      "size": 41, 
      "filename": "helloworld.java"
    }
  }, 
  {
    "pk": 186, 
    "model": "core.filemeta", 
    "fields": {
      "delivery": 62, 
      "size": 41, 
      "filename": "helloworld.java"
    }
  }, 
  {
    "pk": 189, 
    "model": "core.filemeta", 
    "fields": {
      "delivery": 63, 
      "size": 41, 
      "filename": "helloworld.java"
    }
  }, 
  {
    "pk": 192, 
    "model": "core.filemeta", 
    "fields": {
      "delivery": 64, 
      "size": 41, 
      "filename": "helloworld.java"
    }
  }, 
  {
    "pk": 195, 
    "model": "core.filemeta", 
    "fields": {
      "delivery": 65, 
      "size": 41, 
      "filename": "helloworld.java"
    }
  }, 
  {
    "pk": 198, 
    "model": "core.filemeta", 
    "fields": {
      "delivery": 66, 
      "size": 41, 
      "filename": "helloworld.java"
    }
  }, 
  {
    "pk": 201, 
    "model": "core.filemeta", 
    "fields": {
      "delivery": 67, 
      "size": 41, 
      "filename": "helloworld.java"
    }
  }, 
  {
    "pk": 204, 
    "model": "core.filemeta", 
    "fields": {
      "delivery": 68, 
      "size": 41, 
      "filename": "helloworld.java"
    }
  }, 
  {
    "pk": 207, 
    "model": "core.filemeta", 
    "fields": {
      "delivery": 69, 
      "size": 41, 
      "filename": "helloworld.java"
    }
  }, 
  {
    "pk": 210, 
    "model": "core.filemeta", 
    "fields": {
      "delivery": 70, 
      "size": 41, 
      "filename": "helloworld.java"
    }
  }, 
  {
    "pk": 213, 
    "model": "core.filemeta", 
    "fields": {
      "delivery": 71, 
      "size": 41, 
      "filename": "helloworld.java"
    }
  }, 
  {
    "pk": 216, 
    "model": "core.filemeta", 
    "fields": {
      "delivery": 72, 
      "size": 41, 
      "filename": "helloworld.java"
    }
  }, 
  {
    "pk": 219, 
    "model": "core.filemeta", 
    "fields": {
      "delivery": 73, 
      "size": 41, 
      "filename": "helloworld.java"
    }
  }, 
  {
    "pk": 222, 
    "model": "core.filemeta", 
    "fields": {
      "delivery": 74, 
      "size": 41, 
      "filename": "helloworld.java"
    }
  }, 
  {
    "pk": 225, 
    "model": "core.filemeta", 
    "fields": {
      "delivery": 75, 
      "size": 41, 
      "filename": "helloworld.java"
    }
  }, 
  {
    "pk": 228, 
    "model": "core.filemeta", 
    "fields": {
      "delivery": 76, 
      "size": 41, 
      "filename": "helloworld.java"
    }
  }, 
  {
    "pk": 231, 
    "model": "core.filemeta", 
    "fields": {
      "delivery": 77, 
      "size": 41, 
      "filename": "helloworld.java"
    }
  }, 
  {
    "pk": 234, 
    "model": "core.filemeta", 
    "fields": {
      "delivery": 78, 
      "size": 41, 
      "filename": "helloworld.java"
    }
  }, 
  {
    "pk": 237, 
    "model": "core.filemeta", 
    "fields": {
      "delivery": 79, 
      "size": 41, 
      "filename": "helloworld.java"
    }
  }, 
  {
    "pk": 240, 
    "model": "core.filemeta", 
    "fields": {
      "delivery": 80, 
      "size": 41, 
      "filename": "helloworld.java"
    }
  }, 
  {
    "pk": 243, 
    "model": "core.filemeta", 
    "fields": {
      "delivery": 81, 
      "size": 41, 
      "filename": "helloworld.java"
    }
  }, 
  {
    "pk": 246, 
    "model": "core.filemeta", 
    "fields": {
      "delivery": 82, 
      "size": 41, 
      "filename": "helloworld.java"
    }
  }, 
  {
    "pk": 249, 
    "model": "core.filemeta", 
    "fields": {
      "delivery": 83, 
      "size": 41, 
      "filename": "helloworld.java"
    }
  }, 
  {
    "pk": 252, 
    "model": "core.filemeta", 
    "fields": {
      "delivery": 84, 
      "size": 41, 
      "filename": "helloworld.java"
    }
  }, 
  {
    "pk": 255, 
    "model": "core.filemeta", 
    "fields": {
      "delivery": 85, 
      "size": 41, 
      "filename": "helloworld.java"
    }
  }, 
  {
    "pk": 258, 
    "model": "core.filemeta", 
    "fields": {
      "delivery": 86, 
      "size": 41, 
      "filename": "helloworld.java"
    }
  }, 
  {
    "pk": 261, 
    "model": "core.filemeta", 
    "fields": {
      "delivery": 87, 
      "size": 41, 
      "filename": "helloworld.java"
    }
  }, 
  {
    "pk": 264, 
    "model": "core.filemeta", 
    "fields": {
      "delivery": 88, 
      "size": 41, 
      "filename": "helloworld.java"
    }
  }, 
  {
    "pk": 267, 
    "model": "core.filemeta", 
    "fields": {
      "delivery": 89, 
      "size": 41, 
      "filename": "helloworld.java"
    }
  }, 
  {
    "pk": 270, 
    "model": "core.filemeta", 
    "fields": {
      "delivery": 90, 
      "size": 41, 
      "filename": "helloworld.java"
    }
  }, 
  {
    "pk": 273, 
    "model": "core.filemeta", 
    "fields": {
      "delivery": 91, 
      "size": 41, 
      "filename": "helloworld.java"
    }
  }, 
  {
    "pk": 276, 
    "model": "core.filemeta", 
    "fields": {
      "delivery": 92, 
      "size": 41, 
      "filename": "helloworld.java"
    }
  }, 
  {
    "pk": 279, 
    "model": "core.filemeta", 
    "fields": {
      "delivery": 93, 
      "size": 41, 
      "filename": "helloworld.java"
    }
  }, 
  {
    "pk": 282, 
    "model": "core.filemeta", 
    "fields": {
      "delivery": 94, 
      "size": 41, 
      "filename": "helloworld.java"
    }
  }, 
  {
    "pk": 285, 
    "model": "core.filemeta", 
    "fields": {
      "delivery": 95, 
      "size": 41, 
      "filename": "helloworld.java"
    }
  }, 
  {
    "pk": 288, 
    "model": "core.filemeta", 
    "fields": {
      "delivery": 96, 
      "size": 41, 
      "filename": "helloworld.java"
    }
  }, 
  {
    "pk": 291, 
    "model": "core.filemeta", 
    "fields": {
      "delivery": 97, 
      "size": 41, 
      "filename": "helloworld.java"
    }
  }, 
  {
    "pk": 294, 
    "model": "core.filemeta", 
    "fields": {
      "delivery": 98, 
      "size": 41, 
      "filename": "helloworld.java"
    }
  }, 
  {
    "pk": 297, 
    "model": "core.filemeta", 
    "fields": {
      "delivery": 99, 
      "size": 41, 
      "filename": "helloworld.java"
    }
  }, 
  {
    "pk": 300, 
    "model": "core.filemeta", 
    "fields": {
      "delivery": 100, 
      "size": 41, 
      "filename": "helloworld.java"
    }
  }, 
  {
    "pk": 303, 
    "model": "core.filemeta", 
    "fields": {
      "delivery": 101, 
      "size": 41, 
      "filename": "helloworld.java"
    }
  }, 
  {
    "pk": 306, 
    "model": "core.filemeta", 
    "fields": {
      "delivery": 102, 
      "size": 41, 
      "filename": "helloworld.java"
    }
  }, 
  {
    "pk": 309, 
    "model": "core.filemeta", 
    "fields": {
      "delivery": 103, 
      "size": 41, 
      "filename": "helloworld.java"
    }
  }, 
  {
    "pk": 312, 
    "model": "core.filemeta", 
    "fields": {
      "delivery": 104, 
      "size": 41, 
      "filename": "helloworld.java"
    }
  }, 
  {
    "pk": 315, 
    "model": "core.filemeta", 
    "fields": {
      "delivery": 105, 
      "size": 41, 
      "filename": "helloworld.java"
    }
  }, 
  {
    "pk": 318, 
    "model": "core.filemeta", 
    "fields": {
      "delivery": 106, 
      "size": 41, 
      "filename": "helloworld.java"
    }
  }, 
  {
    "pk": 321, 
    "model": "core.filemeta", 
    "fields": {
      "delivery": 107, 
      "size": 41, 
      "filename": "helloworld.java"
    }
  }, 
  {
    "pk": 324, 
    "model": "core.filemeta", 
    "fields": {
      "delivery": 108, 
      "size": 41, 
      "filename": "helloworld.java"
    }
  }, 
  {
    "pk": 327, 
    "model": "core.filemeta", 
    "fields": {
      "delivery": 109, 
      "size": 41, 
      "filename": "helloworld.java"
    }
  }, 
  {
    "pk": 330, 
    "model": "core.filemeta", 
    "fields": {
      "delivery": 110, 
      "size": 41, 
      "filename": "helloworld.java"
    }
  }, 
  {
    "pk": 333, 
    "model": "core.filemeta", 
    "fields": {
      "delivery": 111, 
      "size": 41, 
      "filename": "helloworld.java"
    }
  }, 
  {
    "pk": 336, 
    "model": "core.filemeta", 
    "fields": {
      "delivery": 112, 
      "size": 41, 
      "filename": "helloworld.java"
    }
  }, 
  {
    "pk": 339, 
    "model": "core.filemeta", 
    "fields": {
      "delivery": 113, 
      "size": 41, 
      "filename": "helloworld.java"
    }
  }, 
  {
    "pk": 342, 
    "model": "core.filemeta", 
    "fields": {
      "delivery": 114, 
      "size": 41, 
      "filename": "helloworld.java"
    }
  }, 
  {
    "pk": 345, 
    "model": "core.filemeta", 
    "fields": {
      "delivery": 115, 
      "size": 41, 
      "filename": "helloworld.java"
    }
  }, 
  {
    "pk": 348, 
    "model": "core.filemeta", 
    "fields": {
      "delivery": 116, 
      "size": 41, 
      "filename": "helloworld.java"
    }
  }, 
  {
    "pk": 351, 
    "model": "core.filemeta", 
    "fields": {
      "delivery": 117, 
      "size": 41, 
      "filename": "helloworld.java"
    }
  }, 
  {
    "pk": 354, 
    "model": "core.filemeta", 
    "fields": {
      "delivery": 118, 
      "size": 41, 
      "filename": "helloworld.java"
    }
  }, 
  {
    "pk": 357, 
    "model": "core.filemeta", 
    "fields": {
      "delivery": 119, 
      "size": 41, 
      "filename": "helloworld.java"
    }
  }, 
  {
    "pk": 360, 
    "model": "core.filemeta", 
    "fields": {
      "delivery": 120, 
      "size": 41, 
      "filename": "helloworld.java"
    }
  }, 
  {
    "pk": 363, 
    "model": "core.filemeta", 
    "fields": {
      "delivery": 121, 
      "size": 41, 
      "filename": "helloworld.java"
    }
  }, 
  {
    "pk": 366, 
    "model": "core.filemeta", 
    "fields": {
      "delivery": 122, 
      "size": 41, 
      "filename": "helloworld.java"
    }
  }, 
  {
    "pk": 369, 
    "model": "core.filemeta", 
    "fields": {
      "delivery": 123, 
      "size": 41, 
      "filename": "helloworld.java"
    }
  }, 
  {
    "pk": 2, 
    "model": "core.filemeta", 
    "fields": {
      "delivery": 1, 
      "size": 19, 
      "filename": "helloworld.py"
    }
  }, 
  {
    "pk": 5, 
    "model": "core.filemeta", 
    "fields": {
      "delivery": 2, 
      "size": 19, 
      "filename": "helloworld.py"
    }
  }, 
  {
    "pk": 8, 
    "model": "core.filemeta", 
    "fields": {
      "delivery": 3, 
      "size": 19, 
      "filename": "helloworld.py"
    }
  }, 
  {
    "pk": 11, 
    "model": "core.filemeta", 
    "fields": {
      "delivery": 4, 
      "size": 19, 
      "filename": "helloworld.py"
    }
  }, 
  {
    "pk": 14, 
    "model": "core.filemeta", 
    "fields": {
      "delivery": 5, 
      "size": 19, 
      "filename": "helloworld.py"
    }
  }, 
  {
    "pk": 17, 
    "model": "core.filemeta", 
    "fields": {
      "delivery": 6, 
      "size": 19, 
      "filename": "helloworld.py"
    }
  }, 
  {
    "pk": 20, 
    "model": "core.filemeta", 
    "fields": {
      "delivery": 7, 
      "size": 19, 
      "filename": "helloworld.py"
    }
  }, 
  {
    "pk": 23, 
    "model": "core.filemeta", 
    "fields": {
      "delivery": 8, 
      "size": 19, 
      "filename": "helloworld.py"
    }
  }, 
  {
    "pk": 26, 
    "model": "core.filemeta", 
    "fields": {
      "delivery": 9, 
      "size": 19, 
      "filename": "helloworld.py"
    }
  }, 
  {
    "pk": 29, 
    "model": "core.filemeta", 
    "fields": {
      "delivery": 10, 
      "size": 19, 
      "filename": "helloworld.py"
    }
  }, 
  {
    "pk": 32, 
    "model": "core.filemeta", 
    "fields": {
      "delivery": 11, 
      "size": 19, 
      "filename": "helloworld.py"
    }
  }, 
  {
    "pk": 35, 
    "model": "core.filemeta", 
    "fields": {
      "delivery": 12, 
      "size": 19, 
      "filename": "helloworld.py"
    }
  }, 
  {
    "pk": 38, 
    "model": "core.filemeta", 
    "fields": {
      "delivery": 13, 
      "size": 19, 
      "filename": "helloworld.py"
    }
  }, 
  {
    "pk": 41, 
    "model": "core.filemeta", 
    "fields": {
      "delivery": 14, 
      "size": 19, 
      "filename": "helloworld.py"
    }
  }, 
  {
    "pk": 44, 
    "model": "core.filemeta", 
    "fields": {
      "delivery": 15, 
      "size": 19, 
      "filename": "helloworld.py"
    }
  }, 
  {
    "pk": 47, 
    "model": "core.filemeta", 
    "fields": {
      "delivery": 16, 
      "size": 19, 
      "filename": "helloworld.py"
    }
  }, 
  {
    "pk": 50, 
    "model": "core.filemeta", 
    "fields": {
      "delivery": 17, 
      "size": 19, 
      "filename": "helloworld.py"
    }
  }, 
  {
    "pk": 53, 
    "model": "core.filemeta", 
    "fields": {
      "delivery": 18, 
      "size": 19, 
      "filename": "helloworld.py"
    }
  }, 
  {
    "pk": 56, 
    "model": "core.filemeta", 
    "fields": {
      "delivery": 19, 
      "size": 19, 
      "filename": "helloworld.py"
    }
  }, 
  {
    "pk": 59, 
    "model": "core.filemeta", 
    "fields": {
      "delivery": 20, 
      "size": 19, 
      "filename": "helloworld.py"
    }
  }, 
  {
    "pk": 62, 
    "model": "core.filemeta", 
    "fields": {
      "delivery": 21, 
      "size": 19, 
      "filename": "helloworld.py"
    }
  }, 
  {
    "pk": 65, 
    "model": "core.filemeta", 
    "fields": {
      "delivery": 22, 
      "size": 19, 
      "filename": "helloworld.py"
    }
  }, 
  {
    "pk": 68, 
    "model": "core.filemeta", 
    "fields": {
      "delivery": 23, 
      "size": 19, 
      "filename": "helloworld.py"
    }
  }, 
  {
    "pk": 71, 
    "model": "core.filemeta", 
    "fields": {
      "delivery": 24, 
      "size": 19, 
      "filename": "helloworld.py"
    }
  }, 
  {
    "pk": 74, 
    "model": "core.filemeta", 
    "fields": {
      "delivery": 25, 
      "size": 19, 
      "filename": "helloworld.py"
    }
  }, 
  {
    "pk": 77, 
    "model": "core.filemeta", 
    "fields": {
      "delivery": 26, 
      "size": 19, 
      "filename": "helloworld.py"
    }
  }, 
  {
    "pk": 80, 
    "model": "core.filemeta", 
    "fields": {
      "delivery": 27, 
      "size": 19, 
      "filename": "helloworld.py"
    }
  }, 
  {
    "pk": 83, 
    "model": "core.filemeta", 
    "fields": {
      "delivery": 28, 
      "size": 19, 
      "filename": "helloworld.py"
    }
  }, 
  {
    "pk": 86, 
    "model": "core.filemeta", 
    "fields": {
      "delivery": 29, 
      "size": 19, 
      "filename": "helloworld.py"
    }
  }, 
  {
    "pk": 89, 
    "model": "core.filemeta", 
    "fields": {
      "delivery": 30, 
      "size": 19, 
      "filename": "helloworld.py"
    }
  }, 
  {
    "pk": 92, 
    "model": "core.filemeta", 
    "fields": {
      "delivery": 31, 
      "size": 19, 
      "filename": "helloworld.py"
    }
  }, 
  {
    "pk": 95, 
    "model": "core.filemeta", 
    "fields": {
      "delivery": 32, 
      "size": 19, 
      "filename": "helloworld.py"
    }
  }, 
  {
    "pk": 98, 
    "model": "core.filemeta", 
    "fields": {
      "delivery": 33, 
      "size": 19, 
      "filename": "helloworld.py"
    }
  }, 
  {
    "pk": 101, 
    "model": "core.filemeta", 
    "fields": {
      "delivery": 34, 
      "size": 19, 
      "filename": "helloworld.py"
    }
  }, 
  {
    "pk": 104, 
    "model": "core.filemeta", 
    "fields": {
      "delivery": 35, 
      "size": 19, 
      "filename": "helloworld.py"
    }
  }, 
  {
    "pk": 107, 
    "model": "core.filemeta", 
    "fields": {
      "delivery": 36, 
      "size": 19, 
      "filename": "helloworld.py"
    }
  }, 
  {
    "pk": 110, 
    "model": "core.filemeta", 
    "fields": {
      "delivery": 37, 
      "size": 19, 
      "filename": "helloworld.py"
    }
  }, 
  {
    "pk": 113, 
    "model": "core.filemeta", 
    "fields": {
      "delivery": 38, 
      "size": 19, 
      "filename": "helloworld.py"
    }
  }, 
  {
    "pk": 116, 
    "model": "core.filemeta", 
    "fields": {
      "delivery": 39, 
      "size": 19, 
      "filename": "helloworld.py"
    }
  }, 
  {
    "pk": 119, 
    "model": "core.filemeta", 
    "fields": {
      "delivery": 40, 
      "size": 19, 
      "filename": "helloworld.py"
    }
  }, 
  {
    "pk": 122, 
    "model": "core.filemeta", 
    "fields": {
      "delivery": 41, 
      "size": 19, 
      "filename": "helloworld.py"
    }
  }, 
  {
    "pk": 125, 
    "model": "core.filemeta", 
    "fields": {
      "delivery": 42, 
      "size": 19, 
      "filename": "helloworld.py"
    }
  }, 
  {
    "pk": 128, 
    "model": "core.filemeta", 
    "fields": {
      "delivery": 43, 
      "size": 19, 
      "filename": "helloworld.py"
    }
  }, 
  {
    "pk": 131, 
    "model": "core.filemeta", 
    "fields": {
      "delivery": 44, 
      "size": 19, 
      "filename": "helloworld.py"
    }
  }, 
  {
    "pk": 134, 
    "model": "core.filemeta", 
    "fields": {
      "delivery": 45, 
      "size": 19, 
      "filename": "helloworld.py"
    }
  }, 
  {
    "pk": 137, 
    "model": "core.filemeta", 
    "fields": {
      "delivery": 46, 
      "size": 19, 
      "filename": "helloworld.py"
    }
  }, 
  {
    "pk": 140, 
    "model": "core.filemeta", 
    "fields": {
      "delivery": 47, 
      "size": 19, 
      "filename": "helloworld.py"
    }
  }, 
  {
    "pk": 143, 
    "model": "core.filemeta", 
    "fields": {
      "delivery": 48, 
      "size": 19, 
      "filename": "helloworld.py"
    }
  }, 
  {
    "pk": 146, 
    "model": "core.filemeta", 
    "fields": {
      "delivery": 49, 
      "size": 19, 
      "filename": "helloworld.py"
    }
  }, 
  {
    "pk": 149, 
    "model": "core.filemeta", 
    "fields": {
      "delivery": 50, 
      "size": 19, 
      "filename": "helloworld.py"
    }
  }, 
  {
    "pk": 152, 
    "model": "core.filemeta", 
    "fields": {
      "delivery": 51, 
      "size": 19, 
      "filename": "helloworld.py"
    }
  }, 
  {
    "pk": 155, 
    "model": "core.filemeta", 
    "fields": {
      "delivery": 52, 
      "size": 19, 
      "filename": "helloworld.py"
    }
  }, 
  {
    "pk": 158, 
    "model": "core.filemeta", 
    "fields": {
      "delivery": 53, 
      "size": 19, 
      "filename": "helloworld.py"
    }
  }, 
  {
    "pk": 161, 
    "model": "core.filemeta", 
    "fields": {
      "delivery": 54, 
      "size": 19, 
      "filename": "helloworld.py"
    }
  }, 
  {
    "pk": 164, 
    "model": "core.filemeta", 
    "fields": {
      "delivery": 55, 
      "size": 19, 
      "filename": "helloworld.py"
    }
  }, 
  {
    "pk": 167, 
    "model": "core.filemeta", 
    "fields": {
      "delivery": 56, 
      "size": 19, 
      "filename": "helloworld.py"
    }
  }, 
  {
    "pk": 170, 
    "model": "core.filemeta", 
    "fields": {
      "delivery": 57, 
      "size": 19, 
      "filename": "helloworld.py"
    }
  }, 
  {
    "pk": 173, 
    "model": "core.filemeta", 
    "fields": {
      "delivery": 58, 
      "size": 19, 
      "filename": "helloworld.py"
    }
  }, 
  {
    "pk": 176, 
    "model": "core.filemeta", 
    "fields": {
      "delivery": 59, 
      "size": 19, 
      "filename": "helloworld.py"
    }
  }, 
  {
    "pk": 179, 
    "model": "core.filemeta", 
    "fields": {
      "delivery": 60, 
      "size": 19, 
      "filename": "helloworld.py"
    }
  }, 
  {
    "pk": 182, 
    "model": "core.filemeta", 
    "fields": {
      "delivery": 61, 
      "size": 19, 
      "filename": "helloworld.py"
    }
  }, 
  {
    "pk": 185, 
    "model": "core.filemeta", 
    "fields": {
      "delivery": 62, 
      "size": 19, 
      "filename": "helloworld.py"
    }
  }, 
  {
    "pk": 188, 
    "model": "core.filemeta", 
    "fields": {
      "delivery": 63, 
      "size": 19, 
      "filename": "helloworld.py"
    }
  }, 
  {
    "pk": 191, 
    "model": "core.filemeta", 
    "fields": {
      "delivery": 64, 
      "size": 19, 
      "filename": "helloworld.py"
    }
  }, 
  {
    "pk": 194, 
    "model": "core.filemeta", 
    "fields": {
      "delivery": 65, 
      "size": 19, 
      "filename": "helloworld.py"
    }
  }, 
  {
    "pk": 197, 
    "model": "core.filemeta", 
    "fields": {
      "delivery": 66, 
      "size": 19, 
      "filename": "helloworld.py"
    }
  }, 
  {
    "pk": 200, 
    "model": "core.filemeta", 
    "fields": {
      "delivery": 67, 
      "size": 19, 
      "filename": "helloworld.py"
    }
  }, 
  {
    "pk": 203, 
    "model": "core.filemeta", 
    "fields": {
      "delivery": 68, 
      "size": 19, 
      "filename": "helloworld.py"
    }
  }, 
  {
    "pk": 206, 
    "model": "core.filemeta", 
    "fields": {
      "delivery": 69, 
      "size": 19, 
      "filename": "helloworld.py"
    }
  }, 
  {
    "pk": 209, 
    "model": "core.filemeta", 
    "fields": {
      "delivery": 70, 
      "size": 19, 
      "filename": "helloworld.py"
    }
  }, 
  {
    "pk": 212, 
    "model": "core.filemeta", 
    "fields": {
      "delivery": 71, 
      "size": 19, 
      "filename": "helloworld.py"
    }
  }, 
  {
    "pk": 215, 
    "model": "core.filemeta", 
    "fields": {
      "delivery": 72, 
      "size": 19, 
      "filename": "helloworld.py"
    }
  }, 
  {
    "pk": 218, 
    "model": "core.filemeta", 
    "fields": {
      "delivery": 73, 
      "size": 19, 
      "filename": "helloworld.py"
    }
  }, 
  {
    "pk": 221, 
    "model": "core.filemeta", 
    "fields": {
      "delivery": 74, 
      "size": 19, 
      "filename": "helloworld.py"
    }
  }, 
  {
    "pk": 224, 
    "model": "core.filemeta", 
    "fields": {
      "delivery": 75, 
      "size": 19, 
      "filename": "helloworld.py"
    }
  }, 
  {
    "pk": 227, 
    "model": "core.filemeta", 
    "fields": {
      "delivery": 76, 
      "size": 19, 
      "filename": "helloworld.py"
    }
  }, 
  {
    "pk": 230, 
    "model": "core.filemeta", 
    "fields": {
      "delivery": 77, 
      "size": 19, 
      "filename": "helloworld.py"
    }
  }, 
  {
    "pk": 233, 
    "model": "core.filemeta", 
    "fields": {
      "delivery": 78, 
      "size": 19, 
      "filename": "helloworld.py"
    }
  }, 
  {
    "pk": 236, 
    "model": "core.filemeta", 
    "fields": {
      "delivery": 79, 
      "size": 19, 
      "filename": "helloworld.py"
    }
  }, 
  {
    "pk": 239, 
    "model": "core.filemeta", 
    "fields": {
      "delivery": 80, 
      "size": 19, 
      "filename": "helloworld.py"
    }
  }, 
  {
    "pk": 242, 
    "model": "core.filemeta", 
    "fields": {
      "delivery": 81, 
      "size": 19, 
      "filename": "helloworld.py"
    }
  }, 
  {
    "pk": 245, 
    "model": "core.filemeta", 
    "fields": {
      "delivery": 82, 
      "size": 19, 
      "filename": "helloworld.py"
    }
  }, 
  {
    "pk": 248, 
    "model": "core.filemeta", 
    "fields": {
      "delivery": 83, 
      "size": 19, 
      "filename": "helloworld.py"
    }
  }, 
  {
    "pk": 251, 
    "model": "core.filemeta", 
    "fields": {
      "delivery": 84, 
      "size": 19, 
      "filename": "helloworld.py"
    }
  }, 
  {
    "pk": 254, 
    "model": "core.filemeta", 
    "fields": {
      "delivery": 85, 
      "size": 19, 
      "filename": "helloworld.py"
    }
  }, 
  {
    "pk": 257, 
    "model": "core.filemeta", 
    "fields": {
      "delivery": 86, 
      "size": 19, 
      "filename": "helloworld.py"
    }
  }, 
  {
    "pk": 260, 
    "model": "core.filemeta", 
    "fields": {
      "delivery": 87, 
      "size": 19, 
      "filename": "helloworld.py"
    }
  }, 
  {
    "pk": 263, 
    "model": "core.filemeta", 
    "fields": {
      "delivery": 88, 
      "size": 19, 
      "filename": "helloworld.py"
    }
  }, 
  {
    "pk": 266, 
    "model": "core.filemeta", 
    "fields": {
      "delivery": 89, 
      "size": 19, 
      "filename": "helloworld.py"
    }
  }, 
  {
    "pk": 269, 
    "model": "core.filemeta", 
    "fields": {
      "delivery": 90, 
      "size": 19, 
      "filename": "helloworld.py"
    }
  }, 
  {
    "pk": 272, 
    "model": "core.filemeta", 
    "fields": {
      "delivery": 91, 
      "size": 19, 
      "filename": "helloworld.py"
    }
  }, 
  {
    "pk": 275, 
    "model": "core.filemeta", 
    "fields": {
      "delivery": 92, 
      "size": 19, 
      "filename": "helloworld.py"
    }
  }, 
  {
    "pk": 278, 
    "model": "core.filemeta", 
    "fields": {
      "delivery": 93, 
      "size": 19, 
      "filename": "helloworld.py"
    }
  }, 
  {
    "pk": 281, 
    "model": "core.filemeta", 
    "fields": {
      "delivery": 94, 
      "size": 19, 
      "filename": "helloworld.py"
    }
  }, 
  {
    "pk": 284, 
    "model": "core.filemeta", 
    "fields": {
      "delivery": 95, 
      "size": 19, 
      "filename": "helloworld.py"
    }
  }, 
  {
    "pk": 287, 
    "model": "core.filemeta", 
    "fields": {
      "delivery": 96, 
      "size": 19, 
      "filename": "helloworld.py"
    }
  }, 
  {
    "pk": 290, 
    "model": "core.filemeta", 
    "fields": {
      "delivery": 97, 
      "size": 19, 
      "filename": "helloworld.py"
    }
  }, 
  {
    "pk": 293, 
    "model": "core.filemeta", 
    "fields": {
      "delivery": 98, 
      "size": 19, 
      "filename": "helloworld.py"
    }
  }, 
  {
    "pk": 296, 
    "model": "core.filemeta", 
    "fields": {
      "delivery": 99, 
      "size": 19, 
      "filename": "helloworld.py"
    }
  }, 
  {
    "pk": 299, 
    "model": "core.filemeta", 
    "fields": {
      "delivery": 100, 
      "size": 19, 
      "filename": "helloworld.py"
    }
  }, 
  {
    "pk": 302, 
    "model": "core.filemeta", 
    "fields": {
      "delivery": 101, 
      "size": 19, 
      "filename": "helloworld.py"
    }
  }, 
  {
    "pk": 305, 
    "model": "core.filemeta", 
    "fields": {
      "delivery": 102, 
      "size": 19, 
      "filename": "helloworld.py"
    }
  }, 
  {
    "pk": 308, 
    "model": "core.filemeta", 
    "fields": {
      "delivery": 103, 
      "size": 19, 
      "filename": "helloworld.py"
    }
  }, 
  {
    "pk": 311, 
    "model": "core.filemeta", 
    "fields": {
      "delivery": 104, 
      "size": 19, 
      "filename": "helloworld.py"
    }
  }, 
  {
    "pk": 314, 
    "model": "core.filemeta", 
    "fields": {
      "delivery": 105, 
      "size": 19, 
      "filename": "helloworld.py"
    }
  }, 
  {
    "pk": 317, 
    "model": "core.filemeta", 
    "fields": {
      "delivery": 106, 
      "size": 19, 
      "filename": "helloworld.py"
    }
  }, 
  {
    "pk": 320, 
    "model": "core.filemeta", 
    "fields": {
      "delivery": 107, 
      "size": 19, 
      "filename": "helloworld.py"
    }
  }, 
  {
    "pk": 323, 
    "model": "core.filemeta", 
    "fields": {
      "delivery": 108, 
      "size": 19, 
      "filename": "helloworld.py"
    }
  }, 
  {
    "pk": 326, 
    "model": "core.filemeta", 
    "fields": {
      "delivery": 109, 
      "size": 19, 
      "filename": "helloworld.py"
    }
  }, 
  {
    "pk": 329, 
    "model": "core.filemeta", 
    "fields": {
      "delivery": 110, 
      "size": 19, 
      "filename": "helloworld.py"
    }
  }, 
  {
    "pk": 332, 
    "model": "core.filemeta", 
    "fields": {
      "delivery": 111, 
      "size": 19, 
      "filename": "helloworld.py"
    }
  }, 
  {
    "pk": 335, 
    "model": "core.filemeta", 
    "fields": {
      "delivery": 112, 
      "size": 19, 
      "filename": "helloworld.py"
    }
  }, 
  {
    "pk": 338, 
    "model": "core.filemeta", 
    "fields": {
      "delivery": 113, 
      "size": 19, 
      "filename": "helloworld.py"
    }
  }, 
  {
    "pk": 341, 
    "model": "core.filemeta", 
    "fields": {
      "delivery": 114, 
      "size": 19, 
      "filename": "helloworld.py"
    }
  }, 
  {
    "pk": 344, 
    "model": "core.filemeta", 
    "fields": {
      "delivery": 115, 
      "size": 19, 
      "filename": "helloworld.py"
    }
  }, 
  {
    "pk": 347, 
    "model": "core.filemeta", 
    "fields": {
      "delivery": 116, 
      "size": 19, 
      "filename": "helloworld.py"
    }
  }, 
  {
    "pk": 350, 
    "model": "core.filemeta", 
    "fields": {
      "delivery": 117, 
      "size": 19, 
      "filename": "helloworld.py"
    }
  }, 
  {
    "pk": 353, 
    "model": "core.filemeta", 
    "fields": {
      "delivery": 118, 
      "size": 19, 
      "filename": "helloworld.py"
    }
  }, 
  {
    "pk": 356, 
    "model": "core.filemeta", 
    "fields": {
      "delivery": 119, 
      "size": 19, 
      "filename": "helloworld.py"
    }
  }, 
  {
    "pk": 359, 
    "model": "core.filemeta", 
    "fields": {
      "delivery": 120, 
      "size": 19, 
      "filename": "helloworld.py"
    }
  }, 
  {
    "pk": 362, 
    "model": "core.filemeta", 
    "fields": {
      "delivery": 121, 
      "size": 19, 
      "filename": "helloworld.py"
    }
  }, 
  {
    "pk": 365, 
    "model": "core.filemeta", 
    "fields": {
      "delivery": 122, 
      "size": 19, 
      "filename": "helloworld.py"
    }
  }, 
  {
    "pk": 368, 
    "model": "core.filemeta", 
    "fields": {
      "delivery": 123, 
      "size": 19, 
      "filename": "helloworld.py"
    }
  }, 
  {
    "pk": 1, 
    "model": "core.filemeta", 
    "fields": {
      "delivery": 1, 
      "size": 17, 
      "filename": "helloworld.txt"
    }
  }, 
  {
    "pk": 4, 
    "model": "core.filemeta", 
    "fields": {
      "delivery": 2, 
      "size": 17, 
      "filename": "helloworld.txt"
    }
  }, 
  {
    "pk": 7, 
    "model": "core.filemeta", 
    "fields": {
      "delivery": 3, 
      "size": 17, 
      "filename": "helloworld.txt"
    }
  }, 
  {
    "pk": 10, 
    "model": "core.filemeta", 
    "fields": {
      "delivery": 4, 
      "size": 17, 
      "filename": "helloworld.txt"
    }
  }, 
  {
    "pk": 13, 
    "model": "core.filemeta", 
    "fields": {
      "delivery": 5, 
      "size": 17, 
      "filename": "helloworld.txt"
    }
  }, 
  {
    "pk": 16, 
    "model": "core.filemeta", 
    "fields": {
      "delivery": 6, 
      "size": 17, 
      "filename": "helloworld.txt"
    }
  }, 
  {
    "pk": 19, 
    "model": "core.filemeta", 
    "fields": {
      "delivery": 7, 
      "size": 17, 
      "filename": "helloworld.txt"
    }
  }, 
  {
    "pk": 22, 
    "model": "core.filemeta", 
    "fields": {
      "delivery": 8, 
      "size": 17, 
      "filename": "helloworld.txt"
    }
  }, 
  {
    "pk": 25, 
    "model": "core.filemeta", 
    "fields": {
      "delivery": 9, 
      "size": 17, 
      "filename": "helloworld.txt"
    }
  }, 
  {
    "pk": 28, 
    "model": "core.filemeta", 
    "fields": {
      "delivery": 10, 
      "size": 17, 
      "filename": "helloworld.txt"
    }
  }, 
  {
    "pk": 31, 
    "model": "core.filemeta", 
    "fields": {
      "delivery": 11, 
      "size": 17, 
      "filename": "helloworld.txt"
    }
  }, 
  {
    "pk": 34, 
    "model": "core.filemeta", 
    "fields": {
      "delivery": 12, 
      "size": 17, 
      "filename": "helloworld.txt"
    }
  }, 
  {
    "pk": 37, 
    "model": "core.filemeta", 
    "fields": {
      "delivery": 13, 
      "size": 17, 
      "filename": "helloworld.txt"
    }
  }, 
  {
    "pk": 40, 
    "model": "core.filemeta", 
    "fields": {
      "delivery": 14, 
      "size": 17, 
      "filename": "helloworld.txt"
    }
  }, 
  {
    "pk": 43, 
    "model": "core.filemeta", 
    "fields": {
      "delivery": 15, 
      "size": 17, 
      "filename": "helloworld.txt"
    }
  }, 
  {
    "pk": 46, 
    "model": "core.filemeta", 
    "fields": {
      "delivery": 16, 
      "size": 17, 
      "filename": "helloworld.txt"
    }
  }, 
  {
    "pk": 49, 
    "model": "core.filemeta", 
    "fields": {
      "delivery": 17, 
      "size": 17, 
      "filename": "helloworld.txt"
    }
  }, 
  {
    "pk": 52, 
    "model": "core.filemeta", 
    "fields": {
      "delivery": 18, 
      "size": 17, 
      "filename": "helloworld.txt"
    }
  }, 
  {
    "pk": 55, 
    "model": "core.filemeta", 
    "fields": {
      "delivery": 19, 
      "size": 17, 
      "filename": "helloworld.txt"
    }
  }, 
  {
    "pk": 58, 
    "model": "core.filemeta", 
    "fields": {
      "delivery": 20, 
      "size": 17, 
      "filename": "helloworld.txt"
    }
  }, 
  {
    "pk": 61, 
    "model": "core.filemeta", 
    "fields": {
      "delivery": 21, 
      "size": 17, 
      "filename": "helloworld.txt"
    }
  }, 
  {
    "pk": 64, 
    "model": "core.filemeta", 
    "fields": {
      "delivery": 22, 
      "size": 17, 
      "filename": "helloworld.txt"
    }
  }, 
  {
    "pk": 67, 
    "model": "core.filemeta", 
    "fields": {
      "delivery": 23, 
      "size": 17, 
      "filename": "helloworld.txt"
    }
  }, 
  {
    "pk": 70, 
    "model": "core.filemeta", 
    "fields": {
      "delivery": 24, 
      "size": 17, 
      "filename": "helloworld.txt"
    }
  }, 
  {
    "pk": 73, 
    "model": "core.filemeta", 
    "fields": {
      "delivery": 25, 
      "size": 17, 
      "filename": "helloworld.txt"
    }
  }, 
  {
    "pk": 76, 
    "model": "core.filemeta", 
    "fields": {
      "delivery": 26, 
      "size": 17, 
      "filename": "helloworld.txt"
    }
  }, 
  {
    "pk": 79, 
    "model": "core.filemeta", 
    "fields": {
      "delivery": 27, 
      "size": 17, 
      "filename": "helloworld.txt"
    }
  }, 
  {
    "pk": 82, 
    "model": "core.filemeta", 
    "fields": {
      "delivery": 28, 
      "size": 17, 
      "filename": "helloworld.txt"
    }
  }, 
  {
    "pk": 85, 
    "model": "core.filemeta", 
    "fields": {
      "delivery": 29, 
      "size": 17, 
      "filename": "helloworld.txt"
    }
  }, 
  {
    "pk": 88, 
    "model": "core.filemeta", 
    "fields": {
      "delivery": 30, 
      "size": 17, 
      "filename": "helloworld.txt"
    }
  }, 
  {
    "pk": 91, 
    "model": "core.filemeta", 
    "fields": {
      "delivery": 31, 
      "size": 17, 
      "filename": "helloworld.txt"
    }
  }, 
  {
    "pk": 94, 
    "model": "core.filemeta", 
    "fields": {
      "delivery": 32, 
      "size": 17, 
      "filename": "helloworld.txt"
    }
  }, 
  {
    "pk": 97, 
    "model": "core.filemeta", 
    "fields": {
      "delivery": 33, 
      "size": 17, 
      "filename": "helloworld.txt"
    }
  }, 
  {
    "pk": 100, 
    "model": "core.filemeta", 
    "fields": {
      "delivery": 34, 
      "size": 17, 
      "filename": "helloworld.txt"
    }
  }, 
  {
    "pk": 103, 
    "model": "core.filemeta", 
    "fields": {
      "delivery": 35, 
      "size": 17, 
      "filename": "helloworld.txt"
    }
  }, 
  {
    "pk": 106, 
    "model": "core.filemeta", 
    "fields": {
      "delivery": 36, 
      "size": 17, 
      "filename": "helloworld.txt"
    }
  }, 
  {
    "pk": 109, 
    "model": "core.filemeta", 
    "fields": {
      "delivery": 37, 
      "size": 17, 
      "filename": "helloworld.txt"
    }
  }, 
  {
    "pk": 112, 
    "model": "core.filemeta", 
    "fields": {
      "delivery": 38, 
      "size": 17, 
      "filename": "helloworld.txt"
    }
  }, 
  {
    "pk": 115, 
    "model": "core.filemeta", 
    "fields": {
      "delivery": 39, 
      "size": 17, 
      "filename": "helloworld.txt"
    }
  }, 
  {
    "pk": 118, 
    "model": "core.filemeta", 
    "fields": {
      "delivery": 40, 
      "size": 17, 
      "filename": "helloworld.txt"
    }
  }, 
  {
    "pk": 121, 
    "model": "core.filemeta", 
    "fields": {
      "delivery": 41, 
      "size": 17, 
      "filename": "helloworld.txt"
    }
  }, 
  {
    "pk": 124, 
    "model": "core.filemeta", 
    "fields": {
      "delivery": 42, 
      "size": 17, 
      "filename": "helloworld.txt"
    }
  }, 
  {
    "pk": 127, 
    "model": "core.filemeta", 
    "fields": {
      "delivery": 43, 
      "size": 17, 
      "filename": "helloworld.txt"
    }
  }, 
  {
    "pk": 130, 
    "model": "core.filemeta", 
    "fields": {
      "delivery": 44, 
      "size": 17, 
      "filename": "helloworld.txt"
    }
  }, 
  {
    "pk": 133, 
    "model": "core.filemeta", 
    "fields": {
      "delivery": 45, 
      "size": 17, 
      "filename": "helloworld.txt"
    }
  }, 
  {
    "pk": 136, 
    "model": "core.filemeta", 
    "fields": {
      "delivery": 46, 
      "size": 17, 
      "filename": "helloworld.txt"
    }
  }, 
  {
    "pk": 139, 
    "model": "core.filemeta", 
    "fields": {
      "delivery": 47, 
      "size": 17, 
      "filename": "helloworld.txt"
    }
  }, 
  {
    "pk": 142, 
    "model": "core.filemeta", 
    "fields": {
      "delivery": 48, 
      "size": 17, 
      "filename": "helloworld.txt"
    }
  }, 
  {
    "pk": 145, 
    "model": "core.filemeta", 
    "fields": {
      "delivery": 49, 
      "size": 17, 
      "filename": "helloworld.txt"
    }
  }, 
  {
    "pk": 148, 
    "model": "core.filemeta", 
    "fields": {
      "delivery": 50, 
      "size": 17, 
      "filename": "helloworld.txt"
    }
  }, 
  {
    "pk": 151, 
    "model": "core.filemeta", 
    "fields": {
      "delivery": 51, 
      "size": 17, 
      "filename": "helloworld.txt"
    }
  }, 
  {
    "pk": 154, 
    "model": "core.filemeta", 
    "fields": {
      "delivery": 52, 
      "size": 17, 
      "filename": "helloworld.txt"
    }
  }, 
  {
    "pk": 157, 
    "model": "core.filemeta", 
    "fields": {
      "delivery": 53, 
      "size": 17, 
      "filename": "helloworld.txt"
    }
  }, 
  {
    "pk": 160, 
    "model": "core.filemeta", 
    "fields": {
      "delivery": 54, 
      "size": 17, 
      "filename": "helloworld.txt"
    }
  }, 
  {
    "pk": 163, 
    "model": "core.filemeta", 
    "fields": {
      "delivery": 55, 
      "size": 17, 
      "filename": "helloworld.txt"
    }
  }, 
  {
    "pk": 166, 
    "model": "core.filemeta", 
    "fields": {
      "delivery": 56, 
      "size": 17, 
      "filename": "helloworld.txt"
    }
  }, 
  {
    "pk": 169, 
    "model": "core.filemeta", 
    "fields": {
      "delivery": 57, 
      "size": 17, 
      "filename": "helloworld.txt"
    }
  }, 
  {
    "pk": 172, 
    "model": "core.filemeta", 
    "fields": {
      "delivery": 58, 
      "size": 17, 
      "filename": "helloworld.txt"
    }
  }, 
  {
    "pk": 175, 
    "model": "core.filemeta", 
    "fields": {
      "delivery": 59, 
      "size": 17, 
      "filename": "helloworld.txt"
    }
  }, 
  {
    "pk": 178, 
    "model": "core.filemeta", 
    "fields": {
      "delivery": 60, 
      "size": 17, 
      "filename": "helloworld.txt"
    }
  }, 
  {
    "pk": 181, 
    "model": "core.filemeta", 
    "fields": {
      "delivery": 61, 
      "size": 17, 
      "filename": "helloworld.txt"
    }
  }, 
  {
    "pk": 184, 
    "model": "core.filemeta", 
    "fields": {
      "delivery": 62, 
      "size": 17, 
      "filename": "helloworld.txt"
    }
  }, 
  {
    "pk": 187, 
    "model": "core.filemeta", 
    "fields": {
      "delivery": 63, 
      "size": 17, 
      "filename": "helloworld.txt"
    }
  }, 
  {
    "pk": 190, 
    "model": "core.filemeta", 
    "fields": {
      "delivery": 64, 
      "size": 17, 
      "filename": "helloworld.txt"
    }
  }, 
  {
    "pk": 193, 
    "model": "core.filemeta", 
    "fields": {
      "delivery": 65, 
      "size": 17, 
      "filename": "helloworld.txt"
    }
  }, 
  {
    "pk": 196, 
    "model": "core.filemeta", 
    "fields": {
      "delivery": 66, 
      "size": 17, 
      "filename": "helloworld.txt"
    }
  }, 
  {
    "pk": 199, 
    "model": "core.filemeta", 
    "fields": {
      "delivery": 67, 
      "size": 17, 
      "filename": "helloworld.txt"
    }
  }, 
  {
    "pk": 202, 
    "model": "core.filemeta", 
    "fields": {
      "delivery": 68, 
      "size": 17, 
      "filename": "helloworld.txt"
    }
  }, 
  {
    "pk": 205, 
    "model": "core.filemeta", 
    "fields": {
      "delivery": 69, 
      "size": 17, 
      "filename": "helloworld.txt"
    }
  }, 
  {
    "pk": 208, 
    "model": "core.filemeta", 
    "fields": {
      "delivery": 70, 
      "size": 17, 
      "filename": "helloworld.txt"
    }
  }, 
  {
    "pk": 211, 
    "model": "core.filemeta", 
    "fields": {
      "delivery": 71, 
      "size": 17, 
      "filename": "helloworld.txt"
    }
  }, 
  {
    "pk": 214, 
    "model": "core.filemeta", 
    "fields": {
      "delivery": 72, 
      "size": 17, 
      "filename": "helloworld.txt"
    }
  }, 
  {
    "pk": 217, 
    "model": "core.filemeta", 
    "fields": {
      "delivery": 73, 
      "size": 17, 
      "filename": "helloworld.txt"
    }
  }, 
  {
    "pk": 220, 
    "model": "core.filemeta", 
    "fields": {
      "delivery": 74, 
      "size": 17, 
      "filename": "helloworld.txt"
    }
  }, 
  {
    "pk": 223, 
    "model": "core.filemeta", 
    "fields": {
      "delivery": 75, 
      "size": 17, 
      "filename": "helloworld.txt"
    }
  }, 
  {
    "pk": 226, 
    "model": "core.filemeta", 
    "fields": {
      "delivery": 76, 
      "size": 17, 
      "filename": "helloworld.txt"
    }
  }, 
  {
    "pk": 229, 
    "model": "core.filemeta", 
    "fields": {
      "delivery": 77, 
      "size": 17, 
      "filename": "helloworld.txt"
    }
  }, 
  {
    "pk": 232, 
    "model": "core.filemeta", 
    "fields": {
      "delivery": 78, 
      "size": 17, 
      "filename": "helloworld.txt"
    }
  }, 
  {
    "pk": 235, 
    "model": "core.filemeta", 
    "fields": {
      "delivery": 79, 
      "size": 17, 
      "filename": "helloworld.txt"
    }
  }, 
  {
    "pk": 238, 
    "model": "core.filemeta", 
    "fields": {
      "delivery": 80, 
      "size": 17, 
      "filename": "helloworld.txt"
    }
  }, 
  {
    "pk": 241, 
    "model": "core.filemeta", 
    "fields": {
      "delivery": 81, 
      "size": 17, 
      "filename": "helloworld.txt"
    }
  }, 
  {
    "pk": 244, 
    "model": "core.filemeta", 
    "fields": {
      "delivery": 82, 
      "size": 17, 
      "filename": "helloworld.txt"
    }
  }, 
  {
    "pk": 247, 
    "model": "core.filemeta", 
    "fields": {
      "delivery": 83, 
      "size": 17, 
      "filename": "helloworld.txt"
    }
  }, 
  {
    "pk": 250, 
    "model": "core.filemeta", 
    "fields": {
      "delivery": 84, 
      "size": 17, 
      "filename": "helloworld.txt"
    }
  }, 
  {
    "pk": 253, 
    "model": "core.filemeta", 
    "fields": {
      "delivery": 85, 
      "size": 17, 
      "filename": "helloworld.txt"
    }
  }, 
  {
    "pk": 256, 
    "model": "core.filemeta", 
    "fields": {
      "delivery": 86, 
      "size": 17, 
      "filename": "helloworld.txt"
    }
  }, 
  {
    "pk": 259, 
    "model": "core.filemeta", 
    "fields": {
      "delivery": 87, 
      "size": 17, 
      "filename": "helloworld.txt"
    }
  }, 
  {
    "pk": 262, 
    "model": "core.filemeta", 
    "fields": {
      "delivery": 88, 
      "size": 17, 
      "filename": "helloworld.txt"
    }
  }, 
  {
    "pk": 265, 
    "model": "core.filemeta", 
    "fields": {
      "delivery": 89, 
      "size": 17, 
      "filename": "helloworld.txt"
    }
  }, 
  {
    "pk": 268, 
    "model": "core.filemeta", 
    "fields": {
      "delivery": 90, 
      "size": 17, 
      "filename": "helloworld.txt"
    }
  }, 
  {
    "pk": 271, 
    "model": "core.filemeta", 
    "fields": {
      "delivery": 91, 
      "size": 17, 
      "filename": "helloworld.txt"
    }
  }, 
  {
    "pk": 274, 
    "model": "core.filemeta", 
    "fields": {
      "delivery": 92, 
      "size": 17, 
      "filename": "helloworld.txt"
    }
  }, 
  {
    "pk": 277, 
    "model": "core.filemeta", 
    "fields": {
      "delivery": 93, 
      "size": 17, 
      "filename": "helloworld.txt"
    }
  }, 
  {
    "pk": 280, 
    "model": "core.filemeta", 
    "fields": {
      "delivery": 94, 
      "size": 17, 
      "filename": "helloworld.txt"
    }
  }, 
  {
    "pk": 283, 
    "model": "core.filemeta", 
    "fields": {
      "delivery": 95, 
      "size": 17, 
      "filename": "helloworld.txt"
    }
  }, 
  {
    "pk": 286, 
    "model": "core.filemeta", 
    "fields": {
      "delivery": 96, 
      "size": 17, 
      "filename": "helloworld.txt"
    }
  }, 
  {
    "pk": 289, 
    "model": "core.filemeta", 
    "fields": {
      "delivery": 97, 
      "size": 17, 
      "filename": "helloworld.txt"
    }
  }, 
  {
    "pk": 292, 
    "model": "core.filemeta", 
    "fields": {
      "delivery": 98, 
      "size": 17, 
      "filename": "helloworld.txt"
    }
  }, 
  {
    "pk": 295, 
    "model": "core.filemeta", 
    "fields": {
      "delivery": 99, 
      "size": 17, 
      "filename": "helloworld.txt"
    }
  }, 
  {
    "pk": 298, 
    "model": "core.filemeta", 
    "fields": {
      "delivery": 100, 
      "size": 17, 
      "filename": "helloworld.txt"
    }
  }, 
  {
    "pk": 301, 
    "model": "core.filemeta", 
    "fields": {
      "delivery": 101, 
      "size": 17, 
      "filename": "helloworld.txt"
    }
  }, 
  {
    "pk": 304, 
    "model": "core.filemeta", 
    "fields": {
      "delivery": 102, 
      "size": 17, 
      "filename": "helloworld.txt"
    }
  }, 
  {
    "pk": 307, 
    "model": "core.filemeta", 
    "fields": {
      "delivery": 103, 
      "size": 17, 
      "filename": "helloworld.txt"
    }
  }, 
  {
    "pk": 310, 
    "model": "core.filemeta", 
    "fields": {
      "delivery": 104, 
      "size": 17, 
      "filename": "helloworld.txt"
    }
  }, 
  {
    "pk": 313, 
    "model": "core.filemeta", 
    "fields": {
      "delivery": 105, 
      "size": 17, 
      "filename": "helloworld.txt"
    }
  }, 
  {
    "pk": 316, 
    "model": "core.filemeta", 
    "fields": {
      "delivery": 106, 
      "size": 17, 
      "filename": "helloworld.txt"
    }
  }, 
  {
    "pk": 319, 
    "model": "core.filemeta", 
    "fields": {
      "delivery": 107, 
      "size": 17, 
      "filename": "helloworld.txt"
    }
  }, 
  {
    "pk": 322, 
    "model": "core.filemeta", 
    "fields": {
      "delivery": 108, 
      "size": 17, 
      "filename": "helloworld.txt"
    }
  }, 
  {
    "pk": 325, 
    "model": "core.filemeta", 
    "fields": {
      "delivery": 109, 
      "size": 17, 
      "filename": "helloworld.txt"
    }
  }, 
  {
    "pk": 328, 
    "model": "core.filemeta", 
    "fields": {
      "delivery": 110, 
      "size": 17, 
      "filename": "helloworld.txt"
    }
  }, 
  {
    "pk": 331, 
    "model": "core.filemeta", 
    "fields": {
      "delivery": 111, 
      "size": 17, 
      "filename": "helloworld.txt"
    }
  }, 
  {
    "pk": 334, 
    "model": "core.filemeta", 
    "fields": {
      "delivery": 112, 
      "size": 17, 
      "filename": "helloworld.txt"
    }
  }, 
  {
    "pk": 337, 
    "model": "core.filemeta", 
    "fields": {
      "delivery": 113, 
      "size": 17, 
      "filename": "helloworld.txt"
    }
  }, 
  {
    "pk": 340, 
    "model": "core.filemeta", 
    "fields": {
      "delivery": 114, 
      "size": 17, 
      "filename": "helloworld.txt"
    }
  }, 
  {
    "pk": 343, 
    "model": "core.filemeta", 
    "fields": {
      "delivery": 115, 
      "size": 17, 
      "filename": "helloworld.txt"
    }
  }, 
  {
    "pk": 346, 
    "model": "core.filemeta", 
    "fields": {
      "delivery": 116, 
      "size": 17, 
      "filename": "helloworld.txt"
    }
  }, 
  {
    "pk": 349, 
    "model": "core.filemeta", 
    "fields": {
      "delivery": 117, 
      "size": 17, 
      "filename": "helloworld.txt"
    }
  }, 
  {
    "pk": 352, 
    "model": "core.filemeta", 
    "fields": {
      "delivery": 118, 
      "size": 17, 
      "filename": "helloworld.txt"
    }
  }, 
  {
    "pk": 355, 
    "model": "core.filemeta", 
    "fields": {
      "delivery": 119, 
      "size": 17, 
      "filename": "helloworld.txt"
    }
  }, 
  {
    "pk": 358, 
    "model": "core.filemeta", 
    "fields": {
      "delivery": 120, 
      "size": 17, 
      "filename": "helloworld.txt"
    }
  }, 
  {
    "pk": 361, 
    "model": "core.filemeta", 
    "fields": {
      "delivery": 121, 
      "size": 17, 
      "filename": "helloworld.txt"
    }
  }, 
  {
    "pk": 364, 
    "model": "core.filemeta", 
    "fields": {
      "delivery": 122, 
      "size": 17, 
      "filename": "helloworld.txt"
    }
  }, 
  {
    "pk": 367, 
    "model": "core.filemeta", 
    "fields": {
      "delivery": 123, 
      "size": 17, 
      "filename": "helloworld.txt"
    }
  }, 
  {
    "pk": 1, 
    "model": "auth.user", 
    "fields": {
      "username": "grandma", 
      "first_name": "Elvira 'Grandma'", 
      "last_name": "Coot", 
      "is_active": true, 
      "is_superuser": true, 
      "is_staff": true, 
      "last_login": "2010-10-26 21:14:02", 
      "groups": [], 
      "user_permissions": [], 
      "password": "sha1$7b509$a73b4c9c803a2d5224c98f51f29630e77dce1ef4", 
      "email": "mail@example.com", 
      "date_joined": "2010-01-23 09:32:37"
    }
  }, 
  {
    "pk": 2, 
    "model": "auth.user", 
    "fields": {
      "username": "huey", 
      "first_name": "Huey", 
      "last_name": "Duck", 
      "is_active": true, 
      "is_superuser": false, 
      "is_staff": false, 
      "last_login": "2010-08-25 22:17:21", 
      "groups": [], 
      "user_permissions": [], 
      "password": "sha1$2c178$b02865f8883eb753cc6419cd95d7fe7f9a6bf9f5", 
      "email": "mail@example.com", 
      "date_joined": "2010-03-05 16:54:03"
    }
  }, 
  {
    "pk": 3, 
    "model": "auth.user", 
    "fields": {
      "username": "dewey", 
      "first_name": "Dewey", 
      "last_name": "Duck", 
      "is_active": true, 
      "is_superuser": false, 
      "is_staff": false, 
      "last_login": "2010-05-29 12:42:50", 
      "groups": [], 
      "user_permissions": [], 
      "password": "sha1$2c178$b02865f8883eb753cc6419cd95d7fe7f9a6bf9f5", 
      "email": "mail@example.com", 
      "date_joined": "2010-03-05 16:54:03"
    }
  }, 
  {
    "pk": 4, 
    "model": "auth.user", 
    "fields": {
      "username": "louie", 
      "first_name": "Louie", 
      "last_name": "Duck", 
      "is_active": true, 
      "is_superuser": false, 
      "is_staff": false, 
      "last_login": "2010-05-29 12:42:50", 
      "groups": [], 
      "user_permissions": [], 
      "password": "sha1$2c178$b02865f8883eb753cc6419cd95d7fe7f9a6bf9f5", 
      "email": "mail@example.com", 
      "date_joined": "2010-03-05 16:54:03"
    }
  }, 
  {
    "pk": 5, 
    "model": "auth.user", 
    "fields": {
      "username": "donald", 
      "first_name": "Donald", 
      "last_name": "Duck", 
      "is_active": true, 
      "is_superuser": false, 
      "is_staff": false, 
      "last_login": "2010-08-26 17:45:46", 
      "groups": [], 
      "user_permissions": [], 
      "password": "sha1$2c178$b02865f8883eb753cc6419cd95d7fe7f9a6bf9f5", 
      "email": "mail@example.com", 
      "date_joined": "2010-03-05 16:54:03"
    }
  }, 
  {
    "pk": 6, 
    "model": "auth.user", 
    "fields": {
      "username": "della", 
      "first_name": "Della", 
      "last_name": "Duck", 
      "is_active": true, 
      "is_superuser": false, 
      "is_staff": false, 
      "last_login": "2010-05-29 12:42:50", 
      "groups": [], 
      "user_permissions": [], 
      "password": "sha1$2c178$b02865f8883eb753cc6419cd95d7fe7f9a6bf9f5", 
      "email": "mail@example.com", 
      "date_joined": "2010-03-05 16:54:03"
    }
  }, 
  {
    "pk": 7, 
    "model": "auth.user", 
    "fields": {
      "username": "gladstone", 
      "first_name": "Gladstone", 
      "last_name": "Gander", 
      "is_active": true, 
      "is_superuser": false, 
      "is_staff": false, 
      "last_login": "2010-05-29 12:42:50", 
      "groups": [], 
      "user_permissions": [], 
      "password": "sha1$2c178$b02865f8883eb753cc6419cd95d7fe7f9a6bf9f5", 
      "email": "mail@example.com", 
      "date_joined": "2010-03-05 16:54:03"
    }
  }, 
  {
    "pk": 8, 
    "model": "auth.user", 
    "fields": {
      "username": "fethry", 
      "first_name": "Fethry", 
      "last_name": "Duck", 
      "is_active": true, 
      "is_superuser": false, 
      "is_staff": false, 
      "last_login": "2010-05-29 12:42:50", 
      "groups": [], 
      "user_permissions": [], 
      "password": "sha1$2c178$b02865f8883eb753cc6419cd95d7fe7f9a6bf9f5", 
      "email": "mail@example.com", 
      "date_joined": "2010-03-05 16:54:03"
    }
  }, 
  {
    "pk": 9, 
    "model": "auth.user", 
    "fields": {
      "username": "gus", 
      "first_name": "Gus", 
      "last_name": "Goose", 
      "is_active": true, 
      "is_superuser": false, 
      "is_staff": false, 
      "last_login": "2010-05-29 12:42:50", 
      "groups": [], 
      "user_permissions": [], 
      "password": "sha1$2c178$b02865f8883eb753cc6419cd95d7fe7f9a6bf9f5", 
      "email": "mail@example.com", 
      "date_joined": "2010-03-05 16:54:03"
    }
  }, 
  {
    "pk": 10, 
    "model": "auth.user", 
    "fields": {
      "username": "scrooge", 
      "first_name": "Scrooge", 
      "last_name": "McDuck", 
      "is_active": true, 
      "is_superuser": false, 
      "is_staff": false, 
      "last_login": "2010-05-29 12:42:50", 
      "groups": [], 
      "user_permissions": [], 
      "password": "sha1$2c178$b02865f8883eb753cc6419cd95d7fe7f9a6bf9f5", 
      "email": "mail@example.com", 
      "date_joined": "2010-03-05 16:54:03"
    }
  }, 
  {
    "pk": 11, 
    "model": "auth.user", 
    "fields": {
      "username": "matilda", 
      "first_name": "Matilda", 
      "last_name": "McDuck", 
      "is_active": true, 
      "is_superuser": false, 
      "is_staff": false, 
      "last_login": "2010-05-29 12:42:50", 
      "groups": [], 
      "user_permissions": [], 
      "password": "sha1$2c178$b02865f8883eb753cc6419cd95d7fe7f9a6bf9f5", 
      "email": "mail@example.com", 
      "date_joined": "2010-03-05 16:54:03"
    }
  }, 
  {
    "pk": 12, 
    "model": "auth.user", 
    "fields": {
      "username": "daisy", 
      "first_name": "Daisy", 
      "last_name": "Duck", 
      "is_active": true, 
      "is_superuser": false, 
      "is_staff": false, 
      "last_login": "2010-08-06 21:39:57", 
      "groups": [], 
      "user_permissions": [], 
      "password": "sha1$2c178$b02865f8883eb753cc6419cd95d7fe7f9a6bf9f5", 
      "email": "mail@example.com", 
      "date_joined": "2010-03-05 16:54:03"
    }
  }, 
  {
    "pk": 13, 
    "model": "auth.user", 
    "fields": {
      "username": "clarabelle", 
      "first_name": "Clarabelle", 
      "last_name": "Cow", 
      "is_active": true, 
      "is_superuser": false, 
      "is_staff": false, 
      "last_login": "2010-08-26 13:06:33", 
      "groups": [], 
      "user_permissions": [], 
      "password": "sha1$2c178$b02865f8883eb753cc6419cd95d7fe7f9a6bf9f5", 
      "email": "mail@example.com", 
      "date_joined": "2010-03-05 16:54:03"
    }
  }, 
  {
    "pk": 14, 
    "model": "auth.user", 
    "fields": {
      "username": "april", 
      "first_name": "April", 
      "last_name": "Duck", 
      "is_active": true, 
      "is_superuser": false, 
      "is_staff": false, 
      "last_login": "2010-08-05 18:26:29", 
      "groups": [], 
      "user_permissions": [], 
      "password": "sha1$2c178$b02865f8883eb753cc6419cd95d7fe7f9a6bf9f5", 
      "email": "mail@example.com", 
      "date_joined": "2010-03-05 16:54:03"
    }
  }, 
  {
    "pk": 15, 
    "model": "auth.user", 
    "fields": {
      "username": "may", 
      "first_name": "May", 
      "last_name": "Duck", 
      "is_active": true, 
      "is_superuser": false, 
      "is_staff": false, 
      "last_login": "2010-08-26 12:41:49", 
      "groups": [], 
      "user_permissions": [], 
      "password": "sha1$2c178$b02865f8883eb753cc6419cd95d7fe7f9a6bf9f5", 
      "email": "mail@example.com", 
      "date_joined": "2010-03-05 16:54:03"
    }
  }, 
  {
    "pk": 16, 
    "model": "auth.user", 
    "fields": {
      "username": "june", 
      "first_name": "June", 
      "last_name": "Duck", 
      "is_active": true, 
      "is_superuser": false, 
      "is_staff": false, 
      "last_login": "2010-10-19 02:11:52", 
      "groups": [], 
      "user_permissions": [], 
      "password": "sha1$2c178$b02865f8883eb753cc6419cd95d7fe7f9a6bf9f5", 
      "email": "mail@example.com", 
      "date_joined": "2010-03-05 16:54:03"
    }
  }, 
  {
    "pk": 17, 
    "model": "auth.user", 
    "fields": {
      "username": "pinocchio", 
      "first_name": "Pinocchio", 
      "last_name": "", 
      "is_active": true, 
      "is_superuser": false, 
      "is_staff": false, 
      "last_login": "2010-08-11 12:17:15", 
      "groups": [], 
      "user_permissions": [], 
      "password": "sha1$b6f97$4f19b2ce4979b4f2489966215755df6d120d66fd", 
      "email": "mail@example.com", 
      "date_joined": "2010-08-11 12:17:15"
    }
  }, 
  {
    "pk": 18, 
    "model": "auth.user", 
    "fields": {
      "username": "mowgli", 
      "first_name": "Mowgli", 
      "last_name": "", 
      "is_active": true, 
      "is_superuser": false, 
      "is_staff": false, 
      "last_login": "2010-08-11 12:17:42", 
      "groups": [], 
      "user_permissions": [], 
      "password": "sha1$1fda2$a6318c5175c77fe6b60442622e802f8144ef4fe3", 
      "email": "mail@example.com", 
      "date_joined": "2010-08-11 12:17:42"
    }
  }, 
  {
    "pk": 19, 
    "model": "auth.user", 
    "fields": {
      "username": "peterpan", 
      "first_name": "Peter", 
      "last_name": "Pan", 
      "is_active": true, 
      "is_superuser": false, 
      "is_staff": false, 
      "last_login": "2010-08-11 12:19:19", 
      "groups": [], 
      "user_permissions": [], 
      "password": "sha1$c85c2$cb6b4be3c25ec66087cb02fb3e98042f6162b71e", 
      "email": "mail@example.com", 
      "date_joined": "2010-08-11 12:19:19"
    }
  }, 
  {
    "pk": 20, 
    "model": "auth.user", 
    "fields": {
      "username": "wendy", 
      "first_name": "Wendy", 
      "last_name": "", 
      "is_active": true, 
      "is_superuser": false, 
      "is_staff": false, 
      "last_login": "2010-08-11 12:19:31", 
      "groups": [], 
      "user_permissions": [], 
      "password": "sha1$9a4ac$56bbd06b3f55155de56ad6472b83343c37663bd9", 
      "email": "mail@example.com", 
      "date_joined": "2010-08-11 12:19:31"
    }
  }, 
  {
    "pk": 21, 
    "model": "auth.user", 
    "fields": {
      "username": "simba", 
      "first_name": "Simba", 
      "last_name": "", 
      "is_active": true, 
      "is_superuser": false, 
      "is_staff": false, 
      "last_login": "2010-08-11 12:19:44", 
      "groups": [], 
      "user_permissions": [], 
      "password": "sha1$7271a$e6f99cf085377cd893543f58e95c7299270b2c05", 
      "email": "mail@example.com", 
      "date_joined": "2010-08-11 12:19:44"
    }
  }, 
  {
    "pk": 22, 
    "model": "auth.user", 
    "fields": {
      "username": "student0", 
      "first_name": "", 
      "last_name": "", 
      "is_active": true, 
      "is_superuser": false, 
      "is_staff": false, 
      "last_login": "2011-06-04 16:23:31", 
      "groups": [], 
      "user_permissions": [], 
      "password": "sha1$daa09$02db1afb40b2fb8f6cf584de53df38450ac23be9", 
      "email": "student0@example.com", 
      "date_joined": "2011-06-04 16:23:31"
    }
  }, 
  {
    "pk": 23, 
    "model": "auth.user", 
    "fields": {
      "username": "student1", 
      "first_name": "", 
      "last_name": "", 
      "is_active": true, 
      "is_superuser": false, 
      "is_staff": false, 
      "last_login": "2011-06-04 16:23:31", 
      "groups": [], 
      "user_permissions": [], 
      "password": "sha1$69311$9ce2370c90d408c539fb3d216f81148833c5906a", 
      "email": "student1@example.com", 
      "date_joined": "2011-06-04 16:23:31"
    }
  }, 
  {
    "pk": 24, 
    "model": "auth.user", 
    "fields": {
      "username": "student2", 
      "first_name": "", 
      "last_name": "", 
      "is_active": true, 
      "is_superuser": false, 
      "is_staff": false, 
      "last_login": "2011-06-04 16:23:31", 
      "groups": [], 
      "user_permissions": [], 
      "password": "sha1$cc723$059b398225d646e4ffc39477c065b56a3b5e154d", 
      "email": "student2@example.com", 
      "date_joined": "2011-06-04 16:23:31"
    }
  }, 
  {
    "pk": 25, 
    "model": "auth.user", 
    "fields": {
      "username": "student3", 
      "first_name": "", 
      "last_name": "", 
      "is_active": true, 
      "is_superuser": false, 
      "is_staff": false, 
      "last_login": "2011-06-04 16:23:31", 
      "groups": [], 
      "user_permissions": [], 
      "password": "sha1$3d885$2cedb2383e708048da5ece0ad6d8623abfd4fcaa", 
      "email": "student3@example.com", 
      "date_joined": "2011-06-04 16:23:31"
    }
  }, 
  {
    "pk": 26, 
    "model": "auth.user", 
    "fields": {
      "username": "student4", 
      "first_name": "", 
      "last_name": "", 
      "is_active": true, 
      "is_superuser": false, 
      "is_staff": false, 
      "last_login": "2011-06-04 16:23:31", 
      "groups": [], 
      "user_permissions": [], 
      "password": "sha1$9cf89$93e4eae97d2a125ac114feb158ee391586173522", 
      "email": "student4@example.com", 
      "date_joined": "2011-06-04 16:23:31"
    }
  }, 
  {
    "pk": 27, 
    "model": "auth.user", 
    "fields": {
      "username": "student5", 
      "first_name": "", 
      "last_name": "", 
      "is_active": true, 
      "is_superuser": false, 
      "is_staff": false, 
      "last_login": "2011-06-04 16:23:31", 
      "groups": [], 
      "user_permissions": [], 
      "password": "sha1$3fc80$f13a17317e7f2858214320f3a22fcfe9d72c3fb3", 
      "email": "student5@example.com", 
      "date_joined": "2011-06-04 16:23:31"
    }
  }, 
  {
    "pk": 28, 
    "model": "auth.user", 
    "fields": {
      "username": "student6", 
      "first_name": "", 
      "last_name": "", 
      "is_active": true, 
      "is_superuser": false, 
      "is_staff": false, 
      "last_login": "2011-06-04 16:23:31", 
      "groups": [], 
      "user_permissions": [], 
      "password": "sha1$48175$229a492934ecd8e91e9b00b465d0ed0784eabc55", 
      "email": "student6@example.com", 
      "date_joined": "2011-06-04 16:23:31"
    }
  }, 
  {
    "pk": 29, 
    "model": "auth.user", 
    "fields": {
      "username": "student7", 
      "first_name": "", 
      "last_name": "", 
      "is_active": true, 
      "is_superuser": false, 
      "is_staff": false, 
      "last_login": "2011-06-04 16:23:31", 
      "groups": [], 
      "user_permissions": [], 
      "password": "sha1$1d513$90729a3ecb57e67222a7076dc4e7e0d59c372834", 
      "email": "student7@example.com", 
      "date_joined": "2011-06-04 16:23:31"
    }
  }, 
  {
    "pk": 30, 
    "model": "auth.user", 
    "fields": {
      "username": "student8", 
      "first_name": "", 
      "last_name": "", 
      "is_active": true, 
      "is_superuser": false, 
      "is_staff": false, 
      "last_login": "2011-06-04 16:23:31", 
      "groups": [], 
      "user_permissions": [], 
      "password": "sha1$fe67e$d64a1fc78cf3bf8bdbd124e80025bb4bc22344df", 
      "email": "student8@example.com", 
      "date_joined": "2011-06-04 16:23:31"
    }
  }, 
  {
    "pk": 31, 
    "model": "auth.user", 
    "fields": {
      "username": "student9", 
      "first_name": "", 
      "last_name": "", 
      "is_active": true, 
      "is_superuser": false, 
      "is_staff": false, 
      "last_login": "2011-06-04 16:23:31", 
      "groups": [], 
      "user_permissions": [], 
      "password": "sha1$19f97$15ae9fcbce164e8e11deff817643a78fa5aba281", 
      "email": "student9@example.com", 
      "date_joined": "2011-06-04 16:23:31"
    }
  }, 
  {
    "pk": 32, 
    "model": "auth.user", 
    "fields": {
      "username": "student10", 
      "first_name": "", 
      "last_name": "", 
      "is_active": true, 
      "is_superuser": false, 
      "is_staff": false, 
      "last_login": "2011-06-04 16:23:31", 
      "groups": [], 
      "user_permissions": [], 
      "password": "sha1$47579$2e2100601fe3013ab751b36e9d412b3a22b62332", 
      "email": "student10@example.com", 
      "date_joined": "2011-06-04 16:23:31"
    }
  }, 
  {
    "pk": 33, 
    "model": "auth.user", 
    "fields": {
      "username": "student11", 
      "first_name": "", 
      "last_name": "", 
      "is_active": true, 
      "is_superuser": false, 
      "is_staff": false, 
      "last_login": "2011-06-04 16:23:31", 
      "groups": [], 
      "user_permissions": [], 
      "password": "sha1$afe5c$1a43b185ccb7e9ee44d49847894be76240dc9b22", 
      "email": "student11@example.com", 
      "date_joined": "2011-06-04 16:23:31"
    }
  }, 
  {
    "pk": 34, 
    "model": "auth.user", 
    "fields": {
      "username": "examiner0", 
      "first_name": "", 
      "last_name": "", 
      "is_active": true, 
      "is_superuser": false, 
      "is_staff": false, 
      "last_login": "2011-06-04 16:23:31", 
      "groups": [], 
      "user_permissions": [], 
      "password": "sha1$a983c$349c5496483aac5a2ea3445bf4d4efbbd4bd0866", 
      "email": "examiner0@example.com", 
      "date_joined": "2011-06-04 16:23:31"
    }
  }, 
  {
    "pk": 35, 
    "model": "auth.user", 
    "fields": {
      "username": "examiner1", 
      "first_name": "", 
      "last_name": "", 
      "is_active": true, 
      "is_superuser": false, 
      "is_staff": false, 
      "last_login": "2011-06-04 16:23:31", 
      "groups": [], 
      "user_permissions": [], 
      "password": "sha1$e7b58$4336ad28dd45d8cf48098a90b40101343b99dce0", 
      "email": "examiner1@example.com", 
      "date_joined": "2011-06-04 16:23:31"
    }
  }
]