[
    {
        "pk": 1, 
        "model": "core.grademodel", 
        "fields": {}
    }, 
    {
        "pk": 2, 
        "model": "core.grademodel", 
        "fields": {}
    }, 
    {
        "pk": 3, 
        "model": "core.grademodel", 
        "fields": {}
    }, 
    {
        "pk": 4, 
        "model": "core.grademodel", 
        "fields": {}
    }, 
    {
        "pk": 5, 
        "model": "core.grademodel", 
        "fields": {}
    }, 
    {
        "pk": 6, 
        "model": "core.grademodel", 
        "fields": {}
    }, 
    {
        "pk": 7, 
        "model": "core.grademodel", 
        "fields": {}
    }, 
    {
        "pk": 8, 
        "model": "core.grademodel", 
        "fields": {}
    }, 
    {
        "pk": 9, 
        "model": "core.grademodel", 
        "fields": {}
    }, 
    {
        "pk": 10, 
        "model": "core.grademodel", 
        "fields": {}
    }, 
    {
        "pk": 11, 
        "model": "core.grademodel", 
        "fields": {}
    }, 
    {
        "pk": 12, 
        "model": "core.grademodel", 
        "fields": {}
    }, 
    {
        "pk": 13, 
        "model": "core.grademodel", 
        "fields": {}
    }, 
    {
        "pk": 1, 
        "model": "core.node", 
        "fields": {
            "long_name": "Duckburg", 
            "admins": [], 
            "parentnode": null, 
            "short_name": "duckburg"
        }
    }, 
    {
        "pk": 2, 
        "model": "core.node", 
        "fields": {
            "long_name": "Duckburgh Highschool", 
            "admins": [], 
            "parentnode": 1, 
            "short_name": "high"
        }
    }, 
    {
        "pk": 3, 
        "model": "core.node", 
        "fields": {
            "long_name": "Duckburgh Junior", 
            "admins": [], 
            "parentnode": 1, 
            "short_name": "junior"
        }
    }, 
    {
        "pk": 4, 
        "model": "core.node", 
        "fields": {
            "long_name": "Duckburgh Preschool", 
            "admins": [], 
            "parentnode": 1, 
            "short_name": "pre"
        }
    }, 
    {
        "pk": 5, 
        "model": "core.node", 
        "fields": {
            "long_name": "Duckburgh College", 
            "admins": [], 
            "parentnode": 1, 
            "short_name": "college"
        }
    }, 
    {
        "pk": 1, 
        "model": "core.subject", 
        "fields": {
            "long_name": "LAZY101- How to get away with beeing lazy", 
            "admins": [
                9
            ], 
            "parentnode": 5, 
            "short_name": "lazy101"
        }
    }, 
    {
        "pk": 2, 
        "model": "core.subject", 
        "fields": {
            "long_name": "MONEY101 - Introduction to making money and beeing greedy", 
            "admins": [
                10
            ], 
            "parentnode": 5, 
            "short_name": "money101"
        }
    }, 
    {
        "pk": 3, 
        "model": "core.subject", 
        "fields": {
            "long_name": "LAZY202- More methods for lazy people", 
            "admins": [
                5, 
                9
            ], 
            "parentnode": 5, 
            "short_name": "lazy202"
        }
    }, 
    {
        "pk": 4, 
        "model": "core.subject", 
        "fields": {
            "long_name": "LAZY303 - Advanced methods for lazy people", 
            "admins": [
                5
            ], 
            "parentnode": 5, 
            "short_name": "lazy303"
        }
    }, 
    {
        "pk": 5, 
        "model": "core.subject", 
        "fields": {
            "long_name": "Making laziness into an art", 
            "admins": [
                9
            ], 
            "parentnode": 5, 
            "short_name": "lazy404"
        }
    }, 
    {
        "pk": 6, 
        "model": "core.subject", 
        "fields": {
            "long_name": "Advanced Greed", 
            "admins": [
                10
            ], 
            "parentnode": 5, 
            "short_name": "money203"
        }
    }, 
    {
        "pk": 7, 
        "model": "core.subject", 
        "fields": {
            "long_name": "Making money", 
            "admins": [
                10
            ], 
            "parentnode": 5, 
            "short_name": "money303"
        }
    }, 
    {
        "pk": 8, 
        "model": "core.subject", 
        "fields": {
            "long_name": "MONEY404 - Investing money", 
            "admins": [
                10
            ], 
            "parentnode": 5, 
            "short_name": "money404"
        }
    }, 
    {
        "pk": 9, 
        "model": "core.subject", 
        "fields": {
            "long_name": "MONEY505 - Mastering not using money", 
            "admins": [
                10
            ], 
            "parentnode": 5, 
            "short_name": "money505"
        }
    }, 
    {
        "pk": 10, 
        "model": "core.subject", 
        "fields": {
            "long_name": "INF1100 - Introduction to programming Python", 
            "admins": [], 
            "parentnode": 5, 
            "short_name": "inf1100"
        }
    }, 
    {
        "pk": 11, 
        "model": "core.subject", 
        "fields": {
            "long_name": "INF1060 - Introduction to Operating Systems and Networks", 
            "admins": [], 
            "parentnode": 5, 
            "short_name": "inf1060"
        }
    }, 
    {
        "pk": 12, 
        "model": "core.subject", 
        "fields": {
            "long_name": "INF2100 - Programming project", 
            "admins": [], 
            "parentnode": 5, 
            "short_name": "inf2100"
        }
    }, 
    {
        "pk": 13, 
        "model": "core.subject", 
        "fields": {
            "long_name": "INF1000 - Introduction to object-oriented programming", 
            "admins": [], 
            "parentnode": 5, 
            "short_name": "inf1000"
        }
    }, 
    {
        "pk": 1, 
        "model": "core.period", 
        "fields": {
            "short_name": "from2010", 
            "start_time": "2010-08-01 12:00:00", 
            "parentnode": 1, 
            "long_name": "From 2010 to 2210", 
            "admins": [], 
            "end_time": "2210-08-01 12:00:00", 
            "minimum_points": 0
        }
    }, 
    {
        "pk": 2, 
        "model": "core.period", 
        "fields": {
            "short_name": "from2010", 
            "start_time": "2010-08-03 12:00:00", 
            "parentnode": 2, 
            "long_name": "From 2010 to 2210", 
            "admins": [], 
            "end_time": "2210-08-10 12:00:00", 
            "minimum_points": 0
        }
    }, 
    {
        "pk": 3, 
        "model": "core.period", 
        "fields": {
            "short_name": "spring08", 
            "start_time": "2008-01-01 00:00:00", 
            "parentnode": 1, 
            "long_name": "String 2008", 
            "admins": [], 
            "end_time": "2010-06-15 00:00:00", 
            "minimum_points": 0
        }
    }, 
    {
        "pk": 4, 
        "model": "core.period", 
        "fields": {
            "short_name": "spring08", 
            "start_time": "2008-01-01 00:00:00", 
            "parentnode": 2, 
            "long_name": "Spring 2008", 
            "admins": [], 
            "end_time": "2010-06-15 00:00:00", 
            "minimum_points": 0
        }
    }, 
    {
        "pk": 5, 
        "model": "core.period", 
        "fields": {
            "short_name": "fall07", 
            "start_time": "2007-08-01 00:00:00", 
            "parentnode": 1, 
            "long_name": "Fall 2007", 
            "admins": [], 
            "end_time": "2007-11-29 00:00:00", 
            "minimum_points": 0
        }
    }, 
    {
        "pk": 6, 
        "model": "core.period", 
        "fields": {
            "short_name": "spring07", 
            "start_time": "2007-01-01 12:00:00", 
            "parentnode": 1, 
            "long_name": "Spring 2007", 
            "admins": [], 
            "end_time": "2007-06-16 16:00:00", 
            "minimum_points": 0
        }
    }, 
    {
        "pk": 7, 
        "model": "core.period", 
        "fields": {
            "short_name": "fall08", 
            "start_time": "2008-08-19 14:00:00", 
            "parentnode": 1, 
            "long_name": "Fall 2008", 
            "admins": [], 
            "end_time": "2008-11-19 16:00:00", 
            "minimum_points": 0
        }
    }, 
    {
        "pk": 8, 
        "model": "core.period", 
        "fields": {
            "short_name": "spring209", 
            "start_time": "2009-01-17 12:00:00", 
            "parentnode": 1, 
            "long_name": "Spring 2009", 
            "admins": [], 
            "end_time": "2009-06-20 16:00:00", 
            "minimum_points": 0
        }
    }, 
    {
        "pk": 9, 
        "model": "core.period", 
        "fields": {
            "short_name": "fall2009", 
            "start_time": "2009-09-01 10:00:00", 
            "parentnode": 1, 
            "long_name": "Fall 2009", 
            "admins": [], 
            "end_time": "2009-12-14 12:00:00", 
            "minimum_points": 0
        }
    }, 
    {
        "pk": 10, 
        "model": "core.period", 
        "fields": {
            "short_name": "semester1", 
            "start_time": "2010-08-01 18:00:00", 
            "parentnode": 10, 
            "long_name": "Semester 1", 
            "admins": [], 
            "end_time": "2010-12-15 00:00:00", 
            "minimum_points": 0
        }
    }, 
    {
        "pk": 11, 
        "model": "core.period", 
        "fields": {
            "short_name": "semester1", 
            "start_time": "2010-08-01 00:00:00", 
            "parentnode": 11, 
            "long_name": "Semester 1", 
            "admins": [], 
            "end_time": "2010-12-31 00:00:00", 
            "minimum_points": 0
        }
    }, 
    {
        "pk": 12, 
        "model": "core.period", 
        "fields": {
            "short_name": "semester1", 
            "start_time": "2010-08-09 00:00:00", 
            "parentnode": 12, 
            "long_name": "First Semester", 
            "admins": [], 
            "end_time": "2015-12-28 00:00:00", 
            "minimum_points": 0
        }
    }, 
    {
        "pk": 13, 
        "model": "core.period", 
        "fields": {
            "short_name": "semester1", 
            "start_time": "2010-08-09 10:00:00", 
            "parentnode": 13, 
            "long_name": "First semester", 
            "admins": [], 
            "end_time": "2015-12-31 00:00:00", 
            "minimum_points": 0
        }
    }, 
    {
        "pk": 14, 
        "model": "core.period", 
        "fields": {
            "short_name": "semester1", 
            "start_time": "2010-08-16 08:00:00", 
            "parentnode": 3, 
            "long_name": "Semester 1", 
            "admins": [], 
            "end_time": "2015-12-29 00:00:00", 
            "minimum_points": 0
        }
    }, 
    {
        "pk": 15, 
        "model": "core.period", 
        "fields": {
            "short_name": "semester1", 
            "start_time": "2010-08-01 00:00:00", 
            "parentnode": 4, 
            "long_name": "Semester 1", 
            "admins": [], 
            "end_time": "2015-12-31 00:00:00", 
            "minimum_points": 0
        }
    }, 
    {
        "pk": 1, 
        "model": "core.assignment", 
        "fields": {
            "must_pass": false, 
            "autoscale": true, 
            "grade_plugin": "grade_approved:approvedgrade", 
            "short_name": "greed", 
            "publishing_time": "2010-08-05 10:00:00", 
            "parentnode": 2, 
            "filenames": null, 
            "long_name": "Learning greed through case studies", 
            "admins": [], 
            "anonymous": false, 
            "maxpoints": 1, 
            "pointscale": 1
        }
    }, 
    {
        "pk": 2, 
        "model": "core.assignment", 
        "fields": {
            "must_pass": false, 
            "autoscale": true, 
            "grade_plugin": "grade_default:charfieldgrade", 
            "short_name": "money", 
            "publishing_time": "2010-08-05 08:00:00", 
            "parentnode": 2, 
            "filenames": null, 
            "long_name": "Money making basics", 
            "admins": [], 
            "anonymous": false, 
            "maxpoints": 0, 
            "pointscale": 0
        }
    }, 
    {
        "pk": 3, 
        "model": "core.assignment", 
        "fields": {
            "must_pass": false, 
            "autoscale": false, 
            "grade_plugin": "grade_rstschema:rstschemagrade", 
            "short_name": "avoiding-work", 
            "publishing_time": "2010-08-05 08:00:00", 
            "parentnode": 1, 
            "filenames": "", 
            "long_name": "Intro to avoid work", 
            "admins": [], 
            "anonymous": false, 
            "maxpoints": 11, 
            "pointscale": 20
        }
    }, 
    {
        "pk": 4, 
        "model": "core.assignment", 
        "fields": {
            "must_pass": false, 
            "autoscale": false, 
            "grade_plugin": "grade_approved:approvedgrade", 
            "short_name": "sleeping1", 
            "publishing_time": "2010-08-06 08:00:00", 
            "parentnode": 1, 
            "filenames": "", 
            "long_name": "Sleeping 1", 
            "admins": [], 
            "anonymous": false, 
            "maxpoints": 1, 
            "pointscale": 30
        }
    }, 
    {
        "pk": 5, 
        "model": "core.assignment", 
        "fields": {
            "must_pass": false, 
            "autoscale": true, 
            "grade_plugin": "grade_approved:approvedgrade", 
            "short_name": "sleeping2", 
            "publishing_time": "2010-08-06 16:00:00", 
            "parentnode": 1, 
            "filenames": "", 
            "long_name": "Advanced sleeping", 
            "admins": [], 
            "anonymous": false, 
            "maxpoints": 1, 
            "pointscale": 1
        }
    }, 
    {
        "pk": 6, 
        "model": "core.assignment", 
        "fields": {
            "must_pass": false, 
            "autoscale": true, 
            "grade_plugin": "grade_approved:approvedgrade", 
            "short_name": "oblig1", 
            "publishing_time": "2010-08-02 00:00:00", 
            "parentnode": 11, 
            "filenames": "", 
            "long_name": "Oblig 1", 
            "admins": [], 
            "anonymous": false, 
            "maxpoints": 1, 
            "pointscale": 1
        }
    }, 
    {
        "pk": 7, 
        "model": "core.assignment", 
        "fields": {
            "must_pass": false, 
            "autoscale": true, 
            "grade_plugin": "grade_default:charfieldgrade", 
            "short_name": "home_exam1", 
            "publishing_time": "2010-08-10 00:00:00", 
            "parentnode": 11, 
            "filenames": "", 
            "long_name": "Home Exam 1", 
            "admins": [], 
            "anonymous": false, 
            "maxpoints": 0, 
            "pointscale": 0
        }
    }, 
    {
        "pk": 8, 
        "model": "core.assignment", 
        "fields": {
            "must_pass": false, 
            "autoscale": true, 
            "grade_plugin": "grade_default:charfieldgrade", 
            "short_name": "home_exam2", 
            "publishing_time": "2010-10-20 08:00:00", 
            "parentnode": 11, 
            "filenames": "", 
            "long_name": "Home Exam 2", 
            "admins": [], 
            "anonymous": false, 
            "maxpoints": 0, 
            "pointscale": 0
        }
    }, 
    {
        "pk": 11, 
        "model": "core.assignment", 
        "fields": {
            "must_pass": false, 
            "autoscale": true, 
            "grade_plugin": "grade_default:charfieldgrade", 
            "short_name": "assignment0", 
            "publishing_time": "2010-09-15 12:00:00", 
            "parentnode": 12, 
            "filenames": "", 
            "long_name": "Assignment 0", 
            "admins": [], 
            "anonymous": false, 
            "maxpoints": 0, 
            "pointscale": 0
        }
    }, 
    {
        "pk": 12, 
        "model": "core.assignment", 
        "fields": {
            "must_pass": false, 
            "autoscale": true, 
            "grade_plugin": "grade_default:charfieldgrade", 
            "short_name": "assignment1", 
            "publishing_time": "2010-10-27 12:00:00", 
            "parentnode": 12, 
            "filenames": "", 
            "long_name": "Assignment 1", 
            "admins": [], 
            "anonymous": false, 
            "maxpoints": 0, 
            "pointscale": 0
        }
    }, 
    {
        "pk": 13, 
        "model": "core.assignment", 
        "fields": {
            "must_pass": false, 
            "autoscale": true, 
            "grade_plugin": "grade_default:charfieldgrade", 
            "short_name": "assignment2", 
            "publishing_time": "2010-11-24 12:00:00", 
            "parentnode": 12, 
            "filenames": "", 
            "long_name": "Assignment 2", 
            "admins": [], 
            "anonymous": false, 
            "maxpoints": 0, 
            "pointscale": 0
        }
    }, 
    {
        "pk": 15, 
        "model": "core.assignment", 
        "fields": {
            "must_pass": false, 
            "autoscale": true, 
            "grade_plugin": "grade_approved:approvedgrade", 
            "short_name": "oblig1", 
            "publishing_time": "2010-09-07 12:00:00", 
            "parentnode": 13, 
            "filenames": "", 
            "long_name": "Obligatory Assignment 1", 
            "admins": [], 
            "anonymous": false, 
            "maxpoints": 1, 
            "pointscale": 1
        }
    }, 
    {
        "pk": 16, 
        "model": "core.assignment", 
        "fields": {
            "must_pass": false, 
            "autoscale": true, 
            "grade_plugin": "grade_approved:approvedgrade", 
            "short_name": "oblig2", 
            "publishing_time": "2010-10-01 12:00:00", 
            "parentnode": 13, 
            "filenames": "", 
            "long_name": "Obligatory Assignment 2", 
            "admins": [], 
            "anonymous": false, 
            "maxpoints": 1, 
            "pointscale": 1
        }
    }, 
    {
        "pk": 17, 
        "model": "core.assignment", 
        "fields": {
            "must_pass": false, 
            "autoscale": true, 
            "grade_plugin": "grade_approved:approvedgrade", 
            "short_name": "oblig3", 
            "publishing_time": "2010-10-22 12:00:00", 
            "parentnode": 13, 
            "filenames": "", 
            "long_name": "Obligatory Assignment 3", 
            "admins": [], 
            "anonymous": false, 
            "maxpoints": 1, 
            "pointscale": 1
        }
    }, 
    {
        "pk": 18, 
        "model": "core.assignment", 
        "fields": {
            "must_pass": false, 
            "autoscale": true, 
            "grade_plugin": "grade_approved:approvedgrade", 
            "short_name": "oblig4", 
            "publishing_time": "2010-11-12 12:00:00", 
            "parentnode": 13, 
            "filenames": "", 
            "long_name": "Obligatory Assignment 4", 
            "admins": [], 
            "anonymous": false, 
            "maxpoints": 1, 
            "pointscale": 1
        }
    }, 
    {
        "pk": 19, 
        "model": "core.assignment", 
        "fields": {
            "must_pass": false, 
            "autoscale": true, 
            "grade_plugin": "grade_default:charfieldgrade", 
            "short_name": "lazy-intro", 
            "publishing_time": "2010-08-16 12:00:00", 
            "parentnode": 14, 
            "filenames": "", 
            "long_name": "Introduction to lazyness", 
            "admins": [], 
            "anonymous": false, 
            "maxpoints": 0, 
            "pointscale": 0
        }
    }, 
    {
        "pk": 20, 
        "model": "core.assignment", 
        "fields": {
            "must_pass": false, 
            "autoscale": true, 
            "grade_plugin": "grade_default:charfieldgrade", 
            "short_name": "lazy-improved", 
            "publishing_time": "2010-09-13 08:00:00", 
            "parentnode": 14, 
            "filenames": "", 
            "long_name": "Improving your current lazyness", 
            "admins": [], 
            "anonymous": false, 
            "maxpoints": 0, 
            "pointscale": 0
        }
    }, 
    {
        "pk": 21, 
        "model": "core.assignment", 
        "fields": {
            "must_pass": false, 
            "autoscale": true, 
            "grade_plugin": "grade_default:charfieldgrade", 
            "short_name": "lazy-advanced", 
            "publishing_time": "2010-08-17 10:00:00", 
            "parentnode": 15, 
            "filenames": "", 
            "long_name": "Advanced lazyness", 
            "admins": [], 
            "anonymous": false, 
            "maxpoints": 0, 
            "pointscale": 0
        }
    }, 
    {
        "pk": 22, 
        "model": "core.assignment", 
        "fields": {
            "must_pass": false, 
            "autoscale": true, 
            "grade_plugin": "grade_default:charfieldgrade", 
            "short_name": "lazy-possible", 
            "publishing_time": "2010-09-22 14:00:00", 
            "parentnode": 15, 
            "filenames": "", 
            "long_name": "How to be as lazy as possible", 
            "admins": [], 
            "anonymous": false, 
            "maxpoints": 0, 
            "pointscale": 0
        }
    }, 
    {
        "pk": 23, 
        "model": "core.assignment", 
        "fields": {
            "must_pass": false, 
            "autoscale": true, 
            "grade_plugin": "grade_rstschema:rstschemagrade", 
            "short_name": "week1", 
            "publishing_time": "2010-08-15 21:51:00", 
            "parentnode": 10, 
            "filenames": "kick.py\r\nGaussian_function1.py", 
            "long_name": "Week 1", 
            "admins": [], 
            "anonymous": false, 
            "maxpoints": 2, 
            "pointscale": 2
        }
    }, 
    {
        "pk": 24, 
        "model": "core.assignment", 
        "fields": {
            "must_pass": false, 
            "autoscale": true, 
            "grade_plugin": "grade_rstschema:rstschemagrade", 
            "short_name": "week2", 
            "publishing_time": "2010-08-29 21:52:00", 
            "parentnode": 10, 
            "filenames": "ball_table2.py\r\nball_table3.py\r\ncompute_sum_while.py", 
            "long_name": "Week 2", 
            "admins": [], 
            "anonymous": false, 
            "maxpoints": 3, 
            "pointscale": 3
        }
    }, 
    {
        "pk": 25, 
        "model": "core.assignment", 
        "fields": {
            "must_pass": false, 
            "autoscale": true, 
            "grade_plugin": "grade_rstschema:rstschemagrade", 
            "short_name": "cheating201", 
            "publishing_time": "2010-10-15 08:00:00", 
            "parentnode": 1, 
            "filenames": "", 
            "long_name": "Cheating 201", 
            "admins": [], 
            "anonymous": false, 
            "maxpoints": 10, 
            "pointscale": 10
        }
    }, 
    {
        "pk": 26, 
        "model": "core.assignment", 
        "fields": {
            "must_pass": false, 
            "autoscale": true, 
            "grade_plugin": "grade_rstschema:rstschemagrade", 
            "short_name": "avoiding-work2", 
            "publishing_time": "2010-10-18 14:00:00", 
            "parentnode": 1, 
            "filenames": "", 
            "long_name": "Really avoiding work", 
            "admins": [], 
            "anonymous": false, 
            "maxpoints": 8, 
            "pointscale": 8
        }
    }, 
    {
        "pk": 1, 
        "model": "core.candidate", 
        "fields": {
            "candidate_id": "", 
            "student": 2, 
            "assignment_group": 1
        }
    }, 
    {
        "pk": 2, 
        "model": "core.candidate", 
        "fields": {
            "candidate_id": "", 
            "student": 3, 
            "assignment_group": 1
        }
    }, 
    {
        "pk": 3, 
        "model": "core.candidate", 
        "fields": {
            "candidate_id": "", 
            "student": 4, 
            "assignment_group": 1
        }
    }, 
    {
        "pk": 4, 
        "model": "core.candidate", 
        "fields": {
            "candidate_id": "", 
            "student": 14, 
            "assignment_group": 2
        }
    }, 
    {
        "pk": 5, 
        "model": "core.candidate", 
        "fields": {
            "candidate_id": "", 
            "student": 15, 
            "assignment_group": 2
        }
    }, 
    {
        "pk": 6, 
        "model": "core.candidate", 
        "fields": {
            "candidate_id": "", 
            "student": 16, 
            "assignment_group": 2
        }
    }, 
    {
        "pk": 7, 
        "model": "core.candidate", 
        "fields": {
            "candidate_id": null, 
            "student": 2, 
            "assignment_group": 3
        }
    }, 
    {
        "pk": 8, 
        "model": "core.candidate", 
        "fields": {
            "candidate_id": null, 
            "student": 3, 
            "assignment_group": 4
        }
    }, 
    {
        "pk": 9, 
        "model": "core.candidate", 
        "fields": {
            "candidate_id": null, 
            "student": 4, 
            "assignment_group": 5
        }
    }, 
    {
        "pk": 10, 
        "model": "core.candidate", 
        "fields": {
            "candidate_id": null, 
            "student": 14, 
            "assignment_group": 6
        }
    }, 
    {
        "pk": 11, 
        "model": "core.candidate", 
        "fields": {
            "candidate_id": null, 
            "student": 15, 
            "assignment_group": 7
        }
    }, 
    {
        "pk": 12, 
        "model": "core.candidate", 
        "fields": {
            "candidate_id": null, 
            "student": 16, 
            "assignment_group": 8
        }
    }, 
    {
        "pk": 13, 
        "model": "core.candidate", 
        "fields": {
            "candidate_id": "", 
            "student": 2, 
            "assignment_group": 9
        }
    }, 
    {
        "pk": 14, 
        "model": "core.candidate", 
        "fields": {
            "candidate_id": null, 
            "student": 22, 
            "assignment_group": 10
        }
    }, 
    {
        "pk": 15, 
        "model": "core.candidate", 
        "fields": {
            "candidate_id": null, 
            "student": 24, 
            "assignment_group": 11
        }
    }, 
    {
        "pk": 16, 
        "model": "core.candidate", 
        "fields": {
            "candidate_id": null, 
            "student": 22, 
            "assignment_group": 12
        }
    }, 
    {
        "pk": 17, 
        "model": "core.candidate", 
        "fields": {
            "candidate_id": null, 
            "student": 23, 
            "assignment_group": 12
        }
    }, 
    {
        "pk": 18, 
        "model": "core.candidate", 
        "fields": {
            "candidate_id": null, 
            "student": 24, 
            "assignment_group": 13
        }
    }, 
    {
        "pk": 19, 
        "model": "core.candidate", 
        "fields": {
            "candidate_id": null, 
            "student": 25, 
            "assignment_group": 13
        }
    }, 
    {
        "pk": 20, 
        "model": "core.candidate", 
        "fields": {
            "candidate_id": null, 
            "student": 26, 
            "assignment_group": 14
        }
    }, 
    {
        "pk": 21, 
        "model": "core.candidate", 
        "fields": {
            "candidate_id": null, 
            "student": 27, 
            "assignment_group": 14
        }
    }, 
    {
        "pk": 22, 
        "model": "core.candidate", 
        "fields": {
            "candidate_id": null, 
            "student": 28, 
            "assignment_group": 15
        }
    }, 
    {
        "pk": 23, 
        "model": "core.candidate", 
        "fields": {
            "candidate_id": null, 
            "student": 29, 
            "assignment_group": 15
        }
    }, 
    {
        "pk": 24, 
        "model": "core.candidate", 
        "fields": {
            "candidate_id": null, 
            "student": 30, 
            "assignment_group": 16
        }
    }, 
    {
        "pk": 25, 
        "model": "core.candidate", 
        "fields": {
            "candidate_id": null, 
            "student": 31, 
            "assignment_group": 16
        }
    }, 
    {
        "pk": 26, 
        "model": "core.candidate", 
        "fields": {
            "candidate_id": null, 
            "student": 32, 
            "assignment_group": 17
        }
    }, 
    {
        "pk": 27, 
        "model": "core.candidate", 
        "fields": {
            "candidate_id": null, 
            "student": 33, 
            "assignment_group": 17
        }
    }, 
    {
        "pk": 28, 
        "model": "core.candidate", 
        "fields": {
            "candidate_id": null, 
            "student": 34, 
            "assignment_group": 18
        }
    }, 
    {
        "pk": 29, 
        "model": "core.candidate", 
        "fields": {
            "candidate_id": null, 
            "student": 35, 
            "assignment_group": 18
        }
    }, 
    {
        "pk": 30, 
        "model": "core.candidate", 
        "fields": {
            "candidate_id": null, 
            "student": 36, 
            "assignment_group": 19
        }
    }, 
    {
        "pk": 31, 
        "model": "core.candidate", 
        "fields": {
            "candidate_id": null, 
            "student": 37, 
            "assignment_group": 19
        }
    }, 
    {
        "pk": 32, 
        "model": "core.candidate", 
        "fields": {
            "candidate_id": null, 
            "student": 22, 
            "assignment_group": 20
        }
    }, 
    {
        "pk": 33, 
        "model": "core.candidate", 
        "fields": {
            "candidate_id": null, 
            "student": 23, 
            "assignment_group": 20
        }
    }, 
    {
        "pk": 34, 
        "model": "core.candidate", 
        "fields": {
            "candidate_id": null, 
            "student": 24, 
            "assignment_group": 21
        }
    }, 
    {
        "pk": 35, 
        "model": "core.candidate", 
        "fields": {
            "candidate_id": null, 
            "student": 25, 
            "assignment_group": 21
        }
    }, 
    {
        "pk": 36, 
        "model": "core.candidate", 
        "fields": {
            "candidate_id": null, 
            "student": 26, 
            "assignment_group": 22
        }
    }, 
    {
        "pk": 37, 
        "model": "core.candidate", 
        "fields": {
            "candidate_id": null, 
            "student": 27, 
            "assignment_group": 22
        }
    }, 
    {
        "pk": 38, 
        "model": "core.candidate", 
        "fields": {
            "candidate_id": null, 
            "student": 28, 
            "assignment_group": 23
        }
    }, 
    {
        "pk": 39, 
        "model": "core.candidate", 
        "fields": {
            "candidate_id": null, 
            "student": 29, 
            "assignment_group": 23
        }
    }, 
    {
        "pk": 40, 
        "model": "core.candidate", 
        "fields": {
            "candidate_id": null, 
            "student": 30, 
            "assignment_group": 24
        }
    }, 
    {
        "pk": 41, 
        "model": "core.candidate", 
        "fields": {
            "candidate_id": null, 
            "student": 31, 
            "assignment_group": 24
        }
    }, 
    {
        "pk": 42, 
        "model": "core.candidate", 
        "fields": {
            "candidate_id": null, 
            "student": 32, 
            "assignment_group": 25
        }
    }, 
    {
        "pk": 43, 
        "model": "core.candidate", 
        "fields": {
            "candidate_id": null, 
            "student": 33, 
            "assignment_group": 25
        }
    }, 
    {
        "pk": 44, 
        "model": "core.candidate", 
        "fields": {
            "candidate_id": null, 
            "student": 34, 
            "assignment_group": 26
        }
    }, 
    {
        "pk": 45, 
        "model": "core.candidate", 
        "fields": {
            "candidate_id": null, 
            "student": 35, 
            "assignment_group": 26
        }
    }, 
    {
        "pk": 46, 
        "model": "core.candidate", 
        "fields": {
            "candidate_id": null, 
            "student": 36, 
            "assignment_group": 27
        }
    }, 
    {
        "pk": 47, 
        "model": "core.candidate", 
        "fields": {
            "candidate_id": null, 
            "student": 37, 
            "assignment_group": 27
        }
    }, 
    {
        "pk": 48, 
        "model": "core.candidate", 
        "fields": {
            "candidate_id": null, 
            "student": 22, 
            "assignment_group": 28
        }
    }, 
    {
        "pk": 49, 
        "model": "core.candidate", 
        "fields": {
            "candidate_id": null, 
            "student": 23, 
            "assignment_group": 28
        }
    }, 
    {
        "pk": 50, 
        "model": "core.candidate", 
        "fields": {
            "candidate_id": null, 
            "student": 24, 
            "assignment_group": 29
        }
    }, 
    {
        "pk": 51, 
        "model": "core.candidate", 
        "fields": {
            "candidate_id": null, 
            "student": 25, 
            "assignment_group": 29
        }
    }, 
    {
        "pk": 52, 
        "model": "core.candidate", 
        "fields": {
            "candidate_id": null, 
            "student": 26, 
            "assignment_group": 30
        }
    }, 
    {
        "pk": 53, 
        "model": "core.candidate", 
        "fields": {
            "candidate_id": null, 
            "student": 27, 
            "assignment_group": 30
        }
    }, 
    {
        "pk": 54, 
        "model": "core.candidate", 
        "fields": {
            "candidate_id": null, 
            "student": 28, 
            "assignment_group": 31
        }
    }, 
    {
        "pk": 55, 
        "model": "core.candidate", 
        "fields": {
            "candidate_id": null, 
            "student": 29, 
            "assignment_group": 31
        }
    }, 
    {
        "pk": 56, 
        "model": "core.candidate", 
        "fields": {
            "candidate_id": null, 
            "student": 30, 
            "assignment_group": 32
        }
    }, 
    {
        "pk": 57, 
        "model": "core.candidate", 
        "fields": {
            "candidate_id": null, 
            "student": 31, 
            "assignment_group": 32
        }
    }, 
    {
        "pk": 58, 
        "model": "core.candidate", 
        "fields": {
            "candidate_id": null, 
            "student": 32, 
            "assignment_group": 33
        }
    }, 
    {
        "pk": 59, 
        "model": "core.candidate", 
        "fields": {
            "candidate_id": null, 
            "student": 33, 
            "assignment_group": 33
        }
    }, 
    {
        "pk": 60, 
        "model": "core.candidate", 
        "fields": {
            "candidate_id": null, 
            "student": 34, 
            "assignment_group": 34
        }
    }, 
    {
        "pk": 61, 
        "model": "core.candidate", 
        "fields": {
            "candidate_id": null, 
            "student": 35, 
            "assignment_group": 34
        }
    }, 
    {
        "pk": 62, 
        "model": "core.candidate", 
        "fields": {
            "candidate_id": null, 
            "student": 36, 
            "assignment_group": 35
        }
    }, 
    {
        "pk": 63, 
        "model": "core.candidate", 
        "fields": {
            "candidate_id": null, 
            "student": 37, 
            "assignment_group": 35
        }
    }, 
    {
        "pk": 64, 
        "model": "core.candidate", 
        "fields": {
            "candidate_id": null, 
            "student": 22, 
            "assignment_group": 36
        }
    }, 
    {
        "pk": 65, 
        "model": "core.candidate", 
        "fields": {
            "candidate_id": null, 
            "student": 23, 
            "assignment_group": 37
        }
    }, 
    {
        "pk": 66, 
        "model": "core.candidate", 
        "fields": {
            "candidate_id": null, 
            "student": 24, 
            "assignment_group": 38
        }
    }, 
    {
        "pk": 67, 
        "model": "core.candidate", 
        "fields": {
            "candidate_id": null, 
            "student": 25, 
            "assignment_group": 39
        }
    }, 
    {
        "pk": 68, 
        "model": "core.candidate", 
        "fields": {
            "candidate_id": null, 
            "student": 26, 
            "assignment_group": 40
        }
    }, 
    {
        "pk": 69, 
        "model": "core.candidate", 
        "fields": {
            "candidate_id": null, 
            "student": 27, 
            "assignment_group": 41
        }
    }, 
    {
        "pk": 70, 
        "model": "core.candidate", 
        "fields": {
            "candidate_id": null, 
            "student": 28, 
            "assignment_group": 42
        }
    }, 
    {
        "pk": 71, 
        "model": "core.candidate", 
        "fields": {
            "candidate_id": null, 
            "student": 29, 
            "assignment_group": 43
        }
    }, 
    {
        "pk": 72, 
        "model": "core.candidate", 
        "fields": {
            "candidate_id": null, 
            "student": 30, 
            "assignment_group": 44
        }
    }, 
    {
        "pk": 73, 
        "model": "core.candidate", 
        "fields": {
            "candidate_id": null, 
            "student": 31, 
            "assignment_group": 45
        }
    }, 
    {
        "pk": 74, 
        "model": "core.candidate", 
        "fields": {
            "candidate_id": null, 
            "student": 32, 
            "assignment_group": 46
        }
    }, 
    {
        "pk": 75, 
        "model": "core.candidate", 
        "fields": {
            "candidate_id": null, 
            "student": 33, 
            "assignment_group": 47
        }
    }, 
    {
        "pk": 76, 
        "model": "core.candidate", 
        "fields": {
            "candidate_id": null, 
            "student": 34, 
            "assignment_group": 48
        }
    }, 
    {
        "pk": 77, 
        "model": "core.candidate", 
        "fields": {
            "candidate_id": null, 
            "student": 35, 
            "assignment_group": 49
        }
    }, 
    {
        "pk": 78, 
        "model": "core.candidate", 
        "fields": {
            "candidate_id": null, 
            "student": 36, 
            "assignment_group": 50
        }
    }, 
    {
        "pk": 79, 
        "model": "core.candidate", 
        "fields": {
            "candidate_id": null, 
            "student": 37, 
            "assignment_group": 51
        }
    }, 
    {
        "pk": 80, 
        "model": "core.candidate", 
        "fields": {
            "candidate_id": null, 
            "student": 38, 
            "assignment_group": 52
        }
    }, 
    {
        "pk": 81, 
        "model": "core.candidate", 
        "fields": {
            "candidate_id": null, 
            "student": 41, 
            "assignment_group": 53
        }
    }, 
    {
        "pk": 82, 
        "model": "core.candidate", 
        "fields": {
            "candidate_id": null, 
            "student": 39, 
            "assignment_group": 54
        }
    }, 
    {
        "pk": 83, 
        "model": "core.candidate", 
        "fields": {
            "candidate_id": null, 
            "student": 40, 
            "assignment_group": 55
        }
    }, 
    {
        "pk": 84, 
        "model": "core.candidate", 
        "fields": {
            "candidate_id": null, 
            "student": 42, 
            "assignment_group": 56
        }
    }, 
    {
        "pk": 85, 
        "model": "core.candidate", 
        "fields": {
            "candidate_id": null, 
            "student": 43, 
            "assignment_group": 57
        }
    }, 
    {
        "pk": 86, 
        "model": "core.candidate", 
        "fields": {
            "candidate_id": null, 
            "student": 44, 
            "assignment_group": 58
        }
    }, 
    {
        "pk": 87, 
        "model": "core.candidate", 
        "fields": {
            "candidate_id": null, 
            "student": 45, 
            "assignment_group": 59
        }
    }, 
    {
        "pk": 88, 
        "model": "core.candidate", 
        "fields": {
            "candidate_id": null, 
            "student": 46, 
            "assignment_group": 60
        }
    }, 
    {
        "pk": 89, 
        "model": "core.candidate", 
        "fields": {
            "candidate_id": null, 
            "student": 47, 
            "assignment_group": 61
        }
    }, 
    {
        "pk": 90, 
        "model": "core.candidate", 
        "fields": {
            "candidate_id": null, 
            "student": 48, 
            "assignment_group": 62
        }
    }, 
    {
        "pk": 91, 
        "model": "core.candidate", 
        "fields": {
            "candidate_id": null, 
            "student": 49, 
            "assignment_group": 63
        }
    }, 
    {
        "pk": 92, 
        "model": "core.candidate", 
        "fields": {
            "candidate_id": null, 
            "student": 50, 
            "assignment_group": 64
        }
    }, 
    {
        "pk": 93, 
        "model": "core.candidate", 
        "fields": {
            "candidate_id": null, 
            "student": 51, 
            "assignment_group": 65
        }
    }, 
    {
        "pk": 94, 
        "model": "core.candidate", 
        "fields": {
            "candidate_id": null, 
            "student": 2, 
            "assignment_group": 66
        }
    }, 
    {
        "pk": 95, 
        "model": "core.candidate", 
        "fields": {
            "candidate_id": null, 
            "student": 3, 
            "assignment_group": 67
        }
    }, 
    {
        "pk": 96, 
        "model": "core.candidate", 
        "fields": {
            "candidate_id": null, 
            "student": 4, 
            "assignment_group": 68
        }
    }, 
    {
        "pk": 97, 
        "model": "core.candidate", 
        "fields": {
            "candidate_id": null, 
            "student": 14, 
            "assignment_group": 69
        }
    }, 
    {
        "pk": 98, 
        "model": "core.candidate", 
        "fields": {
            "candidate_id": null, 
            "student": 15, 
            "assignment_group": 70
        }
    }, 
    {
        "pk": 99, 
        "model": "core.candidate", 
        "fields": {
            "candidate_id": null, 
            "student": 16, 
            "assignment_group": 71
        }
    }, 
    {
        "pk": 100, 
        "model": "core.candidate", 
        "fields": {
            "candidate_id": null, 
            "student": 2, 
            "assignment_group": 72
        }
    }, 
    {
        "pk": 101, 
        "model": "core.candidate", 
        "fields": {
            "candidate_id": null, 
            "student": 3, 
            "assignment_group": 73
        }
    }, 
    {
        "pk": 102, 
        "model": "core.candidate", 
        "fields": {
            "candidate_id": null, 
            "student": 4, 
            "assignment_group": 74
        }
    }, 
    {
        "pk": 103, 
        "model": "core.candidate", 
        "fields": {
            "candidate_id": null, 
            "student": 14, 
            "assignment_group": 75
        }
    }, 
    {
        "pk": 104, 
        "model": "core.candidate", 
        "fields": {
            "candidate_id": null, 
            "student": 15, 
            "assignment_group": 76
        }
    }, 
    {
        "pk": 105, 
        "model": "core.candidate", 
        "fields": {
            "candidate_id": null, 
            "student": 16, 
            "assignment_group": 77
        }
    }, 
    {
        "pk": 106, 
        "model": "core.candidate", 
        "fields": {
            "candidate_id": null, 
            "student": 2, 
            "assignment_group": 78
        }
    }, 
    {
        "pk": 107, 
        "model": "core.candidate", 
        "fields": {
            "candidate_id": null, 
            "student": 3, 
            "assignment_group": 79
        }
    }, 
    {
        "pk": 108, 
        "model": "core.candidate", 
        "fields": {
            "candidate_id": null, 
            "student": 4, 
            "assignment_group": 80
        }
    }, 
    {
        "pk": 109, 
        "model": "core.candidate", 
        "fields": {
            "candidate_id": null, 
            "student": 14, 
            "assignment_group": 81
        }
    }, 
    {
        "pk": 110, 
        "model": "core.candidate", 
        "fields": {
            "candidate_id": null, 
            "student": 15, 
            "assignment_group": 82
        }
    }, 
    {
        "pk": 111, 
        "model": "core.candidate", 
        "fields": {
            "candidate_id": null, 
            "student": 16, 
            "assignment_group": 83
        }
    }, 
    {
        "pk": 112, 
        "model": "core.candidate", 
        "fields": {
            "candidate_id": null, 
            "student": 2, 
            "assignment_group": 84
        }
    }, 
    {
        "pk": 113, 
        "model": "core.candidate", 
        "fields": {
            "candidate_id": null, 
            "student": 3, 
            "assignment_group": 85
        }
    }, 
    {
        "pk": 114, 
        "model": "core.candidate", 
        "fields": {
            "candidate_id": null, 
            "student": 4, 
            "assignment_group": 86
        }
    }, 
    {
        "pk": 115, 
        "model": "core.candidate", 
        "fields": {
            "candidate_id": null, 
            "student": 14, 
            "assignment_group": 87
        }
    }, 
    {
        "pk": 116, 
        "model": "core.candidate", 
        "fields": {
            "candidate_id": null, 
            "student": 15, 
            "assignment_group": 88
        }
    }, 
    {
        "pk": 117, 
        "model": "core.candidate", 
        "fields": {
            "candidate_id": null, 
            "student": 16, 
            "assignment_group": 89
        }
    }, 
    {
        "pk": 1, 
        "model": "core.assignmentgroup", 
        "fields": {
            "status": 2, 
            "is_passing_grade": true, 
            "name": "The boys", 
            "parentnode": 2, 
            "scaled_points": 0.0, 
            "points": 0, 
            "is_open": false, 
            "examiners": [
                13
            ]
        }
    }, 
    {
        "pk": 2, 
        "model": "core.assignmentgroup", 
        "fields": {
            "status": 1, 
            "is_passing_grade": true, 
            "name": "The girls", 
            "parentnode": 2, 
            "scaled_points": 0.0, 
            "points": 0, 
            "is_open": true, 
            "examiners": [
                12
            ]
        }
    }, 
    {
        "pk": 3, 
        "model": "core.assignmentgroup", 
        "fields": {
            "status": 2, 
            "is_passing_grade": true, 
            "name": "", 
            "parentnode": 3, 
            "scaled_points": 0.0, 
            "points": 0, 
            "is_open": true, 
            "examiners": [
                13
            ]
        }
    }, 
    {
        "pk": 4, 
        "model": "core.assignmentgroup", 
        "fields": {
            "status": 0, 
            "is_passing_grade": true, 
            "name": "", 
            "parentnode": 3, 
            "scaled_points": 0.0, 
            "points": 0, 
            "is_open": true, 
            "examiners": [
                6
            ]
        }
    }, 
    {
        "pk": 5, 
        "model": "core.assignmentgroup", 
        "fields": {
            "status": 0, 
            "is_passing_grade": true, 
            "name": "", 
            "parentnode": 3, 
            "scaled_points": 0.0, 
            "points": 0, 
            "is_open": true, 
            "examiners": [
                12
            ]
        }
    }, 
    {
        "pk": 6, 
        "model": "core.assignmentgroup", 
        "fields": {
            "status": 2, 
            "is_passing_grade": true, 
            "name": "", 
            "parentnode": 3, 
            "scaled_points": 0.0, 
            "points": 0, 
            "is_open": true, 
            "examiners": [
                12
            ]
        }
    }, 
    {
        "pk": 7, 
        "model": "core.assignmentgroup", 
        "fields": {
            "status": 3, 
            "is_passing_grade": true, 
            "name": "", 
            "parentnode": 3, 
            "scaled_points": 12.727272727272727, 
            "points": 7, 
            "is_open": true, 
            "examiners": [
                12, 
                13
            ]
        }
    }, 
    {
        "pk": 8, 
        "model": "core.assignmentgroup", 
        "fields": {
            "status": 3, 
            "is_passing_grade": true, 
            "name": "", 
            "parentnode": 3, 
            "scaled_points": 5.4545454545454541, 
            "points": 3, 
            "is_open": true, 
            "examiners": [
                13
            ]
        }
    }, 
    {
        "pk": 9, 
        "model": "core.assignmentgroup", 
        "fields": {
            "status": 2, 
            "is_passing_grade": true, 
            "name": "", 
            "parentnode": 1, 
            "scaled_points": 0.0, 
            "points": 0, 
            "is_open": true, 
            "examiners": [
                13
            ]
        }
    }, 
    {
        "pk": 10, 
        "model": "core.assignmentgroup", 
        "fields": {
            "status": 0, 
            "is_passing_grade": true, 
            "name": null, 
            "parentnode": 6, 
            "scaled_points": 0.0, 
            "points": 0, 
            "is_open": true, 
            "examiners": []
        }
    }, 
    {
        "pk": 11, 
        "model": "core.assignmentgroup", 
        "fields": {
            "status": 0, 
            "is_passing_grade": true, 
            "name": null, 
            "parentnode": 6, 
            "scaled_points": 0.0, 
            "points": 0, 
            "is_open": true, 
            "examiners": []
        }
    }, 
    {
        "pk": 12, 
        "model": "core.assignmentgroup", 
        "fields": {
            "status": 0, 
            "is_passing_grade": true, 
            "name": null, 
            "parentnode": 11, 
            "scaled_points": 0.0, 
            "points": 0, 
            "is_open": true, 
            "examiners": []
        }
    }, 
    {
        "pk": 13, 
        "model": "core.assignmentgroup", 
        "fields": {
            "status": 0, 
            "is_passing_grade": true, 
            "name": null, 
            "parentnode": 11, 
            "scaled_points": 0.0, 
            "points": 0, 
            "is_open": true, 
            "examiners": []
        }
    }, 
    {
        "pk": 14, 
        "model": "core.assignmentgroup", 
        "fields": {
            "status": 0, 
            "is_passing_grade": true, 
            "name": null, 
            "parentnode": 11, 
            "scaled_points": 0.0, 
            "points": 0, 
            "is_open": true, 
            "examiners": []
        }
    }, 
    {
        "pk": 15, 
        "model": "core.assignmentgroup", 
        "fields": {
            "status": 0, 
            "is_passing_grade": true, 
            "name": null, 
            "parentnode": 11, 
            "scaled_points": 0.0, 
            "points": 0, 
            "is_open": true, 
            "examiners": []
        }
    }, 
    {
        "pk": 16, 
        "model": "core.assignmentgroup", 
        "fields": {
            "status": 0, 
            "is_passing_grade": true, 
            "name": null, 
            "parentnode": 11, 
            "scaled_points": 0.0, 
            "points": 0, 
            "is_open": true, 
            "examiners": []
        }
    }, 
    {
        "pk": 17, 
        "model": "core.assignmentgroup", 
        "fields": {
            "status": 0, 
            "is_passing_grade": true, 
            "name": null, 
            "parentnode": 11, 
            "scaled_points": 0.0, 
            "points": 0, 
            "is_open": true, 
            "examiners": []
        }
    }, 
    {
        "pk": 18, 
        "model": "core.assignmentgroup", 
        "fields": {
            "status": 0, 
            "is_passing_grade": true, 
            "name": null, 
            "parentnode": 11, 
            "scaled_points": 0.0, 
            "points": 0, 
            "is_open": true, 
            "examiners": []
        }
    }, 
    {
        "pk": 19, 
        "model": "core.assignmentgroup", 
        "fields": {
            "status": 0, 
            "is_passing_grade": true, 
            "name": null, 
            "parentnode": 11, 
            "scaled_points": 0.0, 
            "points": 0, 
            "is_open": true, 
            "examiners": []
        }
    }, 
    {
        "pk": 20, 
        "model": "core.assignmentgroup", 
        "fields": {
            "status": 0, 
            "is_passing_grade": true, 
            "name": null, 
            "parentnode": 12, 
            "scaled_points": 0.0, 
            "points": 0, 
            "is_open": true, 
            "examiners": []
        }
    }, 
    {
        "pk": 21, 
        "model": "core.assignmentgroup", 
        "fields": {
            "status": 0, 
            "is_passing_grade": true, 
            "name": null, 
            "parentnode": 12, 
            "scaled_points": 0.0, 
            "points": 0, 
            "is_open": true, 
            "examiners": []
        }
    }, 
    {
        "pk": 22, 
        "model": "core.assignmentgroup", 
        "fields": {
            "status": 0, 
            "is_passing_grade": true, 
            "name": null, 
            "parentnode": 12, 
            "scaled_points": 0.0, 
            "points": 0, 
            "is_open": true, 
            "examiners": []
        }
    }, 
    {
        "pk": 23, 
        "model": "core.assignmentgroup", 
        "fields": {
            "status": 0, 
            "is_passing_grade": true, 
            "name": null, 
            "parentnode": 12, 
            "scaled_points": 0.0, 
            "points": 0, 
            "is_open": true, 
            "examiners": []
        }
    }, 
    {
        "pk": 24, 
        "model": "core.assignmentgroup", 
        "fields": {
            "status": 0, 
            "is_passing_grade": true, 
            "name": null, 
            "parentnode": 12, 
            "scaled_points": 0.0, 
            "points": 0, 
            "is_open": true, 
            "examiners": []
        }
    }, 
    {
        "pk": 25, 
        "model": "core.assignmentgroup", 
        "fields": {
            "status": 0, 
            "is_passing_grade": true, 
            "name": null, 
            "parentnode": 12, 
            "scaled_points": 0.0, 
            "points": 0, 
            "is_open": true, 
            "examiners": []
        }
    }, 
    {
        "pk": 26, 
        "model": "core.assignmentgroup", 
        "fields": {
            "status": 0, 
            "is_passing_grade": true, 
            "name": null, 
            "parentnode": 12, 
            "scaled_points": 0.0, 
            "points": 0, 
            "is_open": true, 
            "examiners": []
        }
    }, 
    {
        "pk": 27, 
        "model": "core.assignmentgroup", 
        "fields": {
            "status": 0, 
            "is_passing_grade": true, 
            "name": null, 
            "parentnode": 12, 
            "scaled_points": 0.0, 
            "points": 0, 
            "is_open": true, 
            "examiners": []
        }
    }, 
    {
        "pk": 28, 
        "model": "core.assignmentgroup", 
        "fields": {
            "status": 0, 
            "is_passing_grade": true, 
            "name": null, 
            "parentnode": 13, 
            "scaled_points": 0.0, 
            "points": 0, 
            "is_open": true, 
            "examiners": []
        }
    }, 
    {
        "pk": 29, 
        "model": "core.assignmentgroup", 
        "fields": {
            "status": 0, 
            "is_passing_grade": true, 
            "name": null, 
            "parentnode": 13, 
            "scaled_points": 0.0, 
            "points": 0, 
            "is_open": true, 
            "examiners": []
        }
    }, 
    {
        "pk": 30, 
        "model": "core.assignmentgroup", 
        "fields": {
            "status": 0, 
            "is_passing_grade": true, 
            "name": null, 
            "parentnode": 13, 
            "scaled_points": 0.0, 
            "points": 0, 
            "is_open": true, 
            "examiners": []
        }
    }, 
    {
        "pk": 31, 
        "model": "core.assignmentgroup", 
        "fields": {
            "status": 0, 
            "is_passing_grade": true, 
            "name": null, 
            "parentnode": 13, 
            "scaled_points": 0.0, 
            "points": 0, 
            "is_open": true, 
            "examiners": []
        }
    }, 
    {
        "pk": 32, 
        "model": "core.assignmentgroup", 
        "fields": {
            "status": 0, 
            "is_passing_grade": true, 
            "name": null, 
            "parentnode": 13, 
            "scaled_points": 0.0, 
            "points": 0, 
            "is_open": true, 
            "examiners": []
        }
    }, 
    {
        "pk": 33, 
        "model": "core.assignmentgroup", 
        "fields": {
            "status": 0, 
            "is_passing_grade": true, 
            "name": null, 
            "parentnode": 13, 
            "scaled_points": 0.0, 
            "points": 0, 
            "is_open": true, 
            "examiners": []
        }
    }, 
    {
        "pk": 34, 
        "model": "core.assignmentgroup", 
        "fields": {
            "status": 0, 
            "is_passing_grade": true, 
            "name": null, 
            "parentnode": 13, 
            "scaled_points": 0.0, 
            "points": 0, 
            "is_open": true, 
            "examiners": []
        }
    }, 
    {
        "pk": 35, 
        "model": "core.assignmentgroup", 
        "fields": {
            "status": 0, 
            "is_passing_grade": true, 
            "name": null, 
            "parentnode": 13, 
            "scaled_points": 0.0, 
            "points": 0, 
            "is_open": true, 
            "examiners": []
        }
    }, 
    {
        "pk": 36, 
        "model": "core.assignmentgroup", 
        "fields": {
            "status": 0, 
            "is_passing_grade": true, 
            "name": null, 
            "parentnode": 15, 
            "scaled_points": 0.0, 
            "points": 0, 
            "is_open": true, 
            "examiners": []
        }
    }, 
    {
        "pk": 37, 
        "model": "core.assignmentgroup", 
        "fields": {
            "status": 0, 
            "is_passing_grade": true, 
            "name": null, 
            "parentnode": 15, 
            "scaled_points": 0.0, 
            "points": 0, 
            "is_open": true, 
            "examiners": []
        }
    }, 
    {
        "pk": 38, 
        "model": "core.assignmentgroup", 
        "fields": {
            "status": 0, 
            "is_passing_grade": true, 
            "name": null, 
            "parentnode": 15, 
            "scaled_points": 0.0, 
            "points": 0, 
            "is_open": true, 
            "examiners": []
        }
    }, 
    {
        "pk": 39, 
        "model": "core.assignmentgroup", 
        "fields": {
            "status": 0, 
            "is_passing_grade": true, 
            "name": null, 
            "parentnode": 15, 
            "scaled_points": 0.0, 
            "points": 0, 
            "is_open": true, 
            "examiners": []
        }
    }, 
    {
        "pk": 40, 
        "model": "core.assignmentgroup", 
        "fields": {
            "status": 0, 
            "is_passing_grade": true, 
            "name": null, 
            "parentnode": 15, 
            "scaled_points": 0.0, 
            "points": 0, 
            "is_open": true, 
            "examiners": []
        }
    }, 
    {
        "pk": 41, 
        "model": "core.assignmentgroup", 
        "fields": {
            "status": 0, 
            "is_passing_grade": true, 
            "name": null, 
            "parentnode": 15, 
            "scaled_points": 0.0, 
            "points": 0, 
            "is_open": true, 
            "examiners": []
        }
    }, 
    {
        "pk": 42, 
        "model": "core.assignmentgroup", 
        "fields": {
            "status": 0, 
            "is_passing_grade": true, 
            "name": null, 
            "parentnode": 15, 
            "scaled_points": 0.0, 
            "points": 0, 
            "is_open": true, 
            "examiners": []
        }
    }, 
    {
        "pk": 43, 
        "model": "core.assignmentgroup", 
        "fields": {
            "status": 0, 
            "is_passing_grade": true, 
            "name": null, 
            "parentnode": 15, 
            "scaled_points": 0.0, 
            "points": 0, 
            "is_open": true, 
            "examiners": []
        }
    }, 
    {
        "pk": 44, 
        "model": "core.assignmentgroup", 
        "fields": {
            "status": 0, 
            "is_passing_grade": true, 
            "name": null, 
            "parentnode": 15, 
            "scaled_points": 0.0, 
            "points": 0, 
            "is_open": true, 
            "examiners": []
        }
    }, 
    {
        "pk": 45, 
        "model": "core.assignmentgroup", 
        "fields": {
            "status": 0, 
            "is_passing_grade": true, 
            "name": null, 
            "parentnode": 15, 
            "scaled_points": 0.0, 
            "points": 0, 
            "is_open": true, 
            "examiners": []
        }
    }, 
    {
        "pk": 46, 
        "model": "core.assignmentgroup", 
        "fields": {
            "status": 0, 
            "is_passing_grade": true, 
            "name": null, 
            "parentnode": 15, 
            "scaled_points": 0.0, 
            "points": 0, 
            "is_open": true, 
            "examiners": []
        }
    }, 
    {
        "pk": 47, 
        "model": "core.assignmentgroup", 
        "fields": {
            "status": 0, 
            "is_passing_grade": true, 
            "name": null, 
            "parentnode": 15, 
            "scaled_points": 0.0, 
            "points": 0, 
            "is_open": true, 
            "examiners": []
        }
    }, 
    {
        "pk": 48, 
        "model": "core.assignmentgroup", 
        "fields": {
            "status": 0, 
            "is_passing_grade": true, 
            "name": null, 
            "parentnode": 15, 
            "scaled_points": 0.0, 
            "points": 0, 
            "is_open": true, 
            "examiners": []
        }
    }, 
    {
        "pk": 49, 
        "model": "core.assignmentgroup", 
        "fields": {
            "status": 0, 
            "is_passing_grade": true, 
            "name": null, 
            "parentnode": 15, 
            "scaled_points": 0.0, 
            "points": 0, 
            "is_open": true, 
            "examiners": []
        }
    }, 
    {
        "pk": 50, 
        "model": "core.assignmentgroup", 
        "fields": {
            "status": 0, 
            "is_passing_grade": true, 
            "name": null, 
            "parentnode": 15, 
            "scaled_points": 0.0, 
            "points": 0, 
            "is_open": true, 
            "examiners": []
        }
    }, 
    {
        "pk": 51, 
        "model": "core.assignmentgroup", 
        "fields": {
            "status": 0, 
            "is_passing_grade": true, 
            "name": null, 
            "parentnode": 15, 
            "scaled_points": 0.0, 
            "points": 0, 
            "is_open": true, 
            "examiners": []
        }
    }, 
    {
        "pk": 52, 
        "model": "core.assignmentgroup", 
        "fields": {
            "status": 0, 
            "is_passing_grade": true, 
            "name": null, 
            "parentnode": 15, 
            "scaled_points": 0.0, 
            "points": 0, 
            "is_open": true, 
            "examiners": []
        }
    }, 
    {
        "pk": 53, 
        "model": "core.assignmentgroup", 
        "fields": {
            "status": 0, 
            "is_passing_grade": true, 
            "name": null, 
            "parentnode": 15, 
            "scaled_points": 0.0, 
            "points": 0, 
            "is_open": true, 
            "examiners": []
        }
    }, 
    {
        "pk": 54, 
        "model": "core.assignmentgroup", 
        "fields": {
            "status": 0, 
            "is_passing_grade": true, 
            "name": null, 
            "parentnode": 15, 
            "scaled_points": 0.0, 
            "points": 0, 
            "is_open": true, 
            "examiners": []
        }
    }, 
    {
        "pk": 55, 
        "model": "core.assignmentgroup", 
        "fields": {
            "status": 0, 
            "is_passing_grade": true, 
            "name": null, 
            "parentnode": 15, 
            "scaled_points": 0.0, 
            "points": 0, 
            "is_open": true, 
            "examiners": []
        }
    }, 
    {
        "pk": 56, 
        "model": "core.assignmentgroup", 
        "fields": {
            "status": 0, 
            "is_passing_grade": true, 
            "name": null, 
            "parentnode": 15, 
            "scaled_points": 0.0, 
            "points": 0, 
            "is_open": true, 
            "examiners": []
        }
    }, 
    {
        "pk": 57, 
        "model": "core.assignmentgroup", 
        "fields": {
            "status": 0, 
            "is_passing_grade": true, 
            "name": null, 
            "parentnode": 15, 
            "scaled_points": 0.0, 
            "points": 0, 
            "is_open": true, 
            "examiners": []
        }
    }, 
    {
        "pk": 58, 
        "model": "core.assignmentgroup", 
        "fields": {
            "status": 0, 
            "is_passing_grade": true, 
            "name": null, 
            "parentnode": 15, 
            "scaled_points": 0.0, 
            "points": 0, 
            "is_open": true, 
            "examiners": []
        }
    }, 
    {
        "pk": 59, 
        "model": "core.assignmentgroup", 
        "fields": {
            "status": 0, 
            "is_passing_grade": true, 
            "name": null, 
            "parentnode": 15, 
            "scaled_points": 0.0, 
            "points": 0, 
            "is_open": true, 
            "examiners": []
        }
    }, 
    {
        "pk": 60, 
        "model": "core.assignmentgroup", 
        "fields": {
            "status": 0, 
            "is_passing_grade": true, 
            "name": null, 
            "parentnode": 15, 
            "scaled_points": 0.0, 
            "points": 0, 
            "is_open": true, 
            "examiners": []
        }
    }, 
    {
        "pk": 61, 
        "model": "core.assignmentgroup", 
        "fields": {
            "status": 0, 
            "is_passing_grade": true, 
            "name": null, 
            "parentnode": 15, 
            "scaled_points": 0.0, 
            "points": 0, 
            "is_open": true, 
            "examiners": []
        }
    }, 
    {
        "pk": 62, 
        "model": "core.assignmentgroup", 
        "fields": {
            "status": 0, 
            "is_passing_grade": true, 
            "name": null, 
            "parentnode": 15, 
            "scaled_points": 0.0, 
            "points": 0, 
            "is_open": true, 
            "examiners": []
        }
    }, 
    {
        "pk": 63, 
        "model": "core.assignmentgroup", 
        "fields": {
            "status": 0, 
            "is_passing_grade": true, 
            "name": null, 
            "parentnode": 15, 
            "scaled_points": 0.0, 
            "points": 0, 
            "is_open": true, 
            "examiners": []
        }
    }, 
    {
        "pk": 64, 
        "model": "core.assignmentgroup", 
        "fields": {
            "status": 0, 
            "is_passing_grade": true, 
            "name": null, 
            "parentnode": 15, 
            "scaled_points": 0.0, 
            "points": 0, 
            "is_open": true, 
            "examiners": []
        }
    }, 
    {
        "pk": 65, 
        "model": "core.assignmentgroup", 
        "fields": {
            "status": 0, 
            "is_passing_grade": true, 
            "name": null, 
            "parentnode": 15, 
            "scaled_points": 0.0, 
            "points": 0, 
            "is_open": true, 
            "examiners": []
        }
    }, 
    {
        "pk": 66, 
        "model": "core.assignmentgroup", 
        "fields": {
            "status": 0, 
            "is_passing_grade": true, 
            "name": "", 
            "parentnode": 25, 
            "scaled_points": 0.0, 
            "points": 0, 
            "is_open": true, 
            "examiners": [
                13
            ]
        }
    }, 
    {
        "pk": 67, 
        "model": "core.assignmentgroup", 
        "fields": {
            "status": 0, 
            "is_passing_grade": true, 
            "name": "", 
            "parentnode": 25, 
            "scaled_points": 0.0, 
            "points": 0, 
            "is_open": true, 
            "examiners": [
                6
            ]
        }
    }, 
    {
        "pk": 68, 
        "model": "core.assignmentgroup", 
        "fields": {
            "status": 0, 
            "is_passing_grade": true, 
            "name": "", 
            "parentnode": 25, 
            "scaled_points": 0.0, 
            "points": 0, 
            "is_open": true, 
            "examiners": [
                12
            ]
        }
    }, 
    {
        "pk": 69, 
        "model": "core.assignmentgroup", 
        "fields": {
            "status": 0, 
            "is_passing_grade": true, 
            "name": "", 
            "parentnode": 25, 
            "scaled_points": 0.0, 
            "points": 0, 
            "is_open": true, 
            "examiners": [
                12
            ]
        }
    }, 
    {
        "pk": 70, 
        "model": "core.assignmentgroup", 
        "fields": {
            "status": 0, 
            "is_passing_grade": true, 
            "name": "", 
            "parentnode": 25, 
            "scaled_points": 0.0, 
            "points": 0, 
            "is_open": true, 
            "examiners": [
                12, 
                13
            ]
        }
    }, 
    {
        "pk": 71, 
        "model": "core.assignmentgroup", 
        "fields": {
            "status": 3, 
            "is_passing_grade": true, 
            "name": "", 
            "parentnode": 25, 
            "scaled_points": 4.0, 
            "points": 4, 
            "is_open": true, 
            "examiners": [
                13
            ]
        }
    }, 
    {
        "pk": 72, 
        "model": "core.assignmentgroup", 
        "fields": {
            "status": 0, 
            "is_passing_grade": true, 
            "name": "", 
            "parentnode": 4, 
            "scaled_points": 0.0, 
            "points": 0, 
            "is_open": true, 
            "examiners": [
                13
            ]
        }
    }, 
    {
        "pk": 73, 
        "model": "core.assignmentgroup", 
        "fields": {
            "status": 0, 
            "is_passing_grade": true, 
            "name": "", 
            "parentnode": 4, 
            "scaled_points": 0.0, 
            "points": 0, 
            "is_open": true, 
            "examiners": [
                6
            ]
        }
    }, 
    {
        "pk": 74, 
        "model": "core.assignmentgroup", 
        "fields": {
            "status": 0, 
            "is_passing_grade": true, 
            "name": "", 
            "parentnode": 4, 
            "scaled_points": 0.0, 
            "points": 0, 
            "is_open": true, 
            "examiners": [
                12
            ]
        }
    }, 
    {
        "pk": 75, 
        "model": "core.assignmentgroup", 
        "fields": {
            "status": 0, 
            "is_passing_grade": true, 
            "name": "", 
            "parentnode": 4, 
            "scaled_points": 0.0, 
            "points": 0, 
            "is_open": true, 
            "examiners": [
                12
            ]
        }
    }, 
    {
        "pk": 76, 
        "model": "core.assignmentgroup", 
        "fields": {
            "status": 0, 
            "is_passing_grade": true, 
            "name": "", 
            "parentnode": 4, 
            "scaled_points": 0.0, 
            "points": 0, 
            "is_open": true, 
            "examiners": [
                12, 
                13
            ]
        }
    }, 
    {
        "pk": 77, 
        "model": "core.assignmentgroup", 
        "fields": {
            "status": 3, 
            "is_passing_grade": true, 
            "name": "", 
            "parentnode": 4, 
            "scaled_points": 30.0, 
            "points": 1, 
            "is_open": true, 
            "examiners": [
                13
            ]
        }
    }, 
    {
        "pk": 78, 
        "model": "core.assignmentgroup", 
        "fields": {
            "status": 0, 
            "is_passing_grade": true, 
            "name": "", 
            "parentnode": 5, 
            "scaled_points": 0.0, 
            "points": 0, 
            "is_open": true, 
            "examiners": [
                13
            ]
        }
    }, 
    {
        "pk": 79, 
        "model": "core.assignmentgroup", 
        "fields": {
            "status": 0, 
            "is_passing_grade": true, 
            "name": "", 
            "parentnode": 5, 
            "scaled_points": 0.0, 
            "points": 0, 
            "is_open": true, 
            "examiners": [
                6
            ]
        }
    }, 
    {
        "pk": 80, 
        "model": "core.assignmentgroup", 
        "fields": {
            "status": 0, 
            "is_passing_grade": true, 
            "name": "", 
            "parentnode": 5, 
            "scaled_points": 0.0, 
            "points": 0, 
            "is_open": true, 
            "examiners": [
                12
            ]
        }
    }, 
    {
        "pk": 81, 
        "model": "core.assignmentgroup", 
        "fields": {
            "status": 0, 
            "is_passing_grade": true, 
            "name": "", 
            "parentnode": 5, 
            "scaled_points": 0.0, 
            "points": 0, 
            "is_open": true, 
            "examiners": [
                12
            ]
        }
    }, 
    {
        "pk": 82, 
        "model": "core.assignmentgroup", 
        "fields": {
            "status": 0, 
            "is_passing_grade": true, 
            "name": "", 
            "parentnode": 5, 
            "scaled_points": 0.0, 
            "points": 0, 
            "is_open": true, 
            "examiners": [
                12, 
                13
            ]
        }
    }, 
    {
        "pk": 83, 
        "model": "core.assignmentgroup", 
        "fields": {
            "status": 3, 
            "is_passing_grade": true, 
            "name": "", 
            "parentnode": 5, 
            "scaled_points": 1.0, 
            "points": 1, 
            "is_open": true, 
            "examiners": [
                13
            ]
        }
    }, 
    {
        "pk": 84, 
        "model": "core.assignmentgroup", 
        "fields": {
            "status": 0, 
            "is_passing_grade": true, 
            "name": "", 
            "parentnode": 26, 
            "scaled_points": 0.0, 
            "points": 0, 
            "is_open": true, 
            "examiners": [
                13
            ]
        }
    }, 
    {
        "pk": 85, 
        "model": "core.assignmentgroup", 
        "fields": {
            "status": 0, 
            "is_passing_grade": true, 
            "name": "", 
            "parentnode": 26, 
            "scaled_points": 0.0, 
            "points": 0, 
            "is_open": true, 
            "examiners": [
                6
            ]
        }
    }, 
    {
        "pk": 86, 
        "model": "core.assignmentgroup", 
        "fields": {
            "status": 0, 
            "is_passing_grade": true, 
            "name": "", 
            "parentnode": 26, 
            "scaled_points": 0.0, 
            "points": 0, 
            "is_open": true, 
            "examiners": [
                12
            ]
        }
    }, 
    {
        "pk": 87, 
        "model": "core.assignmentgroup", 
        "fields": {
            "status": 0, 
            "is_passing_grade": true, 
            "name": "", 
            "parentnode": 26, 
            "scaled_points": 0.0, 
            "points": 0, 
            "is_open": true, 
            "examiners": [
                12
            ]
        }
    }, 
    {
        "pk": 88, 
        "model": "core.assignmentgroup", 
        "fields": {
            "status": 0, 
            "is_passing_grade": true, 
            "name": "", 
            "parentnode": 26, 
            "scaled_points": 0.0, 
            "points": 0, 
            "is_open": true, 
            "examiners": [
                12, 
                13
            ]
        }
    }, 
    {
        "pk": 89, 
        "model": "core.assignmentgroup", 
        "fields": {
            "status": 3, 
            "is_passing_grade": true, 
            "name": "", 
            "parentnode": 26, 
            "scaled_points": 3.0, 
            "points": 3, 
            "is_open": true, 
            "examiners": [
                13
            ]
        }
    }, 
    {
        "pk": 5, 
        "model": "core.deadline", 
        "fields": {
            "text": "", 
            "deadline": "2010-08-28 12:00:00", 
            "assignment_group": 8
        }
    }, 
    {
        "pk": 6, 
        "model": "core.deadline", 
        "fields": {
            "text": "", 
            "deadline": "2010-08-28 12:00:00", 
            "assignment_group": 7
        }
    }, 
    {
        "pk": 7, 
        "model": "core.deadline", 
        "fields": {
            "text": "", 
            "deadline": "2010-08-28 12:00:00", 
            "assignment_group": 4
        }
    }, 
    {
        "pk": 8, 
        "model": "core.deadline", 
        "fields": {
            "text": "", 
            "deadline": "2010-08-28 12:00:00", 
            "assignment_group": 3
        }
    }, 
    {
        "pk": 9, 
        "model": "core.deadline", 
        "fields": {
            "text": "", 
            "deadline": "2010-08-28 12:00:00", 
            "assignment_group": 6
        }
    }, 
    {
        "pk": 10, 
        "model": "core.deadline", 
        "fields": {
            "text": "", 
            "deadline": "2010-08-28 12:00:00", 
            "assignment_group": 5
        }
    }, 
    {
        "pk": 11, 
        "model": "core.deadline", 
        "fields": {
            "text": "", 
            "deadline": "2010-08-18 14:00:00", 
            "assignment_group": 11
        }
    }, 
    {
        "pk": 12, 
        "model": "core.deadline", 
        "fields": {
            "text": "", 
            "deadline": "2010-08-18 14:00:00", 
            "assignment_group": 10
        }
    }, 
    {
        "pk": 4, 
        "model": "core.deadline", 
        "fields": {
            "text": "", 
            "deadline": "2010-08-10 12:00:00", 
            "assignment_group": 7
        }
    }, 
    {
        "pk": 1, 
        "model": "core.deadline", 
        "fields": {
            "text": "First try", 
            "deadline": "2010-08-08 16:00:00", 
            "assignment_group": 1
        }
    }, 
    {
        "pk": 2, 
        "model": "core.deadline", 
        "fields": {
            "text": "", 
            "deadline": "2010-08-08 16:00:00", 
            "assignment_group": 2
        }
    }, 
    {
        "pk": 3, 
        "model": "core.deadline", 
        "fields": {
            "text": "", 
            "deadline": "2010-08-07 22:00:00", 
            "assignment_group": 7
        }
    }, 
    {
        "pk": 20, 
        "model": "core.delivery", 
        "fields": {
            "delivered_by": 16, 
            "successful": true, 
            "time_of_delivery": "2010-10-19 02:15:33", 
            "number": 1, 
            "assignment_group": 89
        }
    }, 
    {
        "pk": 19, 
        "model": "core.delivery", 
        "fields": {
            "delivered_by": 16, 
            "successful": true, 
            "time_of_delivery": "2010-10-19 02:12:44", 
            "number": 1, 
            "assignment_group": 83
        }
    }, 
    {
        "pk": 18, 
        "model": "core.delivery", 
        "fields": {
            "delivered_by": 16, 
            "successful": true, 
            "time_of_delivery": "2010-10-19 02:12:31", 
            "number": 1, 
            "assignment_group": 77
        }
    }, 
    {
        "pk": 17, 
        "model": "core.delivery", 
        "fields": {
            "delivered_by": 16, 
            "successful": true, 
            "time_of_delivery": "2010-10-16 17:27:21", 
            "number": 1, 
            "assignment_group": 71
        }
    }, 
    {
        "pk": 16, 
        "model": "core.delivery", 
        "fields": {
            "delivered_by": 15, 
            "successful": true, 
            "time_of_delivery": "2010-08-10 15:19:37", 
            "number": 8, 
            "assignment_group": 7
        }
    }, 
    {
        "pk": 15, 
        "model": "core.delivery", 
        "fields": {
            "delivered_by": 15, 
            "successful": true, 
            "time_of_delivery": "2010-08-10 12:00:00", 
            "number": 7, 
            "assignment_group": 7
        }
    }, 
    {
        "pk": 14, 
        "model": "core.delivery", 
        "fields": {
            "delivered_by": 15, 
            "successful": true, 
            "time_of_delivery": "2010-08-10 11:59:59", 
            "number": 6, 
            "assignment_group": 7
        }
    }, 
    {
        "pk": 13, 
        "model": "core.delivery", 
        "fields": {
            "delivered_by": 15, 
            "successful": true, 
            "time_of_delivery": "2010-08-10 11:00:00", 
            "number": 5, 
            "assignment_group": 7
        }
    }, 
    {
        "pk": 12, 
        "model": "core.delivery", 
        "fields": {
            "delivered_by": 15, 
            "successful": true, 
            "time_of_delivery": "2010-08-10 10:00:00", 
            "number": 4, 
            "assignment_group": 7
        }
    }, 
    {
        "pk": 11, 
        "model": "core.delivery", 
        "fields": {
            "delivered_by": 15, 
            "successful": true, 
            "time_of_delivery": "2010-08-09 05:22:02", 
            "number": 3, 
            "assignment_group": 7
        }
    }, 
    {
        "pk": 8, 
        "model": "core.delivery", 
        "fields": {
            "delivered_by": 16, 
            "successful": true, 
            "time_of_delivery": "2010-08-09 05:21:20", 
            "number": 2, 
            "assignment_group": 8
        }
    }, 
    {
        "pk": 7, 
        "model": "core.delivery", 
        "fields": {
            "delivered_by": 16, 
            "successful": true, 
            "time_of_delivery": "2010-08-09 05:20:50", 
            "number": 1, 
            "assignment_group": 8
        }
    }, 
    {
        "pk": 10, 
        "model": "core.delivery", 
        "fields": {
            "delivered_by": 15, 
            "successful": true, 
            "time_of_delivery": "2010-08-07 05:21:54", 
            "number": 2, 
            "assignment_group": 7
        }
    }, 
    {
        "pk": 9, 
        "model": "core.delivery", 
        "fields": {
            "delivered_by": 15, 
            "successful": true, 
            "time_of_delivery": "2010-08-07 05:21:33", 
            "number": 1, 
            "assignment_group": 7
        }
    }, 
    {
        "pk": 6, 
        "model": "core.delivery", 
        "fields": {
            "delivered_by": 2, 
            "successful": true, 
            "time_of_delivery": "2010-08-06 21:46:31", 
            "number": 1, 
            "assignment_group": 9
        }
    }, 
    {
        "pk": 5, 
        "model": "core.delivery", 
        "fields": {
            "delivered_by": 14, 
            "successful": true, 
            "time_of_delivery": "2010-08-05 18:26:50", 
            "number": 1, 
            "assignment_group": 2
        }
    }, 
    {
        "pk": 4, 
        "model": "core.delivery", 
        "fields": {
            "delivered_by": 14, 
            "successful": true, 
            "time_of_delivery": "2010-08-05 18:26:40", 
            "number": 1, 
            "assignment_group": 6
        }
    }, 
    {
        "pk": 3, 
        "model": "core.delivery", 
        "fields": {
            "delivered_by": 2, 
            "successful": true, 
            "time_of_delivery": "2010-08-05 18:26:15", 
            "number": 1, 
            "assignment_group": 3
        }
    }, 
    {
        "pk": 2, 
        "model": "core.delivery", 
        "fields": {
            "delivered_by": 2, 
            "successful": true, 
            "time_of_delivery": "2010-08-05 18:15:07", 
            "number": 2, 
            "assignment_group": 1
        }
    }, 
    {
        "pk": 1, 
        "model": "core.delivery", 
        "fields": {
            "delivered_by": 2, 
            "successful": true, 
            "time_of_delivery": "2010-08-05 18:14:03", 
            "number": 1, 
            "assignment_group": 1
        }
    }, 
    {
        "pk": 1, 
        "model": "core.feedback", 
        "fields": {
            "format": "rst", 
            "text": "", 
            "last_modified_by": 13, 
            "delivery": 2, 
            "last_modified": "2010-08-25 22:28:37", 
            "object_id": 4, 
            "content_type": 5, 
            "published": false
        }
    }, 
    {
        "pk": 2, 
        "model": "core.feedback", 
        "fields": {
            "format": "rst", 
            "text": "Not lazy at all!", 
            "last_modified_by": 12, 
            "delivery": 4, 
            "last_modified": "2010-08-05 18:27:33", 
            "object_id": 2, 
            "content_type": 11, 
            "published": false
        }
    }, 
    {
        "pk": 3, 
        "model": "core.feedback", 
        "fields": {
            "format": "rst", 
            "text": "You are lazy young man", 
            "last_modified_by": 13, 
            "delivery": 3, 
            "last_modified": "2010-08-05 18:28:13", 
            "object_id": 3, 
            "content_type": 11, 
            "published": false
        }
    }, 
    {
        "pk": 4, 
        "model": "core.feedback", 
        "fields": {
            "format": "rst", 
            "text": "", 
            "last_modified_by": 13, 
            "delivery": 6, 
            "last_modified": "2010-08-06 21:47:16", 
            "object_id": 5, 
            "content_type": 4, 
            "published": false
        }
    }, 
    {
        "pk": 5, 
        "model": "core.feedback", 
        "fields": {
            "format": "rst", 
            "text": "Bad work!", 
            "last_modified_by": 13, 
            "delivery": 9, 
            "last_modified": "2010-08-10 15:37:06", 
            "object_id": 6, 
            "content_type": 11, 
            "published": false
        }
    }, 
    {
        "pk": 6, 
        "model": "core.feedback", 
        "fields": {
            "format": "rst", 
            "text": "Still not good enough!", 
            "last_modified_by": 13, 
            "delivery": 14, 
            "last_modified": "2010-08-10 15:31:50", 
            "object_id": 7, 
            "content_type": 11, 
            "published": true
        }
    }, 
    {
        "pk": 7, 
        "model": "core.feedback", 
        "fields": {
            "format": "rst", 
            "text": "Ok i will pass you, but you have to do better on the next assignment.", 
            "last_modified_by": 1, 
            "delivery": 16, 
            "last_modified": "2010-10-26 21:22:22", 
            "object_id": 8, 
            "content_type": 11, 
            "published": true
        }
    }, 
    {
        "pk": 8, 
        "model": "core.feedback", 
        "fields": {
            "format": "rst", 
            "text": "Hello world", 
            "last_modified_by": 1, 
            "delivery": 8, 
            "last_modified": "2010-10-21 02:46:25", 
            "object_id": 9, 
            "content_type": 11, 
            "published": true
        }
    }, 
    {
        "pk": 9, 
        "model": "core.feedback", 
        "fields": {
            "format": "rst", 
            "text": "", 
            "last_modified_by": 1, 
            "delivery": 17, 
            "last_modified": "2010-10-16 17:50:03", 
            "object_id": 10, 
            "content_type": 11, 
            "published": true
        }
    }, 
    {
        "pk": 10, 
        "model": "core.feedback", 
        "fields": {
            "format": "rst", 
            "text": "", 
            "last_modified_by": 1, 
            "delivery": 18, 
            "last_modified": "2010-10-21 04:01:34", 
            "object_id": 11, 
            "content_type": 4, 
            "published": true
        }
    }, 
    {
        "pk": 11, 
        "model": "core.feedback", 
        "fields": {
            "format": "rst", 
            "text": "", 
            "last_modified_by": 1, 
            "delivery": 19, 
            "last_modified": "2010-10-21 02:18:55", 
            "object_id": 12, 
            "content_type": 4, 
            "published": true
        }
    }, 
    {
        "pk": 12, 
        "model": "core.feedback", 
        "fields": {
            "format": "rst", 
            "text": "", 
            "last_modified_by": 1, 
            "delivery": 20, 
            "last_modified": "2010-10-19 02:17:02", 
            "object_id": 13, 
            "content_type": 11, 
            "published": true
        }
    }, 
    {
        "pk": 6, 
        "model": "core.filemeta", 
        "fields": {
            "delivery": 6, 
            "size": 12, 
            "filename": "hello.txt"
        }
    }, 
    {
        "pk": 7, 
        "model": "core.filemeta", 
        "fields": {
            "delivery": 7, 
            "size": 12, 
            "filename": "hello.txt"
        }
    }, 
    {
        "pk": 9, 
        "model": "core.filemeta", 
        "fields": {
            "delivery": 9, 
            "size": 12, 
            "filename": "hello.txt"
        }
    }, 
    {
        "pk": 10, 
        "model": "core.filemeta", 
        "fields": {
            "delivery": 10, 
            "size": 12, 
            "filename": "hello.txt"
        }
    }, 
    {
        "pk": 12, 
        "model": "core.filemeta", 
        "fields": {
            "delivery": 11, 
            "size": 12, 
            "filename": "hello.txt"
        }
    }, 
    {
        "pk": 14, 
        "model": "core.filemeta", 
        "fields": {
            "delivery": 12, 
            "size": 12, 
            "filename": "hello.txt"
        }
    }, 
    {
        "pk": 16, 
        "model": "core.filemeta", 
        "fields": {
            "delivery": 14, 
            "size": 12, 
            "filename": "hello.txt"
        }
    }, 
    {
        "pk": 19, 
        "model": "core.filemeta", 
        "fields": {
            "delivery": 15, 
            "size": 12, 
            "filename": "hello.txt"
        }
    }, 
    {
        "pk": 21, 
        "model": "core.filemeta", 
        "fields": {
            "delivery": 17, 
            "size": 12, 
            "filename": "hello.txt"
        }
    }, 
    {
        "pk": 8, 
        "model": "core.filemeta", 
        "fields": {
            "delivery": 8, 
            "size": 15, 
            "filename": "hello2.txt"
        }
    }, 
    {
        "pk": 11, 
        "model": "core.filemeta", 
        "fields": {
            "delivery": 10, 
            "size": 15, 
            "filename": "hello2.txt"
        }
    }, 
    {
        "pk": 13, 
        "model": "core.filemeta", 
        "fields": {
            "delivery": 11, 
            "size": 15, 
            "filename": "hello2.txt"
        }
    }, 
    {
        "pk": 15, 
        "model": "core.filemeta", 
        "fields": {
            "delivery": 13, 
            "size": 15, 
            "filename": "hello2.txt"
        }
    }, 
    {
        "pk": 17, 
        "model": "core.filemeta", 
        "fields": {
            "delivery": 14, 
            "size": 15, 
            "filename": "hello2.txt"
        }
    }, 
    {
        "pk": 18, 
        "model": "core.filemeta", 
        "fields": {
            "delivery": 15, 
            "size": 15, 
            "filename": "hello2.txt"
        }
    }, 
    {
        "pk": 20, 
        "model": "core.filemeta", 
        "fields": {
            "delivery": 16, 
            "size": 15, 
            "filename": "hello2.txt"
        }
    }, 
    {
        "pk": 22, 
        "model": "core.filemeta", 
        "fields": {
            "delivery": 18, 
            "size": 15, 
            "filename": "nothing.txt"
        }
    }, 
    {
        "pk": 23, 
        "model": "core.filemeta", 
        "fields": {
            "delivery": 19, 
            "size": 15, 
            "filename": "nothing.txt"
        }
    }, 
    {
        "pk": 24, 
        "model": "core.filemeta", 
        "fields": {
            "delivery": 20, 
            "size": 15, 
            "filename": "nothing.txt"
        }
    }, 
    {
        "pk": 1, 
        "model": "core.filemeta", 
        "fields": {
            "delivery": 1, 
            "size": 13, 
            "filename": "test.txt"
        }
    }, 
    {
        "pk": 2, 
        "model": "core.filemeta", 
        "fields": {
            "delivery": 2, 
            "size": 13, 
            "filename": "test.txt"
        }
    }, 
    {
        "pk": 3, 
        "model": "core.filemeta", 
        "fields": {
            "delivery": 3, 
            "size": 13, 
            "filename": "test.txt"
        }
    }, 
    {
        "pk": 4, 
        "model": "core.filemeta", 
        "fields": {
            "delivery": 4, 
            "size": 13, 
            "filename": "test.txt"
        }
    }, 
    {
        "pk": 5, 
        "model": "core.filemeta", 
        "fields": {
            "delivery": 5, 
            "size": 13, 
            "filename": "test.txt"
        }
    }
]