[
    {
        "pk": 1, 
        "model": "core.grademodel", 
        "fields": {}
    }, 
    {
        "pk": 2, 
        "model": "core.grademodel", 
        "fields": {}
    }, 
    {
        "pk": 3, 
        "model": "core.grademodel", 
        "fields": {}
    }, 
    {
        "pk": 4, 
        "model": "core.grademodel", 
        "fields": {}
    }, 
    {
        "pk": 5, 
        "model": "core.grademodel", 
        "fields": {}
    }, 
    {
        "pk": 6, 
        "model": "core.grademodel", 
        "fields": {}
    }, 
    {
        "pk": 7, 
        "model": "core.grademodel", 
        "fields": {}
    }, 
    {
        "pk": 8, 
        "model": "core.grademodel", 
        "fields": {}
    }, 
    {
        "pk": 1, 
        "model": "core.node", 
        "fields": {
            "long_name": "Duckburg", 
            "admins": [], 
            "parentnode": null, 
            "short_name": "duckburg"
        }
    }, 
    {
        "pk": 2, 
        "model": "core.node", 
        "fields": {
            "long_name": "Duckburgh Highschool", 
            "admins": [], 
            "parentnode": 1, 
            "short_name": "high"
        }
    }, 
    {
        "pk": 3, 
        "model": "core.node", 
        "fields": {
            "long_name": "Duckburgh Junior", 
            "admins": [], 
            "parentnode": 1, 
            "short_name": "junior"
        }
    }, 
    {
        "pk": 4, 
        "model": "core.node", 
        "fields": {
            "long_name": "Duckburgh Preschool", 
            "admins": [], 
            "parentnode": 1, 
            "short_name": "pre"
        }
    }, 
    {
        "pk": 5, 
        "model": "core.node", 
        "fields": {
            "long_name": "Duckburgh College", 
            "admins": [], 
            "parentnode": 1, 
            "short_name": "college"
        }
    }, 
    {
        "pk": 1, 
        "model": "core.subject", 
        "fields": {
            "long_name": "How to get away with beeing lazy", 
            "admins": [
                9
            ], 
            "parentnode": 5, 
            "short_name": "lazy101"
        }
    }, 
    {
        "pk": 2, 
        "model": "core.subject", 
        "fields": {
            "long_name": "Introduction to making money and beeing greedy", 
            "admins": [
                10
            ], 
            "parentnode": 5, 
            "short_name": "money101"
        }
    }, 
    {
        "pk": 3, 
        "model": "core.subject", 
        "fields": {
            "long_name": "More methods for lazy people", 
            "admins": [
                5, 
                9
            ], 
            "parentnode": 5, 
            "short_name": "lazy202"
        }
    }, 
    {
        "pk": 4, 
        "model": "core.subject", 
        "fields": {
            "long_name": "Advanced methods for lazy people", 
            "admins": [
                5
            ], 
            "parentnode": 5, 
            "short_name": "lazy303"
        }
    }, 
    {
        "pk": 5, 
        "model": "core.subject", 
        "fields": {
            "long_name": "Making laziness into an art", 
            "admins": [
                9
            ], 
            "parentnode": 5, 
            "short_name": "lazy404"
        }
    }, 
    {
        "pk": 6, 
        "model": "core.subject", 
        "fields": {
            "long_name": "Advanced Greed", 
            "admins": [
                10
            ], 
            "parentnode": 5, 
            "short_name": "money203"
        }
    }, 
    {
        "pk": 7, 
        "model": "core.subject", 
        "fields": {
            "long_name": "Making money", 
            "admins": [
                10
            ], 
            "parentnode": 5, 
            "short_name": "money303"
        }
    }, 
    {
        "pk": 8, 
        "model": "core.subject", 
        "fields": {
            "long_name": "Investing money", 
            "admins": [
                10
            ], 
            "parentnode": 5, 
            "short_name": "money404"
        }
    }, 
    {
        "pk": 9, 
        "model": "core.subject", 
        "fields": {
            "long_name": "Mastering not using money", 
            "admins": [
                10
            ], 
            "parentnode": 5, 
            "short_name": "money505"
        }
    }, 
    {
        "pk": 1, 
        "model": "core.period", 
        "fields": {
            "short_name": "from2010", 
            "start_time": "2010-08-01 12:00:00", 
            "parentnode": 1, 
            "long_name": "From 2010 to 2210", 
            "admins": [], 
            "end_time": "2210-08-01 12:00:00"
        }
    }, 
    {
        "pk": 2, 
        "model": "core.period", 
        "fields": {
            "short_name": "from2010", 
            "start_time": "2010-08-03 12:00:00", 
            "parentnode": 2, 
            "long_name": "From 2010 to 2210", 
            "admins": [], 
            "end_time": "2210-08-10 12:00:00"
        }
    }, 
    {
        "pk": 3, 
        "model": "core.period", 
        "fields": {
            "short_name": "spring08", 
            "start_time": "2008-01-01 00:00:00", 
            "parentnode": 1, 
            "long_name": "String 2008", 
            "admins": [], 
            "end_time": "2010-06-15 00:00:00"
        }
    }, 
    {
        "pk": 4, 
        "model": "core.period", 
        "fields": {
            "short_name": "spring08", 
            "start_time": "2008-01-01 00:00:00", 
            "parentnode": 2, 
            "long_name": "Spring 2008", 
            "admins": [], 
            "end_time": "2010-06-15 00:00:00"
        }
    }, 
    {
        "pk": 5, 
        "model": "core.period", 
        "fields": {
            "short_name": "fall07", 
            "start_time": "2007-08-01 00:00:00", 
            "parentnode": 1, 
            "long_name": "Fall 2007", 
            "admins": [], 
            "end_time": "2007-11-29 00:00:00"
        }
    }, 
    {
        "pk": 6, 
        "model": "core.period", 
        "fields": {
            "short_name": "spring07", 
            "start_time": "2007-01-01 12:00:00", 
            "parentnode": 1, 
            "long_name": "Spring 2007", 
            "admins": [], 
            "end_time": "2007-06-16 16:00:00"
        }
    }, 
    {
        "pk": 7, 
        "model": "core.period", 
        "fields": {
            "short_name": "fall08", 
            "start_time": "2008-08-19 14:00:00", 
            "parentnode": 1, 
            "long_name": "Fall 2008", 
            "admins": [], 
            "end_time": "2008-11-19 16:00:00"
        }
    }, 
    {
        "pk": 8, 
        "model": "core.period", 
        "fields": {
            "short_name": "spring209", 
            "start_time": "2009-01-17 12:00:00", 
            "parentnode": 1, 
            "long_name": "Spring 2009", 
            "admins": [], 
            "end_time": "2009-06-20 16:00:00"
        }
    }, 
    {
        "pk": 9, 
        "model": "core.period", 
        "fields": {
            "short_name": "fall2009", 
            "start_time": "2009-09-01 10:00:00", 
            "parentnode": 1, 
            "long_name": "Fall 2009", 
            "admins": [], 
            "end_time": "2009-12-14 12:00:00"
        }
    }, 
    {
        "pk": 1, 
        "model": "core.assignment", 
        "fields": {
            "grade_plugin": "grade_approved:approvedgrade", 
            "short_name": "greed", 
            "publishing_time": "2010-08-05 10:00:00", 
            "parentnode": 2, 
            "filenames": null, 
            "long_name": "Learning greed through case studies", 
            "admins": [], 
            "anonymous": false
        }
    }, 
    {
        "pk": 2, 
        "model": "core.assignment", 
        "fields": {
            "grade_plugin": "grade_default:charfieldgrade", 
            "short_name": "money", 
            "publishing_time": "2010-08-05 08:00:00", 
            "parentnode": 2, 
            "filenames": null, 
            "long_name": "Money making basics", 
            "admins": [], 
            "anonymous": false
        }
    }, 
    {
        "pk": 3, 
        "model": "core.assignment", 
        "fields": {
            "grade_plugin": "grade_rstschema:rstschemagrade", 
            "short_name": "avoiding-work", 
            "publishing_time": "2010-08-05 08:00:00", 
            "parentnode": 1, 
            "filenames": null, 
            "long_name": "Effective habits for lazy people", 
            "admins": [], 
            "anonymous": false
        }
    }, 
    {
        "pk": 4, 
        "model": "core.assignment", 
        "fields": {
            "grade_plugin": "grade_approved:approvedgrade", 
            "short_name": "sleeping1", 
            "publishing_time": "2010-08-06 08:00:00", 
            "parentnode": 1, 
            "filenames": null, 
            "long_name": "Locating good sleeping areas", 
            "admins": [], 
            "anonymous": false
        }
    }, 
    {
        "pk": 5, 
        "model": "core.assignment", 
        "fields": {
            "grade_plugin": "grade_approved:approvedgrade", 
            "short_name": "sleeping2", 
            "publishing_time": "2010-08-06 16:00:00", 
            "parentnode": 1, 
            "filenames": null, 
            "long_name": "Look like you are working while  sleeping", 
            "admins": [], 
            "anonymous": false
        }
    }, 
    {
        "pk": 1, 
        "model": "core.candidate", 
        "fields": {
            "candidate_id": "", 
            "student": 2, 
            "assignment_group": 1
        }
    }, 
    {
        "pk": 2, 
        "model": "core.candidate", 
        "fields": {
            "candidate_id": "", 
            "student": 3, 
            "assignment_group": 1
        }
    }, 
    {
        "pk": 3, 
        "model": "core.candidate", 
        "fields": {
            "candidate_id": "", 
            "student": 4, 
            "assignment_group": 1
        }
    }, 
    {
        "pk": 4, 
        "model": "core.candidate", 
        "fields": {
            "candidate_id": "", 
            "student": 14, 
            "assignment_group": 2
        }
    }, 
    {
        "pk": 5, 
        "model": "core.candidate", 
        "fields": {
            "candidate_id": "", 
            "student": 15, 
            "assignment_group": 2
        }
    }, 
    {
        "pk": 6, 
        "model": "core.candidate", 
        "fields": {
            "candidate_id": "", 
            "student": 16, 
            "assignment_group": 2
        }
    }, 
    {
        "pk": 7, 
        "model": "core.candidate", 
        "fields": {
            "candidate_id": null, 
            "student": 2, 
            "assignment_group": 3
        }
    }, 
    {
        "pk": 8, 
        "model": "core.candidate", 
        "fields": {
            "candidate_id": null, 
            "student": 3, 
            "assignment_group": 4
        }
    }, 
    {
        "pk": 9, 
        "model": "core.candidate", 
        "fields": {
            "candidate_id": null, 
            "student": 4, 
            "assignment_group": 5
        }
    }, 
    {
        "pk": 10, 
        "model": "core.candidate", 
        "fields": {
            "candidate_id": null, 
            "student": 14, 
            "assignment_group": 6
        }
    }, 
    {
        "pk": 11, 
        "model": "core.candidate", 
        "fields": {
            "candidate_id": null, 
            "student": 15, 
            "assignment_group": 7
        }
    }, 
    {
        "pk": 12, 
        "model": "core.candidate", 
        "fields": {
            "candidate_id": null, 
            "student": 16, 
            "assignment_group": 8
        }
    }, 
    {
        "pk": 13, 
        "model": "core.candidate", 
        "fields": {
            "candidate_id": "", 
            "student": 2, 
            "assignment_group": 9
        }
    }, 
    {
        "pk": 1, 
        "model": "core.assignmentgroup", 
        "fields": {
            "is_open": true, 
            "name": "The boys", 
            "parentnode": 2, 
            "examiners": [
                13
            ]
        }
    }, 
    {
        "pk": 2, 
        "model": "core.assignmentgroup", 
        "fields": {
            "is_open": true, 
            "name": "The girls", 
            "parentnode": 2, 
            "examiners": [
                12
            ]
        }
    }, 
    {
        "pk": 3, 
        "model": "core.assignmentgroup", 
        "fields": {
            "is_open": true, 
            "name": "", 
            "parentnode": 3, 
            "examiners": [
                13
            ]
        }
    }, 
    {
        "pk": 4, 
        "model": "core.assignmentgroup", 
        "fields": {
            "is_open": true, 
            "name": "", 
            "parentnode": 3, 
            "examiners": [
                6
            ]
        }
    }, 
    {
        "pk": 5, 
        "model": "core.assignmentgroup", 
        "fields": {
            "is_open": true, 
            "name": "", 
            "parentnode": 3, 
            "examiners": [
                12
            ]
        }
    }, 
    {
        "pk": 6, 
        "model": "core.assignmentgroup", 
        "fields": {
            "is_open": true, 
            "name": "", 
            "parentnode": 3, 
            "examiners": [
                12
            ]
        }
    }, 
    {
        "pk": 7, 
        "model": "core.assignmentgroup", 
        "fields": {
            "is_open": true, 
            "name": "", 
            "parentnode": 3, 
            "examiners": [
                12, 
                13
            ]
        }
    }, 
    {
        "pk": 8, 
        "model": "core.assignmentgroup", 
        "fields": {
            "is_open": true, 
            "name": "", 
            "parentnode": 3, 
            "examiners": [
                13
            ]
        }
    }, 
    {
        "pk": 9, 
        "model": "core.assignmentgroup", 
        "fields": {
            "is_open": true, 
            "name": "", 
            "parentnode": 1, 
            "examiners": [
                13
            ]
        }
    }, 
    {
        "pk": 1, 
        "model": "core.deadline", 
        "fields": {
            "text": "First try", 
            "deadline": "2010-08-08 16:00:00", 
            "assignment_group": 1
        }
    }, 
    {
        "pk": 2, 
        "model": "core.deadline", 
        "fields": {
            "text": "", 
            "deadline": "2010-08-08 16:00:00", 
            "assignment_group": 2
        }
    }, 
    {
        "pk": 3, 
        "model": "core.deadline", 
        "fields": {
            "text": "", 
            "deadline": "2010-08-07 22:00:00", 
            "assignment_group": 7
        }
    }, 
    {
        "pk": 4, 
        "model": "core.deadline", 
        "fields": {
            "text": "", 
            "deadline": "2010-08-10 12:00:00", 
            "assignment_group": 7
        }
    }, 
    {
        "pk": 16, 
        "model": "core.delivery", 
        "fields": {
            "delivered_by": 15, 
            "successful": true, 
            "time_of_delivery": "2010-08-10 15:19:37", 
            "number": 8, 
            "assignment_group": 7
        }
    }, 
    {
        "pk": 15, 
        "model": "core.delivery", 
        "fields": {
            "delivered_by": 15, 
            "successful": true, 
            "time_of_delivery": "2010-08-10 12:00:00", 
            "number": 7, 
            "assignment_group": 7
        }
    }, 
    {
        "pk": 14, 
        "model": "core.delivery", 
        "fields": {
            "delivered_by": 15, 
            "successful": true, 
            "time_of_delivery": "2010-08-10 11:59:59", 
            "number": 6, 
            "assignment_group": 7
        }
    }, 
    {
        "pk": 13, 
        "model": "core.delivery", 
        "fields": {
            "delivered_by": 15, 
            "successful": true, 
            "time_of_delivery": "2010-08-10 11:00:00", 
            "number": 5, 
            "assignment_group": 7
        }
    }, 
    {
        "pk": 12, 
        "model": "core.delivery", 
        "fields": {
            "delivered_by": 15, 
            "successful": true, 
            "time_of_delivery": "2010-08-10 10:00:00", 
            "number": 4, 
            "assignment_group": 7
        }
    }, 
    {
        "pk": 11, 
        "model": "core.delivery", 
        "fields": {
            "delivered_by": 15, 
            "successful": true, 
            "time_of_delivery": "2010-08-09 05:22:02", 
            "number": 3, 
            "assignment_group": 7
        }
    }, 
    {
        "pk": 8, 
        "model": "core.delivery", 
        "fields": {
            "delivered_by": 16, 
            "successful": true, 
            "time_of_delivery": "2010-08-09 05:21:20", 
            "number": 2, 
            "assignment_group": 8
        }
    }, 
    {
        "pk": 7, 
        "model": "core.delivery", 
        "fields": {
            "delivered_by": 16, 
            "successful": true, 
            "time_of_delivery": "2010-08-09 05:20:50", 
            "number": 1, 
            "assignment_group": 8
        }
    }, 
    {
        "pk": 10, 
        "model": "core.delivery", 
        "fields": {
            "delivered_by": 15, 
            "successful": true, 
            "time_of_delivery": "2010-08-07 05:21:54", 
            "number": 2, 
            "assignment_group": 7
        }
    }, 
    {
        "pk": 9, 
        "model": "core.delivery", 
        "fields": {
            "delivered_by": 15, 
            "successful": true, 
            "time_of_delivery": "2010-08-07 05:21:33", 
            "number": 1, 
            "assignment_group": 7
        }
    }, 
    {
        "pk": 6, 
        "model": "core.delivery", 
        "fields": {
            "delivered_by": 2, 
            "successful": true, 
            "time_of_delivery": "2010-08-06 21:46:31", 
            "number": 1, 
            "assignment_group": 9
        }
    }, 
    {
        "pk": 5, 
        "model": "core.delivery", 
        "fields": {
            "delivered_by": 14, 
            "successful": true, 
            "time_of_delivery": "2010-08-05 18:26:50", 
            "number": 1, 
            "assignment_group": 2
        }
    }, 
    {
        "pk": 4, 
        "model": "core.delivery", 
        "fields": {
            "delivered_by": 14, 
            "successful": true, 
            "time_of_delivery": "2010-08-05 18:26:40", 
            "number": 1, 
            "assignment_group": 6
        }
    }, 
    {
        "pk": 3, 
        "model": "core.delivery", 
        "fields": {
            "delivered_by": 2, 
            "successful": true, 
            "time_of_delivery": "2010-08-05 18:26:15", 
            "number": 1, 
            "assignment_group": 3
        }
    }, 
    {
        "pk": 2, 
        "model": "core.delivery", 
        "fields": {
            "delivered_by": 2, 
            "successful": true, 
            "time_of_delivery": "2010-08-05 18:15:07", 
            "number": 2, 
            "assignment_group": 1
        }
    }, 
    {
        "pk": 1, 
        "model": "core.delivery", 
        "fields": {
            "delivered_by": 2, 
            "successful": true, 
            "time_of_delivery": "2010-08-05 18:14:03", 
            "number": 1, 
            "assignment_group": 1
        }
    }, 
    {
        "pk": 1, 
        "model": "core.feedback", 
        "fields": {
            "format": "rst", 
            "text": "", 
            "last_modified_by": 13, 
            "delivery": 2, 
            "last_modified": "2010-08-06 21:41:37", 
            "object_id": 4, 
            "content_type": 21, 
            "published": false
        }
    }, 
    {
        "pk": 2, 
        "model": "core.feedback", 
        "fields": {
            "format": "rst", 
            "text": "Not lazy at all!", 
            "last_modified_by": 12, 
            "delivery": 4, 
            "last_modified": "2010-08-05 18:27:33", 
            "object_id": 2, 
            "content_type": 27, 
            "published": false
        }
    }, 
    {
        "pk": 3, 
        "model": "core.feedback", 
        "fields": {
            "format": "rst", 
            "text": "You are lazy young man", 
            "last_modified_by": 13, 
            "delivery": 3, 
            "last_modified": "2010-08-05 18:28:13", 
            "object_id": 3, 
            "content_type": 27, 
            "published": false
        }
    }, 
    {
        "pk": 4, 
        "model": "core.feedback", 
        "fields": {
            "format": "rst", 
            "text": "", 
            "last_modified_by": 13, 
            "delivery": 6, 
            "last_modified": "2010-08-06 21:47:16", 
            "object_id": 5, 
            "content_type": 20, 
            "published": false
        }
    }, 
    {
        "pk": 5, 
        "model": "core.feedback", 
        "fields": {
            "format": "rst", 
            "text": "Bad work!", 
            "last_modified_by": 13, 
            "delivery": 9, 
            "last_modified": "2010-08-10 15:37:06", 
            "object_id": 6, 
            "content_type": 27, 
            "published": false
        }
    }, 
    {
        "pk": 6, 
        "model": "core.feedback", 
        "fields": {
            "format": "rst", 
            "text": "Still not good enough!", 
            "last_modified_by": 13, 
            "delivery": 14, 
            "last_modified": "2010-08-10 15:31:50", 
            "object_id": 7, 
            "content_type": 27, 
            "published": true
        }
    }, 
    {
        "pk": 7, 
        "model": "core.feedback", 
        "fields": {
            "format": "rst", 
            "text": "Ok i will pass you, but you have to do better on the next assignment.", 
            "last_modified_by": 13, 
            "delivery": 16, 
            "last_modified": "2010-08-10 15:25:19", 
            "object_id": 8, 
            "content_type": 27, 
            "published": true
        }
    }, 
    {
        "pk": 6, 
        "model": "core.filemeta", 
        "fields": {
            "delivery": 6, 
            "size": 12, 
            "filename": "hello.txt"
        }
    }, 
    {
        "pk": 7, 
        "model": "core.filemeta", 
        "fields": {
            "delivery": 7, 
            "size": 12, 
            "filename": "hello.txt"
        }
    }, 
    {
        "pk": 9, 
        "model": "core.filemeta", 
        "fields": {
            "delivery": 9, 
            "size": 12, 
            "filename": "hello.txt"
        }
    }, 
    {
        "pk": 10, 
        "model": "core.filemeta", 
        "fields": {
            "delivery": 10, 
            "size": 12, 
            "filename": "hello.txt"
        }
    }, 
    {
        "pk": 12, 
        "model": "core.filemeta", 
        "fields": {
            "delivery": 11, 
            "size": 12, 
            "filename": "hello.txt"
        }
    }, 
    {
        "pk": 14, 
        "model": "core.filemeta", 
        "fields": {
            "delivery": 12, 
            "size": 12, 
            "filename": "hello.txt"
        }
    }, 
    {
        "pk": 16, 
        "model": "core.filemeta", 
        "fields": {
            "delivery": 14, 
            "size": 12, 
            "filename": "hello.txt"
        }
    }, 
    {
        "pk": 19, 
        "model": "core.filemeta", 
        "fields": {
            "delivery": 15, 
            "size": 12, 
            "filename": "hello.txt"
        }
    }, 
    {
        "pk": 8, 
        "model": "core.filemeta", 
        "fields": {
            "delivery": 8, 
            "size": 15, 
            "filename": "hello2.txt"
        }
    }, 
    {
        "pk": 11, 
        "model": "core.filemeta", 
        "fields": {
            "delivery": 10, 
            "size": 15, 
            "filename": "hello2.txt"
        }
    }, 
    {
        "pk": 13, 
        "model": "core.filemeta", 
        "fields": {
            "delivery": 11, 
            "size": 15, 
            "filename": "hello2.txt"
        }
    }, 
    {
        "pk": 15, 
        "model": "core.filemeta", 
        "fields": {
            "delivery": 13, 
            "size": 15, 
            "filename": "hello2.txt"
        }
    }, 
    {
        "pk": 17, 
        "model": "core.filemeta", 
        "fields": {
            "delivery": 14, 
            "size": 15, 
            "filename": "hello2.txt"
        }
    }, 
    {
        "pk": 18, 
        "model": "core.filemeta", 
        "fields": {
            "delivery": 15, 
            "size": 15, 
            "filename": "hello2.txt"
        }
    }, 
    {
        "pk": 20, 
        "model": "core.filemeta", 
        "fields": {
            "delivery": 16, 
            "size": 15, 
            "filename": "hello2.txt"
        }
    }, 
    {
        "pk": 1, 
        "model": "core.filemeta", 
        "fields": {
            "delivery": 1, 
            "size": 13, 
            "filename": "test.txt"
        }
    }, 
    {
        "pk": 2, 
        "model": "core.filemeta", 
        "fields": {
            "delivery": 2, 
            "size": 13, 
            "filename": "test.txt"
        }
    }, 
    {
        "pk": 3, 
        "model": "core.filemeta", 
        "fields": {
            "delivery": 3, 
            "size": 13, 
            "filename": "test.txt"
        }
    }, 
    {
        "pk": 4, 
        "model": "core.filemeta", 
        "fields": {
            "delivery": 4, 
            "size": 13, 
            "filename": "test.txt"
        }
    }, 
    {
        "pk": 5, 
        "model": "core.filemeta", 
        "fields": {
            "delivery": 5, 
            "size": 13, 
            "filename": "test.txt"
        }
    }
]
